left_elbow_angle,right_elbow_angle,left_knee_angle,right_knee_angle,left_hip_angle,right_hip_angle,shoulder_angle,hip_angle,pose,frame
164.2653531804642,173.21689402798032,165.90521170879592,170.82813831671066,169.46716461397895,164.6175331156779,135.0164088861702,62.64559769649297,Bhujangasana,frame_0000.jpg
158.17913652422283,169.0540450498831,167.85443103686384,173.21351802592432,168.95551962273808,164.8042305828818,136.51162322683754,59.01509191947168,Bhujangasana,frame_0001.jpg
148.79370474187425,176.14803678472364,167.30006592516276,170.9227476177823,171.54800295960962,167.02126906064188,143.0024506103559,55.78951059403492,Bhujangasana,frame_0002.jpg
177.89097434084184,176.60678396815223,166.15521945054613,167.95988260409808,171.28961613240526,165.33827113028764,151.83397421672598,56.39296352833417,Bhujangasana,frame_0003.jpg
145.21108046664773,179.45577915433776,164.63831515046843,166.65892134352228,170.44737981086033,164.52748747256308,149.36580025829244,57.34130532101147,Bhujangasana,frame_0004.jpg
151.53473434215977,96.74337580484591,164.1175960396744,166.3339418065527,165.57420111609596,161.82960514467527,114.04700724714252,68.92907411936542,Bhujangasana,frame_0005.jpg
104.96618356243611,35.39666602678984,165.2625633144548,167.3301973990656,174.06519610200155,172.54010942561385,97.9530158338236,79.69969089781912,Bhujangasana,frame_0006.jpg
135.77146240417304,91.21637186354917,176.0944192957086,171.50594374455673,177.00874875870926,174.25246406601494,113.74485373503533,73.93128671741809,Bhujangasana,frame_0007.jpg
128.09372797414326,125.44122859338047,169.3246148506761,163.58373359230808,169.0152689758359,179.01843740501275,27.327700818610463,126.95156000313737,Bhujangasana,frame_0008.jpg
152.3946078568098,145.99525798038744,167.55913017945338,160.13062343413858,158.27887550814881,173.00500463904334,13.90354960732376,129.34505944107747,Bhujangasana,frame_0009.jpg
174.9189206349917,159.51843652188893,161.56932788187353,149.23344386948563,138.85766700941608,156.91961538217657,54.86567836962077,166.2070083896305,Bhujangasana,frame_0010.jpg
178.02510301072596,170.28298132844927,158.89226260395017,145.83974217112495,131.96597091908563,151.71960553799923,66.89645077972317,160.5395359873941,Bhujangasana,frame_0011.jpg
176.45580990041532,174.9137537271089,166.911253727108,156.7285063371424,132.0504725789332,149.28412273370148,65.97334577993105,170.85545439017784,Bhujangasana,frame_0012.jpg
174.0719676214467,175.57282482553774,166.84880754573436,156.72475838199117,131.95313727599975,148.65501065188423,70.24178605126076,174.7514702552528,Bhujangasana,frame_0013.jpg
174.30646032544135,174.75933316496838,165.81027683122986,155.6601454727541,131.9870587955695,148.5197673887228,72.35842548472799,176.340589567037,Bhujangasana,frame_0014.jpg
151.69186366302822,154.34554282961548,172.62002279065823,136.19914959376155,168.71974324315784,130.85949615771366,81.52933853221593,99.19406418130269,Padmasana,frame_0000.jpg
157.3208590865393,161.17298533739432,177.39251497203688,151.1908702938523,175.53788441425942,151.2935780282831,84.40532360516457,96.04345363222578,Padmasana,frame_0001.jpg
157.88136062342204,161.90794959633917,167.7914903536136,168.02824148736283,163.36928237282305,164.85030444875332,86.96562420368744,92.85735339710524,Padmasana,frame_0002.jpg
167.22413718458574,151.2446223746954,111.289461506779,130.79792229333552,170.41576012324313,176.1450425656929,83.43654569354597,97.60913065964152,Padmasana,frame_0003.jpg
168.58751203012446,159.76917856599397,167.58976227794383,171.75240232794732,178.82296133820665,157.54409058509913,81.20975068688435,99.50878995310237,Padmasana,frame_0004.jpg
159.76708578827206,155.5820581345971,172.38129810870097,111.13692629143027,170.1919739148273,92.81239745178318,80.84805008802645,100.54477161503354,Padmasana,frame_0005.jpg
151.61406415039207,164.29018394161912,47.464941519198256,83.35661676324763,38.22632132956179,72.12625597790553,80.09392354444233,97.25016843179735,Padmasana,frame_0006.jpg
159.96676008073476,76.7734217424346,10.176812640346933,2.105810255794431,7.935843632603363,14.372298688709874,74.96786010216195,102.03176814433895,Padmasana,frame_0007.jpg
144.9143108639713,113.07109964576684,20.17055284453488,14.090708042931167,20.641858720942736,11.432964594519316,82.46130756811787,97.25148721994289,Padmasana,frame_0008.jpg
176.60647738361394,156.9303017258869,116.93262099504628,154.96768274752395,137.31781536093348,161.9756434135996,82.00832892493305,94.64387537405209,Padmasana,frame_0009.jpg
175.49101996284915,172.20486637432853,146.23891612757706,174.84757864371971,128.3416381519505,151.95175868057544,83.1229716722943,94.23319244389242,Padmasana,frame_0010.jpg
178.61673328335596,175.05228124489855,148.33272246129215,140.3461144093588,130.51667533557148,162.345475144915,82.98967436347668,96.22614691156656,Padmasana,frame_0011.jpg
174.33853844933273,170.51128387279886,132.9928725464637,127.75998061891497,134.0718602563108,163.18143129345503,82.22400429809569,96.74552098734362,Padmasana,frame_0012.jpg
176.66236159584906,167.50499392518677,113.16698645010274,118.74660375343063,121.61016033181387,144.11560639093562,82.42278044112822,96.54829968691685,Padmasana,frame_0013.jpg
179.4309771825517,160.74723456052843,99.82787117025286,113.13611084543126,107.54083314888521,121.97603362456698,82.53886700764558,95.97207970260358,Padmasana,frame_0014.jpg
123.99361493139672,143.14255010128184,160.786148509155,164.5147877928645,98.16308735447737,98.39878105309296,82.06670390502161,112.3143682769798,Shavasana,frame_0000.jpg
126.78823240908987,142.0801692821966,160.0543334910776,162.81264820586333,98.86190920270107,99.47662037088259,79.66949815514269,110.97127130008796,Shavasana,frame_0001.jpg
116.27423182460552,145.00441897903858,157.1405294805299,160.03367209758994,97.11228958605027,98.63395168700863,68.57864454524024,125.29573378367553,Shavasana,frame_0002.jpg
123.12761399799282,171.3611272502698,146.4427032947991,150.3150634075718,99.44983992136501,105.56624587423349,44.34962016733021,142.3922744398132,Shavasana,frame_0003.jpg
123.90111146863251,178.30526145891503,127.10321850222135,126.96235109328343,99.40804637455764,106.14922601219288,111.57580198439466,99.2887080143366,Shavasana,frame_0004.jpg
113.85751001754488,153.19871177278537,125.2857769333959,126.90481377727707,123.77119092030648,135.89269255587598,101.8184344722166,107.70186669529036,Shavasana,frame_0005.jpg
123.82715267949688,175.7167048034719,176.85769121705815,179.12051554715433,172.2466766281416,179.84664745068238,113.95589727921919,80.22867768310593,Shavasana,frame_0006.jpg
129.46813867838833,156.3995158573282,172.8815183034614,174.24032506947074,179.49868065963116,178.21621528844295,109.02089442077391,74.38264949090808,Shavasana,frame_0007.jpg
163.59401829649622,146.7940948402541,172.48184513105795,177.4196502988701,173.50342263760925,172.46426877656148,102.46176612575925,75.10685398104098,Shavasana,frame_0008.jpg
165.01564665007822,147.22250731025565,170.577570978923,175.84670543274447,172.7851743439362,171.00642777525562,98.84376335984592,77.6031586445514,Shavasana,frame_0009.jpg
156.59165345995646,163.62158775494032,166.56766228862674,168.75118780837607,179.41005149267195,179.30839407525565,115.75809489035437,69.87489459231831,Shavasana,frame_0010.jpg
157.51517806259324,160.0477072849379,163.62951410369377,165.03684513693594,178.0306688478173,178.79271172082454,115.48481234328845,69.43117266297291,Shavasana,frame_0011.jpg
155.84108513018163,166.18970180103958,166.67304970750126,168.79801481673553,179.93661406264195,179.696649308132,116.8446533569158,69.19015149730826,Shavasana,frame_0012.jpg
153.83115661176686,165.26656807081054,166.6445801707118,168.8472053254104,179.8259241044973,179.81808312446918,115.58172080344049,70.51493724772004,Shavasana,frame_0013.jpg
155.10088608504213,162.64186767001937,161.87593403717756,163.29662106222708,177.186178628403,178.02321601746704,115.9025752898184,68.90645570282646,Shavasana,frame_0014.jpg
175.16363007519402,156.41945257061158,163.61132077605734,171.7637358084235,178.085874347207,169.28456774666313,82.0621696196019,95.9819564137617,Tadasana,frame_0000.jpg
168.49378856379641,140.85960473731217,172.4934535004358,179.75454360670187,168.16208765081774,163.16529797602672,84.24910460250778,95.52673453561196,Tadasana,frame_0001.jpg
165.89530579736333,155.9772920626378,179.849064816233,176.3415724078122,174.42495158594562,172.59336036397946,85.67808487663652,95.15293620227341,Tadasana,frame_0002.jpg
165.67668172778895,160.78532802905653,178.52644611093532,175.19013515322854,177.66972946946007,172.13517228780188,84.71058510788816,95.86468463081476,Tadasana,frame_0003.jpg
167.03292243841815,113.54297134919312,179.24402884964937,177.51577953321956,179.36116393552905,171.37700311038617,80.31941078234996,98.9400182867555,Tadasana,frame_0004.jpg
8.945129404088894,6.301321761931478,176.26838538345578,175.11973304737592,177.65833397409068,174.81578689263418,75.5956995508644,100.52014318549237,Tadasana,frame_0005.jpg
155.1024161985371,127.43517949796048,179.8048870485261,177.4332730314162,177.17006870799747,172.49039116517898,83.0449739376232,96.55710081007564,Tadasana,frame_0006.jpg
117.56932512008787,102.93352644531262,179.47600898352187,174.21258506457775,179.11937192962836,171.5894016282397,81.18754065244352,97.68666814006549,Tadasana,frame_0007.jpg
39.26035119315358,38.13645507964107,177.47320425763914,172.29435496239648,177.62400699262417,173.7412340166509,79.86163560912426,98.73617381709857,Tadasana,frame_0008.jpg
90.90437260327381,103.21076816633152,177.08978818136507,175.67922708472796,179.6390799204783,173.9672186308198,83.44721399678788,96.80681522187693,Tadasana,frame_0009.jpg
140.42047512830652,147.21961788834633,179.0369470776876,173.5701690926373,177.96641071664644,173.62074983253152,87.97716034464261,94.00796590990016,Tadasana,frame_0010.jpg
154.77708082452784,154.60454232092388,178.9916935162994,171.731660355587,177.645186811017,173.89716508449413,89.82652524276062,93.05666075202232,Tadasana,frame_0011.jpg
153.4741917929398,142.88041648975624,176.84362045759426,174.89450456708317,173.06739836622714,176.35397949568687,92.64460759858886,90.13455975280513,Tadasana,frame_0012.jpg
164.22160397731255,151.57902906710098,178.34533299965676,172.5674605360646,176.00117049283534,172.8987133780915,89.99632564219806,91.29517397203917,Tadasana,frame_0013.jpg
163.46699694337158,150.6483309473939,179.07544584282007,174.88305592289117,176.47960351868954,170.87995121502746,90.00485813315795,91.95222406009842,Tadasana,frame_0014.jpg
169.3646949382533,177.0869226715675,179.9960848238906,176.79452221862337,167.7640476991365,147.84408098175476,90.27467573816772,96.87914015474507,Trikonasana,frame_0000.jpg
168.7845953795556,171.24251884220624,177.9945211519592,174.9676247512232,176.7895590588811,132.14262211519778,95.07877415161605,98.52893167774883,Trikonasana,frame_0001.jpg
179.61813421605734,175.04369460529475,179.38816946868607,177.58074876053115,162.58651750701475,102.73862216511506,91.79301393114456,109.61349881389899,Trikonasana,frame_0002.jpg
172.26959760434445,168.92113571805086,175.01341026897833,159.85718257987614,148.12765994144848,72.26220258851458,87.32302902160566,121.30284326646158,Trikonasana,frame_0003.jpg
162.71389134533763,165.62188310004635,173.3973340751563,154.05097330493186,142.62123973977893,69.68152664297426,83.76393714395164,126.5039633434071,Trikonasana,frame_0004.jpg
161.77076732626105,164.19939816918858,171.5680915742846,154.56704620129432,139.94107640302974,68.06795742286108,84.83335327277747,126.29736801971491,Trikonasana,frame_0005.jpg
159.36536095058858,161.17700953270375,166.64141316140172,155.18686771663178,140.31798478082055,75.8227158864637,84.11613668829638,128.90266437662888,Trikonasana,frame_0006.jpg
159.83620084444058,160.3080216734742,169.1432079534632,156.1492653056039,138.34044195170503,68.65882068594316,82.5421660343585,129.731452549018,Trikonasana,frame_0007.jpg
160.1233779620216,151.23943947109848,164.93567829739328,164.99619409438534,135.95264080148627,79.89316393273911,77.8101614969798,137.43694604422296,Trikonasana,frame_0008.jpg
162.29420404103084,167.80328830628633,168.64327684074252,162.3389206159343,141.08273918462137,75.01092063208914,84.09813294612007,129.14630574008646,Trikonasana,frame_0009.jpg
164.22441838406348,163.04528930727184,164.67802251313051,167.0455721649637,140.07762434348064,92.05312337163184,58.70488314580681,139.0947541486422,Trikonasana,frame_0010.jpg
162.6472039836555,165.54547431753016,165.49227032951882,163.13532098670436,139.1640155449012,80.9943956328922,80.89106939271015,132.75863530402268,Trikonasana,frame_0011.jpg
164.8072926171243,168.6001631127623,159.11634374175338,169.27411644320017,132.98944738696537,93.53951759148903,5.188352012634784,149.05864353051447,Trikonasana,frame_0012.jpg
160.89181023091666,160.15298931215094,172.5125166783592,160.95563386837574,145.9574298380293,71.78092090552256,87.11605399034073,123.63100067598464,Trikonasana,frame_0013.jpg
164.02362888157637,165.61220137724067,169.4383895570895,160.49372867086697,141.024178005478,67.01603200252255,84.88888909552414,125.40695151073183,Trikonasana,frame_0014.jpg
156.2587435084742,142.04852779417453,171.50529456151725,154.64685877008978,174.28005186143014,160.46775493931844,84.14110884171258,97.7582384414235,Vrikshasana,frame_0000.jpg
153.15743389687805,147.55761107717507,178.68052174663026,159.9083541904755,163.38898666674748,171.6641272564031,87.84347666205987,97.23929735872655,Vrikshasana,frame_0001.jpg
157.20133953739392,177.34154371385847,163.82869549739402,127.44692453822655,176.83163994338202,154.4463577754585,91.33240621146446,97.11588880284376,Vrikshasana,frame_0002.jpg
148.79619162162743,162.43605647937014,170.5126642855134,176.26184004267876,164.65098214463708,168.54448045385894,88.52875246652226,94.35698413068297,Vrikshasana,frame_0003.jpg
178.23294684875958,164.06813651855964,171.81932488347323,173.52006114904356,162.32401246480296,167.85414525680773,91.89736552904564,92.48480749628706,Vrikshasana,frame_0004.jpg
177.7003410979461,159.35692436830422,167.7733904855352,168.6801008205697,154.67235234389662,151.70382616633964,93.13245854071295,87.59832400957532,Vrikshasana,frame_0005.jpg
175.2240050494044,157.99556819967705,177.66717622184973,144.9722861399838,155.35764445792404,176.8566380728058,94.89897091610274,90.11830876313633,Vrikshasana,frame_0006.jpg
172.43022410067928,123.69640796449212,176.20566993050727,151.71213526114832,161.09300283287624,174.50728650641796,89.68903937872469,94.4239399037363,Vrikshasana,frame_0007.jpg
152.9256930856753,105.28442156524923,168.1209013551829,107.87002891519235,173.41869674325216,147.50588388639878,92.37006733956764,96.98420471392609,Vrikshasana,frame_0008.jpg
77.19591122977143,80.81508012900396,168.95173661342298,127.50627209979888,171.5052256009601,163.97898248213616,94.5870776222362,95.75163755482072,Vrikshasana,frame_0009.jpg
54.68685254614814,70.6284966699386,158.13409289238146,102.20834178415339,178.65457051845414,142.28143159245943,87.8192348001023,100.68555530537162,Vrikshasana,frame_0010.jpg
59.364573489824316,76.4291391817681,155.42768747919462,92.27515261308612,179.94221622636658,135.58080008902868,87.36698627406508,101.14894213956201,Vrikshasana,frame_0011.jpg
61.02009247119832,71.5121289489138,161.23454768399145,97.25036448017644,177.92470204300938,136.8292541570944,94.02248622979087,97.91262134439458,Vrikshasana,frame_0012.jpg
59.02555343531798,77.22473063308384,158.33013512435622,93.00612573409197,178.6705312643502,137.10560856749794,89.24199230920281,100.12888466105392,Vrikshasana,frame_0013.jpg
57.57521916397713,82.85753050878633,161.75313609372347,105.07553326525043,174.56475590519003,148.00336255263002,90.12631734445415,98.45206524813882,Vrikshasana,frame_0014.jpg
163.7739097423928,132.7339812892741,89.23916993748294,96.56140374233097,129.47900884672956,124.18190423281325,20.965637610760034,171.30766282792985,Bhujangasana,frame_0000.jpg
162.5094046183731,144.53847795159626,100.86210363219463,104.71851461449096,139.58538872148037,135.21951373380753,56.907574208470415,84.87242526865971,Bhujangasana,frame_0001.jpg
141.76366330799652,138.65164539587514,152.31657379440995,151.4571627157036,175.85972401469752,174.4958227069046,8.973996800935955,138.9694892608259,Bhujangasana,frame_0002.jpg
131.47494676121718,130.32656511115312,168.10406919980707,164.27430250993785,161.76713190920944,171.98536068484017,45.38260441107761,115.45745184965118,Bhujangasana,frame_0003.jpg
120.4278555645421,118.75338077381218,173.12030220493315,169.03073959718145,159.0758852640314,168.41687375732224,89.63992237634834,93.60441851887882,Bhujangasana,frame_0004.jpg
90.364345142159,64.70657042262688,170.87202025573916,165.43529135336212,164.3661949634927,178.94753038671163,136.080313129855,76.36655992163848,Bhujangasana,frame_0005.jpg
71.67970266435722,51.9383268041812,171.31577682592444,166.83074934749365,170.40418165605146,176.55272875752445,155.01692818743533,76.9343393740222,Bhujangasana,frame_0006.jpg
68.35634425905913,73.10782833312203,167.90621342948964,165.11664748097022,167.43304118285977,176.91954010965804,140.69239242112454,62.87398454813344,Bhujangasana,frame_0007.jpg
110.92461120721431,90.12505030158897,156.69076060150954,154.9655886703122,175.75953089982193,168.40978919176953,160.37282952928794,45.83491114483907,Bhujangasana,frame_0008.jpg
101.17140264116227,93.57587689961296,159.45094750471614,159.1757569385475,179.8847864279983,173.77510273895356,134.902599841878,70.61003788257915,Bhujangasana,frame_0009.jpg
95.32075070295545,144.2697868769461,156.35129623868735,155.84014622697964,172.28060579152526,164.5183776541996,103.58452999242161,80.81656505426413,Bhujangasana,frame_0010.jpg
113.06499575916169,160.5190267367516,171.5026337140676,172.3438172630699,156.66732368301012,149.30195174567092,101.70852913238892,83.09426105927798,Bhujangasana,frame_0011.jpg
108.59275979866983,168.55456624888132,152.01054625905888,151.26701345387858,172.0991139950779,162.5394313610063,102.24485266681258,81.4752433356287,Bhujangasana,frame_0012.jpg
114.65177482131416,179.8763505324034,145.05616368953176,141.54505801098222,178.47567566315809,173.3745087090699,109.97340200562269,75.5847153342619,Bhujangasana,frame_0013.jpg
115.80506416392164,163.68868683720612,141.97765639737224,137.36586569143586,178.96404826117754,174.41948947580303,113.31993710234912,73.28137845460311,Bhujangasana,frame_0014.jpg
153.46154409966235,154.74164838379545,94.16903512785768,158.10301586053217,116.49785795927848,134.72497393393945,88.991730288654,87.22845667025967,Padmasana,frame_0000.jpg
148.61264974152647,156.08592216811567,103.85686007117778,138.32068278115213,90.80972748282007,138.21162024122415,86.3881041871226,90.4680466068099,Padmasana,frame_0001.jpg
141.70736213550978,142.1955840264497,134.10982170777712,167.5049644977902,131.2140214509161,165.10549750190532,82.32306898491849,93.96434875847258,Padmasana,frame_0002.jpg
133.16714418820294,110.4598371687249,103.7779762490969,166.13048819668387,124.52861933584788,178.55784988324626,84.2078777535755,93.62963228544287,Padmasana,frame_0003.jpg
152.17902017347635,105.26541960247258,95.97884487763528,176.33159599151838,114.20184516229469,152.9220018616111,85.69528593068253,93.02683545138574,Padmasana,frame_0004.jpg
142.163151632793,113.46635059823312,113.08307555662438,177.39975011654596,124.73771294432278,159.76056515616622,83.61019411880694,94.97265924225293,Padmasana,frame_0005.jpg
138.82276334413845,119.56696374317548,131.99456521659346,160.07333432250027,138.87532124094602,148.7000670867544,84.67425462992604,93.82989217271783,Padmasana,frame_0006.jpg
179.95890179551577,169.3766470927114,122.26273860924613,126.01556147551337,120.83406697758436,149.94329451651356,83.49356644980054,94.2988326791929,Padmasana,frame_0007.jpg
178.2809734735097,171.46855509923827,141.98349248507304,168.6816505264702,131.44676492538304,148.48482188532122,85.94931075751835,93.40190415528602,Padmasana,frame_0008.jpg
179.97382198857514,168.56739926876824,131.03748693744575,135.83606808070894,125.12121966358819,174.56587180373495,84.66813780181162,93.46894545766604,Padmasana,frame_0009.jpg
170.5520159129214,113.38448423103513,153.1382723759254,125.26744733607146,172.70335830048577,128.59543671863358,81.15691334485658,97.44094001035872,Padmasana,frame_0010.jpg
170.34852110801245,108.72932323416855,167.06706738350567,157.92448895772984,168.97639889768766,131.47729225446335,80.23409882043008,97.2955778118964,Padmasana,frame_0011.jpg
168.89235009716396,113.4081627302146,4.561572925724668,18.814711790467346,173.38564968576486,140.0884689269381,79.32017564362567,97.12296085915503,Padmasana,frame_0012.jpg
165.78882494579244,114.38258572624505,62.0640802184836,30.469424542923942,177.67981815535805,135.3664539770446,77.43272925475141,98.5650033502426,Padmasana,frame_0013.jpg
160.3464446747888,113.1571907843892,91.23556855391743,34.73649928722169,174.30799773009866,140.17440902451446,78.28425648335842,98.5523582427829,Padmasana,frame_0014.jpg
129.89534045149387,103.19632214443678,101.49153710213697,116.24829604721855,129.45092454742158,140.31412273377282,80.63254476470148,100.11963636834074,Shavasana,frame_0000.jpg
157.82443497705208,121.15826481983733,105.09046090952849,115.62768813767651,138.44607811067246,141.1695038430031,71.6645667616821,104.25231212733145,Shavasana,frame_0001.jpg
149.91229442603847,135.62665007913515,179.55860776790377,179.63302788118898,176.83525995786073,176.80007801349288,120.7636621548356,70.80517347725669,Shavasana,frame_0002.jpg
166.41414984745754,118.8925336628909,171.77841624121638,177.76487383784868,148.08465925694858,157.60681476311217,54.943312172178956,126.35499444852867,Shavasana,frame_0003.jpg
170.16486433640827,132.749357577416,164.21188752268506,165.54053416371923,173.3883515646369,170.7612949389236,39.670473767619185,138.3218584367832,Shavasana,frame_0004.jpg
177.99925877259528,115.02225315460666,57.91140880666974,100.75811754372411,39.651242883378515,85.36305733197446,36.97031349340496,142.48970795981532,Shavasana,frame_0005.jpg
158.09270988693842,131.31941149776154,125.48235557604139,156.5262637567955,112.61495045072922,143.98936693555873,40.56602635723386,140.26373370142136,Shavasana,frame_0006.jpg
168.22131417128546,132.94415030402257,150.89204742442024,157.41174804305507,144.66013880994956,153.01056996469487,28.613235611634163,144.21995386969695,Shavasana,frame_0007.jpg
175.03809977611226,120.0266366871603,118.83520375468954,140.00551767369922,106.5034576246351,130.6545036253037,33.6760660844143,143.21699400401997,Shavasana,frame_0008.jpg
176.70028997302015,123.22456715505679,145.84847111717605,153.29640781636436,146.18391161706825,153.19147168035346,40.57098759033355,137.1927205325253,Shavasana,frame_0009.jpg
178.89297994312813,126.61667932002264,150.5256764871855,155.5941022636508,159.3704059797758,161.98882296260135,42.92978058482596,134.77763147115195,Shavasana,frame_0010.jpg
168.80956529297973,119.84329279148685,124.14651046606808,139.6475736079391,124.06183387923143,141.3744391815385,40.31126551994959,136.3752553678876,Shavasana,frame_0011.jpg
172.24235001349152,135.85299191990447,160.52831327092977,161.4293786673085,164.86451949947937,173.3362969495004,86.94725259169365,88.23179099763976,Shavasana,frame_0012.jpg
178.35391344650094,120.91236049241442,28.521952918361592,29.404101184833902,14.71107179437917,16.554963437126037,75.68514577488521,112.76459110028073,Shavasana,frame_0013.jpg
130.52383035603643,138.45364928351012,30.335045533234243,28.517735992351458,12.60203259743469,10.29258799547031,95.06811240858484,104.19089134408846,Shavasana,frame_0014.jpg
157.93751186485795,156.4089981908805,176.37182276586472,178.2863153770942,177.3526273935997,175.4895707216488,84.71899919981975,94.79835495976272,Tadasana,frame_0000.jpg
155.14795467052875,157.1206340220653,176.98379297205793,179.42482123028446,175.08311135794528,178.58288772718558,83.83118194911226,93.28457504064029,Tadasana,frame_0001.jpg
155.61348085587196,154.23854180925747,177.16667177130574,178.76081591594962,172.3638566408068,179.08510241934007,85.04760376928316,93.31730475496433,Tadasana,frame_0002.jpg
161.9996263763777,154.11732203772146,177.4926530215533,174.874271346043,176.13630276423322,173.14333955228696,87.43829413595043,93.44037012008299,Tadasana,frame_0003.jpg
160.86423133644763,156.3128918797401,179.00726447572885,174.37150014033037,174.62622660983428,174.66909582578782,85.81974046017883,93.50705705471157,Tadasana,frame_0004.jpg
161.35938443836028,155.14000519068662,176.7144250931734,177.0616720725141,175.847875260303,175.34384969163668,87.28175723733324,92.79924307496447,Tadasana,frame_0005.jpg
163.7520912735499,153.41932320972202,176.85757710518047,177.7201236689481,175.20022478110064,176.44134611195597,89.29156692969597,91.70077150864142,Tadasana,frame_0006.jpg
162.2162589609475,155.1737703292508,178.4627182901169,177.49763784205868,175.97810505077834,176.8568134675465,89.07754457582604,91.84921988698107,Tadasana,frame_0007.jpg
161.91908668939416,157.91964240299754,179.6316011803019,177.70431238924664,176.8188384786995,177.58799653122458,87.5440216932666,92.52079247057407,Tadasana,frame_0008.jpg
164.23574830614984,153.73773909531658,177.65996120594005,177.487539388226,175.41091878721315,176.6717146154512,88.66545601772971,92.01050849511287,Tadasana,frame_0009.jpg
161.22191730619522,156.6889343100452,179.5168368542594,176.9321339486786,176.55621200619018,176.28865652844144,85.26680621072077,93.61297251259876,Tadasana,frame_0010.jpg
159.9009924063342,158.33476787547312,179.74695142861412,176.62907483368153,177.32164673457936,175.63525708795342,85.38358319301133,93.78094610113779,Tadasana,frame_0011.jpg
160.05474444176022,159.1092360454362,179.90662072454373,176.89312677371228,176.8008650726935,177.22179527152667,84.628932476129,93.7772926185324,Tadasana,frame_0012.jpg
159.75714703676246,157.10319206960412,179.1261522934065,176.19159631162222,176.9629878735296,177.25897741209394,84.0574567908229,93.96510273278072,Tadasana,frame_0013.jpg
158.79588204172805,156.61671162409576,178.78228308511012,176.49094743102754,176.63419136193633,177.43400520237302,84.87889786717145,93.55000973464696,Tadasana,frame_0014.jpg
170.95668513668866,169.85286010356188,179.66346512744502,168.91106423666756,171.41846706981755,161.56521526448353,85.30057146447484,96.42934172968509,Trikonasana,frame_0000.jpg
167.28642787889416,171.75489383094023,178.47996547998414,172.34953381600315,164.4911003911038,167.45247594577026,85.2653113412207,95.72515552562326,Trikonasana,frame_0001.jpg
173.3273414361296,174.14771539499495,176.66951530343135,174.53030535803225,161.21648077351097,169.4573211138891,87.14913980304652,93.00200137982534,Trikonasana,frame_0002.jpg
176.57732767934473,172.0976945572829,172.61421792164887,175.2639697410087,157.840106607861,157.51733015438523,89.72277493323762,90.28302795205727,Trikonasana,frame_0003.jpg
164.80814392971251,179.08542855554978,175.0417083764273,168.69273410987358,156.91120644173498,148.282923666111,86.87448881321644,96.06784677683675,Trikonasana,frame_0004.jpg
163.38710886134055,178.1047714099233,169.4038022235964,177.63038660939483,156.4591684123141,144.02654500603407,90.00024589654102,97.09719627021182,Trikonasana,frame_0005.jpg
149.22635911969437,170.53012855448952,171.32807493507988,177.1170894745417,172.10589969623447,122.41954591941752,96.64704037199688,99.80160739634256,Trikonasana,frame_0006.jpg
163.7487630225922,171.31266150326388,175.7118169647614,174.1302153277303,158.54763198663292,98.58306259025247,79.8289531323161,125.9153307676996,Trikonasana,frame_0007.jpg
158.20674176595222,140.01596748948157,178.92365494682826,177.06172620745104,162.40862224820265,97.76967438897775,83.29928097299307,125.4583746278381,Trikonasana,frame_0008.jpg
155.14493545603267,172.5697504893971,179.30684657834678,178.90335350532305,154.2906301838271,110.32172310511585,14.388925148675442,143.75173073349217,Trikonasana,frame_0009.jpg
171.42758158460865,165.31057629590183,170.87158677968935,178.54423505493563,149.76028558114567,113.90517231944877,31.58852419742484,157.76189077254307,Trikonasana,frame_0010.jpg
158.54048768819862,170.72294614549838,177.81860447610237,174.38902493555426,145.32186342745342,117.50712110336539,40.681706171389116,167.82759207439574,Trikonasana,frame_0011.jpg
176.91053101291223,178.34800852434626,176.312143395186,175.42392389613684,145.0996032162637,108.3368417547141,47.32349999107363,162.19201638564053,Trikonasana,frame_0012.jpg
161.37757085408214,159.7859226459421,179.57103928205865,178.1397732981204,152.2905964047351,97.28665501476816,65.49421876931514,140.7799232839116,Trikonasana,frame_0013.jpg
170.21680891661518,160.45210419520873,175.37975745390094,167.82091083871777,160.28026069297488,71.6325871958194,86.49070470763775,126.12123756779033,Trikonasana,frame_0014.jpg
169.86958328828638,170.9245860597404,177.85909724990253,175.05163471056164,176.4145958445214,172.61960218603272,82.71746623266638,96.69429169092909,Vrikshasana,frame_0000.jpg
167.35069240422305,169.4212069381611,177.42598013182726,175.09518450812652,176.9126747437408,171.5281767992238,82.6717101936744,96.723442283059,Vrikshasana,frame_0001.jpg
157.76440443998078,151.97011251500606,177.15049794204,172.4278318693465,176.0765368389559,172.34724255175996,81.49782158486235,97.26987851657611,Vrikshasana,frame_0002.jpg
168.34132927606578,160.86178097440103,178.46101969238944,173.76498041712452,176.16691910150402,173.5506283010937,82.20342552624781,96.91013960523867,Vrikshasana,frame_0003.jpg
161.4283721400731,153.85689036310904,177.26435114848238,175.33880381353316,177.0454148256697,171.99012665541488,82.2626007975104,97.08644092299225,Vrikshasana,frame_0004.jpg
59.301368684375134,53.3909824761517,116.59617895378327,157.85127815763772,151.16309569652802,178.75736921279787,76.67752692810798,97.63747893139968,Vrikshasana,frame_0005.jpg
44.50503553974753,31.84881442009664,86.69604743687094,149.55429399931361,145.5568250637672,176.5326895218103,78.86599059626226,94.68377724052145,Vrikshasana,frame_0006.jpg
47.21260374778977,35.33583820378633,84.25657133614095,149.53375739991532,141.51444473372345,174.57664722788422,78.23596899296571,94.53091149783265,Vrikshasana,frame_0007.jpg
52.16409107635215,44.208947153596256,86.73682690250837,150.46528193888187,143.6876760168131,175.01534139377185,79.44849762570144,94.5849916355258,Vrikshasana,frame_0008.jpg
53.88262739694079,41.87333335425646,83.44592707216752,149.43657317212555,144.99243127637794,176.32218383128827,78.03436995744065,95.21346563394957,Vrikshasana,frame_0009.jpg
54.37152987951159,41.10410848846705,83.6701200368882,150.15103196815076,144.48396089574672,176.44270938770785,77.53236720526111,95.22293108665427,Vrikshasana,frame_0010.jpg
52.38998115132505,41.17036346782084,83.28509698601256,148.68330016063913,143.78423176035682,175.39060451610956,77.43768932783436,95.24051057330107,Vrikshasana,frame_0011.jpg
51.94910340716816,39.56789223241905,82.68598049759,148.57298607327056,142.87027645885243,174.9792558997824,77.8908564952672,94.81390450826001,Vrikshasana,frame_0012.jpg
53.14413318567474,39.894265530164006,86.0671216945905,152.02907305057482,146.70032064689602,175.99527137522554,78.11141985786442,94.61224189712027,Vrikshasana,frame_0013.jpg
52.56638557516661,39.04045834531786,82.88523685905308,149.2177887184709,142.66751125479726,174.64002661346936,77.46249725068364,94.88082783856716,Vrikshasana,frame_0014.jpg
31.160332553124526,36.70548988841896,179.01654101044355,179.90724885262895,178.9064077447603,174.4568222903801,136.59234529791203,61.04417367973866,Bhujangasana,frame_0000.jpg
41.84204399480795,49.51942107705826,170.68006828671636,170.67361072508913,175.03737823130038,170.1234705635813,143.4710083352947,53.68002729915032,Bhujangasana,frame_0001.jpg
48.892853554266814,54.54246064430576,165.83094054116486,165.00826394501246,171.73549631343658,164.82687319201398,154.6309824975753,48.64635611115321,Bhujangasana,frame_0002.jpg
66.4901076143718,55.14823002482895,168.12110905269222,165.68008028818937,175.32934775355466,165.7508388539043,168.49637305423528,45.817158230841024,Bhujangasana,frame_0003.jpg
46.739114739750946,45.53486593875665,176.53435110499692,175.3372800763161,179.32646912338373,172.1375991285412,146.96188088895454,55.924793700647825,Bhujangasana,frame_0004.jpg
78.50993597053474,53.56998241704475,171.6435361583096,170.2854053198306,175.90435561546127,167.15349052499022,157.36364059586947,51.70158625341635,Bhujangasana,frame_0005.jpg
124.89874366531843,85.38310862816009,164.6022619590592,159.8188949449155,179.0195757944698,172.3396665584625,128.73180986321455,68.63901925050052,Bhujangasana,frame_0006.jpg
133.87394868977697,105.89659172879817,166.6173796592868,159.84867499739852,166.57479408823028,178.32853973038522,82.87284906365997,94.92933224290405,Bhujangasana,frame_0007.jpg
148.13036703168345,122.431229728236,168.92003569645573,161.05216882391161,161.45169374021705,174.5092223335679,20.643539267888944,116.90961881163241,Bhujangasana,frame_0008.jpg
154.91868860115744,136.97460267974571,173.87009302669284,164.68757315406148,148.53927555804557,164.53115031295937,23.74953875088464,140.51196505712883,Bhujangasana,frame_0009.jpg
170.44102032988408,152.18305199296765,175.1905126815699,165.88910643146636,145.35952888619047,160.92212524770648,13.717310931826677,136.46383193637328,Bhujangasana,frame_0010.jpg
169.6483464527917,156.7948901414974,175.76655727591182,165.8248655566175,141.8865742839145,158.615921778356,26.8103464768903,145.55654171281182,Bhujangasana,frame_0011.jpg
169.97791239000426,158.06862839131836,176.5057043751301,166.87271875744173,140.17182062913457,156.12683700890844,20.448608368947394,145.7293441876583,Bhujangasana,frame_0012.jpg
168.10382882315866,161.18763047022827,178.754495119452,168.74857551579967,136.93471251249693,152.9767134898018,15.178743477512391,141.58708344565474,Bhujangasana,frame_0013.jpg
178.40942556190117,158.87135709413715,169.8702728766552,158.19069120085098,130.03325528048285,145.74816231874937,31.407506516217268,143.8122520100896,Bhujangasana,frame_0014.jpg
176.57886769271414,176.49031920511655,173.58096654819806,167.9959023397327,153.49620862302723,154.5866681103676,84.83925066256396,95.48670215514316,Padmasana,frame_0000.jpg
171.57223962186427,167.45877784798375,179.26887650135976,178.62565962179443,162.0095807412769,136.6402998469181,81.21856894123952,99.45374365170154,Padmasana,frame_0001.jpg
171.15350958660986,168.66642655841758,172.7801473076915,174.91927072593322,168.31534878413217,140.20953830549686,80.97658108173977,99.72774002317352,Padmasana,frame_0002.jpg
171.57993032217783,173.09874375687014,166.59889930615262,150.86510549361668,168.80011018138794,142.47591818081935,79.63248112549441,100.33858470207258,Padmasana,frame_0003.jpg
171.17852832277845,168.82187737189454,176.34280460988748,177.1372286553461,162.85031358276666,141.30068424953657,81.36344006847636,99.23797642304523,Padmasana,frame_0004.jpg
176.60214531963487,177.07789463001737,171.08574670830757,167.23635750938877,147.95690923819518,152.65447829090908,85.14680687261858,95.12249365892517,Padmasana,frame_0005.jpg
176.37823048403268,176.45190646095506,170.840944740485,167.25378017478937,150.8012514994146,157.8532094759497,84.60828959298988,95.5663041939054,Padmasana,frame_0006.jpg
175.98583225524376,177.0337225412074,171.15098148089078,169.70252885554774,153.00425266300022,155.83678955803472,85.23145293706533,95.07989857549734,Padmasana,frame_0007.jpg
175.74864257913626,176.32294370496098,170.36027232133597,168.3686627467664,150.2428341461266,153.9092847459708,85.14408517462697,95.17711326350012,Padmasana,frame_0008.jpg
176.651223512335,177.30066183323942,171.17282506907736,165.99374955372548,148.77894884895628,152.01144001053686,85.09616888879741,95.10293409755349,Padmasana,frame_0009.jpg
176.58222203338318,177.273811622389,169.337072941606,168.9161278479707,147.70395319548234,153.06355813104904,85.28142499152445,94.74472913131635,Padmasana,frame_0010.jpg
175.7359814782801,177.15491015812677,170.44274518529306,167.7824764640736,149.69816690173548,152.5939549473823,85.51186258386218,94.7554708089327,Padmasana,frame_0011.jpg
176.36749324365493,176.45060453079194,172.20785940996097,167.8280721442513,152.80686872311682,153.67256229581312,85.5232829459703,94.75527958758406,Padmasana,frame_0012.jpg
177.34729614496896,177.28539766992455,177.81491703822286,161.82965995095486,155.79074065487228,152.47947171186726,85.11837781134449,95.31347208706475,Padmasana,frame_0013.jpg
175.8259899232637,177.0957477301746,174.22805740659248,165.91156663962647,154.51658516826458,154.7648877982402,85.35130419343588,95.01634107727433,Padmasana,frame_0014.jpg
165.68126829576053,159.81145531743445,175.86145306990704,172.4530068748983,172.89997181101944,179.1873625690167,82.74270146909362,97.28127914331532,Shavasana,frame_0000.jpg
169.49294016721987,163.02124257067402,172.44320885346107,168.79089117600336,174.97779505037076,178.18826595977657,87.4195948510012,93.98939546781008,Shavasana,frame_0001.jpg
169.77954110591074,161.1570580709839,173.89856731702102,169.8597160936809,174.14498342547836,178.75754412416546,84.16726173024473,96.09728598497921,Shavasana,frame_0002.jpg
168.71552884758503,162.1037783150122,174.82351155288126,171.28608926306066,173.25222054440354,179.94879765480076,81.96029092684353,97.9504913274788,Shavasana,frame_0003.jpg
169.7616798458862,163.22917802568114,175.853018443176,172.3679805019166,174.19692018455567,179.01310990921354,84.91680279967217,96.08261499116173,Shavasana,frame_0004.jpg
168.4052751829073,162.37192846537283,176.69742546244322,172.53429661309985,172.94732368318728,179.80373005899196,83.46607474007149,96.99753591915454,Shavasana,frame_0005.jpg
165.68409202722955,159.57726518030125,177.54119354394606,174.24354151921338,172.41502640962267,178.0691479574115,84.76654703120387,96.64614053764109,Shavasana,frame_0006.jpg
166.10689189230516,160.65258326238617,173.14964965219133,169.78909601138284,175.55499251487942,178.49413259545545,89.78810663747187,92.52140703294872,Shavasana,frame_0007.jpg
168.89430990528976,165.30938978180396,178.60168302951516,174.65343762087616,171.30528183027675,178.69981228705873,77.77589755830401,101.2534270485864,Shavasana,frame_0009.jpg
167.4489879563836,161.18465045580186,175.1800752601534,171.48614779667494,173.50792233305336,179.59651437865756,84.06375424165567,96.16748774029453,Shavasana,frame_0010.jpg
171.84346767313966,161.29164307107226,172.54685033976847,168.16923640579424,175.28336565588015,177.08707768144401,83.07405761457774,96.63318241720835,Shavasana,frame_0011.jpg
164.1681442638545,152.28795553606668,172.9209808590842,170.02805876879935,175.43060572467715,179.8059175009952,92.19761390614444,90.20022017476836,Shavasana,frame_0014.jpg
166.88448655321432,166.15201752628533,177.7891075499631,179.93382825925056,178.6803667793026,175.23545103574864,83.74153088781696,96.67266173249119,Tadasana,frame_0000.jpg
140.15778686859232,154.3951953832098,179.66766242060248,179.216756076737,179.0960438352711,176.04121954716422,83.45795878046944,97.22238443512737,Tadasana,frame_0001.jpg
111.68836908851424,107.34125786061274,176.963838305509,179.43783971466502,178.02640761880164,176.60277813498968,81.99174238557032,97.5274927976203,Tadasana,frame_0002.jpg
111.59511120602882,104.8454743144471,173.5962811007367,179.3020099482102,178.12249440686807,175.7633965283023,82.02922037595613,97.17202239780104,Tadasana,frame_0003.jpg
60.89690461367675,69.37102104705977,173.6484059438752,177.63220744003328,178.16387771367027,175.97464512561908,85.34698595388237,95.525866992126,Tadasana,frame_0004.jpg
140.24120761388744,144.68090250620787,175.92391534589123,178.4016376368999,179.9173620369259,174.80017698563307,80.56597152609405,98.43780981517887,Tadasana,frame_0005.jpg
154.95964513468218,158.9766117610517,178.65873000551179,173.4754226618928,179.10787331306227,172.99196507390548,84.18816284327677,96.04512185168596,Tadasana,frame_0006.jpg
147.77743746411227,157.8629676259422,173.20388249787834,176.00093127620664,176.42769676244473,177.33248680647011,94.54193535539004,90.49764599911269,Tadasana,frame_0007.jpg
154.56319272439617,144.44528463984207,175.99666898159023,174.9462609604414,175.67492026207327,176.0451119434577,97.30060072134201,90.12491616216893,Tadasana,frame_0008.jpg
156.64230745293546,52.39803642520134,176.39735215430187,174.50808762367566,177.06078147950313,174.25633136518522,100.06523526170513,89.3902268390575,Tadasana,frame_0009.jpg
148.47164055434394,29.61735021850788,174.44717945782878,176.71981304218144,174.8107661550938,176.06535092631813,97.7168082865226,89.69739850792021,Tadasana,frame_0010.jpg
152.42467746102636,42.75774056576443,173.92699960790483,176.15979420550465,175.05954974519418,176.04445306532037,99.91430253291317,88.7249629477929,Tadasana,frame_0011.jpg
153.33231909817133,40.14177789136491,174.12114809166275,176.2387502993246,175.27105612748693,175.42421010742615,99.27235303142297,89.22526977333945,Tadasana,frame_0012.jpg
154.3282661101302,140.4912864976995,175.66412377305582,174.8457369953828,176.78522027919084,174.48309270244232,95.96805370377376,90.36699700145569,Tadasana,frame_0013.jpg
152.93194209943144,137.09273902988988,176.42402584752926,175.1212191959928,176.95073693950636,174.44610514026994,95.95743275716539,89.7758668447993,Tadasana,frame_0014.jpg
169.8955423764233,150.4611117692124,172.72964160913503,177.94151412479962,94.4617451169538,157.19381385778772,70.54673095805259,76.21118723550097,Trikonasana,frame_0000.jpg
162.5033228859757,147.7953188165288,176.59148514909046,178.70142291101496,86.46819149515609,150.80013483465817,71.39498826180659,76.05963222514512,Trikonasana,frame_0001.jpg
174.47279020671593,143.7179670391386,179.63198271380804,179.13668856440245,83.48853121424744,147.9531882874677,75.46304362961618,71.25225810196515,Trikonasana,frame_0002.jpg
171.13150854712742,142.58915870550206,178.56094712154794,175.9823128024938,84.25472241409582,149.79751984151102,73.1005672149163,72.81075470708286,Trikonasana,frame_0003.jpg
164.6434846326769,144.75130861841464,179.56917517276432,177.6518054341664,88.80059074194423,152.43901539226434,70.37000776364788,78.07268631932585,Trikonasana,frame_0004.jpg
174.98067562135253,141.95774430413186,177.2927031935783,177.40905621581072,84.91222189107405,150.24345091167655,73.18575738298084,73.48402631020882,Trikonasana,frame_0005.jpg
166.7978870787504,143.5398531115214,179.10645342765574,179.10637750072286,88.30256047917415,151.68481441294176,72.33767329944914,76.2702964844299,Trikonasana,frame_0006.jpg
175.27464841962066,136.33066604323795,177.0210839143776,178.16919616529384,82.8407133820075,149.80701082197058,71.66018967030499,75.63027315969646,Trikonasana,frame_0007.jpg
168.41238197409047,142.72450776598606,179.17551086153028,177.97479222414265,86.49069388558493,150.26038167712622,72.63279631609792,76.36937264903007,Trikonasana,frame_0008.jpg
166.69339440692858,143.7320857276369,178.64152261652862,179.88996908308943,86.81905980195314,151.44955699495296,71.57702201736751,77.20134223243623,Trikonasana,frame_0009.jpg
167.16947293332748,143.40722980576234,179.25674955270117,179.1821247975579,86.7253378227016,150.85997287140205,71.63383707886685,76.86152553491274,Trikonasana,frame_0010.jpg
164.02595270931118,144.2953573786136,178.65297540587713,179.66801746333508,87.3246636962024,151.48155381549662,71.96782786801674,76.60211084171894,Trikonasana,frame_0011.jpg
168.0626727263642,144.28398980254642,178.68001551286716,178.3211070006753,87.79900965540497,150.83879196247045,72.76536230416238,76.37703926838061,Trikonasana,frame_0012.jpg
166.9403903992159,142.29358142516165,179.9439203996878,179.71176309917124,88.67264860156473,152.57808633109997,71.03195416426031,78.13521031741797,Trikonasana,frame_0013.jpg
168.0226261559767,143.06152479363755,179.8993236849147,179.71640988885125,90.0502067915476,153.51591856134758,71.19367188696704,77.90776690367707,Trikonasana,frame_0014.jpg
64.77179011712312,40.12404090513369,152.7003308841378,95.37438219953899,176.07858405272017,138.216872630543,85.65287636877606,101.72451174482043,Vrikshasana,frame_0000.jpg
64.91602669022454,36.04087130688558,152.63617033489172,96.01947253447676,176.04474324776402,138.24548213005528,85.56681096325259,102.0308846628401,Vrikshasana,frame_0001.jpg
65.21433867516863,34.21131292480947,152.19773718818212,95.35278736219665,175.7699951437794,137.647357219898,85.50358565965816,102.0827400039758,Vrikshasana,frame_0002.jpg
66.80374193882255,32.720296463292065,152.37756044137413,96.41473325406669,175.5048156738466,138.025999781539,85.63642955029923,102.1727082882723,Vrikshasana,frame_0003.jpg
66.26544130688171,37.17880891077915,153.36966160471573,98.76979680373245,175.1691543252858,139.37116611499766,85.16995642591269,102.39263147702285,Vrikshasana,frame_0004.jpg
64.62338720179723,38.288620127894276,153.35147958704172,98.85578488224655,174.99912754127914,138.9708140507659,85.08186487741695,102.62124726376229,Vrikshasana,frame_0005.jpg
64.20849486298668,34.8325253156809,153.51178964077775,97.82355318795882,174.93098448097592,138.2659417854065,84.97826407323835,102.83936095218542,Vrikshasana,frame_0006.jpg
69.69862789964114,37.53060228072876,153.1091195577929,97.72074358881518,174.76561275509962,138.48399543409593,85.54781964961418,102.42421356228617,Vrikshasana,frame_0007.jpg
74.79215733387828,35.287447468581306,152.61605731083844,96.6878544764203,174.23171699728763,137.77615404879703,85.83034188758309,102.22889213690472,Vrikshasana,frame_0008.jpg
73.18374783769829,45.53082666045228,153.1099404568992,97.35376218339255,174.03995801811746,137.51494433422067,85.4984638050456,102.3794370749123,Vrikshasana,frame_0009.jpg
72.19582196010668,38.01757598213298,153.05638195719789,95.95970729095347,173.63032185840396,136.2849167079572,85.56652789183512,102.70588719918499,Vrikshasana,frame_0010.jpg
72.42186542387488,40.95059800959782,153.2506597699808,96.58975346561733,174.51323226900433,137.35526008067615,86.04591338780318,101.93833100471254,Vrikshasana,frame_0011.jpg
72.02193884666157,43.15944546824215,153.0499648983934,97.19419269356641,174.7868216251215,138.303500338227,85.74300152167604,101.94129974691074,Vrikshasana,frame_0012.jpg
72.71445664977381,45.653106838415596,153.78265998676548,97.71498651971663,174.89051753316002,138.35613932956466,85.7897289698508,101.76842365430468,Vrikshasana,frame_0013.jpg
73.19228759498442,50.96487133348979,153.48450577400936,96.3228134565823,174.53623917238758,137.26264105275692,85.43233964446296,102.05614831540869,Vrikshasana,frame_0014.jpg
150.71001122728327,153.84864984565598,112.753462048866,120.2156467939074,151.70835510712712,158.69157872933607,158.18437166820343,54.75937835237165,Bhujangasana,frame_0000.jpg
161.19752101652446,158.8078102820491,107.24991746234925,107.30735795290815,149.9848023785136,149.24428441771173,159.6875938117685,66.25185338594761,Bhujangasana,frame_0001.jpg
146.39391816298803,166.86457335715366,133.50224298131286,133.9357387209835,178.12308713510302,176.38885179549501,158.5303825571728,78.40073553331665,Bhujangasana,frame_0002.jpg
150.8626158092292,166.12438926316815,142.42483960037416,137.035760818131,168.56275956721987,178.39059516816187,135.78630734892772,98.1809699091314,Bhujangasana,frame_0003.jpg
160.29591245458298,163.72365092933995,136.8871305880613,128.4355785877252,167.74821125713805,177.17668151356352,145.04478255592352,78.49712305766207,Bhujangasana,frame_0004.jpg
153.93896662449143,164.15064625671664,143.12701403140608,136.16506484165294,168.05854538118209,178.2009058097627,146.3621602198405,86.96624813182721,Bhujangasana,frame_0005.jpg
163.41712712427602,164.66142411428586,140.6662095228947,130.7017957349545,162.82293322994568,176.52852471274554,87.92496494675733,97.93774672131178,Bhujangasana,frame_0006.jpg
163.7305160749721,175.43888543856556,156.5977747067424,145.69751059166828,145.75662819737238,161.0713797942367,76.71127357209198,132.22775902246565,Bhujangasana,frame_0007.jpg
160.96832279261204,164.75014925004592,143.48958759614402,133.79016763459234,160.18794311183882,173.95665288003627,68.69776863090377,111.74380229210196,Bhujangasana,frame_0008.jpg
164.01369058173285,177.64936931059316,161.59904589808838,150.65220327219464,141.76546058532324,157.1022899357604,75.57377277588951,139.22935539152223,Bhujangasana,frame_0009.jpg
162.75815013020008,166.61200691090826,144.05037198299135,135.71869487595612,162.91768797758857,173.1780717511572,160.65663969394234,89.07936256740406,Bhujangasana,frame_0010.jpg
162.6109814812963,164.93542183782876,144.8851922533737,136.66625627319164,163.29324548556454,172.78883307781794,138.75367210679735,85.38157935992274,Bhujangasana,frame_0011.jpg
162.8995094222696,165.7618838176547,143.3230790934584,134.668070140131,163.40682839246776,173.485946914527,139.87109460531713,80.94154005324512,Bhujangasana,frame_0012.jpg
165.38857045091294,165.11493559881504,139.8727594312981,132.71882913533952,169.27948362069753,176.8001524501246,131.7819284661476,78.25698374125466,Bhujangasana,frame_0013.jpg
173.32693974615205,170.82917860752775,153.32169658660254,146.91051776273443,155.46639476927564,160.14819872706144,132.55864425112836,72.94848431652558,Bhujangasana,frame_0014.jpg
152.6947583891172,137.7345574735957,43.54218321723981,82.76688844418113,75.65493602087334,45.81954419698922,86.14790895808993,95.09155941274501,Padmasana,frame_0000.jpg
152.03603345944921,139.17561621900364,47.64343180079949,103.6923540602566,81.96226798489222,61.293662339651824,86.88537386932435,94.86330350472863,Padmasana,frame_0001.jpg
146.99809887774663,141.2211437115853,54.276120364483795,136.82259764119095,90.18185267312032,89.98296539364053,89.10991148973322,93.40349466015454,Padmasana,frame_0002.jpg
154.80240319107,141.20116531905995,58.80328295347127,136.1058847760372,93.19697173593265,89.315426492455,87.2530559768354,94.10482697793266,Padmasana,frame_0003.jpg
168.7648123767346,177.63934305908882,63.71633761967793,56.32155517592008,49.34727327283795,33.77201332985946,86.54251405099458,92.48327478181307,Padmasana,frame_0004.jpg
179.3254571532033,173.60136905131316,145.81493142178164,163.2005805852338,143.70475320723878,131.00008663054703,84.25371241791116,95.72490712217173,Padmasana,frame_0005.jpg
179.59408874121348,174.0065644767728,130.36325987750783,102.5060789959586,164.50023123037798,138.65297361658727,86.27187487291302,94.77836316571296,Padmasana,frame_0006.jpg
178.7197160765638,173.38668803738565,124.11812077696389,96.2730849327738,165.44415726845213,144.0898027482427,85.92974755209636,94.54616337697423,Padmasana,frame_0007.jpg
179.10485825534332,174.49638488416284,130.22287041726076,120.22052834092203,163.46582911508003,142.540139949045,86.84837164265679,93.89933365125373,Padmasana,frame_0008.jpg
178.35256597014546,175.20074571197756,125.24055793563528,93.48197487929002,162.47953717763752,140.85557321544437,86.67769974880336,94.05723557886728,Padmasana,frame_0009.jpg
178.2920906521081,171.94059382101779,155.31683591995076,168.67268432665125,151.4560389384054,138.70389989760972,84.43870281150998,95.46447449382853,Padmasana,frame_0010.jpg
179.06539894714058,171.0572784482976,156.73428775681919,168.89177604497564,150.99535252484677,140.88789545869102,83.75391132211445,95.7741022554575,Padmasana,frame_0011.jpg
179.07512598386816,173.21132225337195,159.5672556249208,174.5276902753475,151.37011114578792,145.12269858391554,83.59223416235012,96.0409591129634,Padmasana,frame_0012.jpg
178.85721409656693,173.32340177477437,170.55835552679338,168.079270347732,161.79834201994078,142.30168438194,82.73797254902134,96.89284475143171,Padmasana,frame_0013.jpg
177.56801943158808,173.19461286993993,161.448094033102,168.71794504134678,153.6133206663771,141.40941033286663,83.34324272323579,96.4219031914823,Padmasana,frame_0014.jpg
151.3466521969265,162.60815644476781,179.40616149982787,176.15251584969351,178.7762818097153,177.41139881269004,126.7114490202315,63.75489503427875,Shavasana,frame_0000.jpg
152.13199795190425,162.91951083984077,178.2268105582003,174.50532185375417,178.44903270122177,175.62785691484058,125.20337364428285,65.42999291181813,Shavasana,frame_0001.jpg
153.56304062736646,166.59375636758244,179.3501474785671,176.11606046711816,177.53008007135284,173.2087836285495,126.82049383385876,65.8736346455406,Shavasana,frame_0002.jpg
152.1926204316746,147.6046083126753,175.9385231731612,179.7166131152383,172.38846319627228,174.25291503715442,122.2416789787445,62.587203487746734,Shavasana,frame_0003.jpg
155.99888536071683,140.48933168793087,179.49078636029063,176.8406355405025,174.40834751438936,175.59666349479468,121.09942427508827,63.5031084348375,Shavasana,frame_0004.jpg
152.41114334032304,144.87962670214782,177.25742795207265,179.1848485205492,173.5494000599864,174.04906932391336,123.52171607097127,61.73244213367593,Shavasana,frame_0005.jpg
152.53273430297784,163.164609961153,179.64037538526017,176.25897642648636,178.382279786857,176.1254592213644,126.53170318354715,63.76597412145946,Shavasana,frame_0006.jpg
150.8789692513425,160.3958781576273,179.59143488575467,176.22524094121644,177.86478140372765,175.5902388813101,127.2510098381549,62.571913584854464,Shavasana,frame_0007.jpg
150.3525009191393,161.81009214294957,179.73133059077878,176.25712743773286,177.89781193966576,175.2272036802176,126.29719881251188,63.62703670108381,Shavasana,frame_0008.jpg
151.13475680475077,159.4504476381722,179.4548910585198,176.0593284728995,178.48458000477504,176.40071029281827,124.54987002667713,64.99115079133641,Shavasana,frame_0009.jpg
150.41291647578788,174.64633789925762,174.72491786748168,172.38323469717434,179.28774861774232,176.04834353544345,106.89427743396402,74.03237384894683,Shavasana,frame_0010.jpg
167.40756993939854,135.9250485076919,170.23927645860022,171.4350659513617,163.82511182556993,167.890670017996,110.39877500362036,76.47674692991589,Shavasana,frame_0011.jpg
164.37030961536374,179.8663438332785,177.24575635756605,175.33885955418816,172.62241417394915,177.56723532196304,137.985120054884,75.24447238137715,Shavasana,frame_0012.jpg
153.96416389348613,155.65587835297836,177.06528464397937,175.93975297141668,178.70607849676267,176.83777013471146,121.65581212840144,69.64310199215723,Shavasana,frame_0013.jpg
156.0303261662216,136.00779064351562,178.70345385643736,178.89737353569683,177.46980312436892,178.7935300083688,120.6546719166502,63.44011980299269,Shavasana,frame_0014.jpg
20.84935652261835,92.00644096438349,173.57561989438287,176.55195233616504,170.85138338170054,176.6483400069015,85.2249600270659,96.05745747496434,Tadasana,frame_0000.jpg
63.467689264908834,64.51686207805886,173.67482280297008,178.1278771637702,174.5839184278814,175.59804817851878,80.82613466930479,96.7709394216535,Tadasana,frame_0001.jpg
126.78991230201795,123.94697539935216,172.60565471581504,176.06361159752635,173.15023961098456,174.0002991185292,81.65073834410073,96.9591312474911,Tadasana,frame_0002.jpg
151.9099168177001,137.67849145300193,178.0955096376855,175.21109615259653,174.44264859379658,172.59465031177382,81.27671925417064,96.10773827900812,Tadasana,frame_0003.jpg
146.22139388206577,142.96426468113035,177.96104198478523,175.0186289769401,173.15480166489976,172.83163992554762,83.33752073529021,94.97770591455142,Tadasana,frame_0004.jpg
145.17233661690975,149.27009286423805,175.49609961776162,176.62200127982462,173.64284771709416,174.36370967915946,85.55991670054603,94.44599991638016,Tadasana,frame_0005.jpg
139.93683075297696,145.57348141726894,173.4778235871027,176.7290282294072,172.10976265857457,174.63497977178355,85.68296808697738,94.32680872318413,Tadasana,frame_0006.jpg
141.6414934383622,154.23411387584127,172.11203376757695,179.89071556047597,173.3548411804813,175.07347513289267,87.42035597836447,93.0690332337785,Tadasana,frame_0007.jpg
146.8826121001165,141.96139876510097,177.43887969643063,173.96077223938929,172.70136358227586,173.77122108984804,83.71486457517206,94.74782182515735,Tadasana,frame_0008.jpg
148.13550478393663,139.70931498862458,178.42920745103683,174.09628964971026,173.92614350966826,173.07248202211542,84.3912690812095,94.51458593844221,Tadasana,frame_0009.jpg
147.2275334604266,140.61344466861647,178.4089605704326,174.0634351998202,173.7892983074191,173.02922821567302,83.52769095813353,95.03134709085215,Tadasana,frame_0010.jpg
146.17845055289348,138.49055875053418,178.4208377120147,172.90432340060534,174.0598406850063,172.65834171911445,84.24126355486705,94.87133185822002,Tadasana,frame_0011.jpg
148.5269173103903,140.73581645240463,179.24161760906583,173.4540451456034,174.21821977766112,172.95531585014695,83.24306649532717,95.16015695177923,Tadasana,frame_0012.jpg
147.94629219011372,137.87118907606927,179.26361815429146,172.42492716511674,174.0374580499581,172.43291401659923,82.55022960020422,95.16906527097353,Tadasana,frame_0013.jpg
146.34959679196643,139.63234025988578,178.23339764016035,173.80157836401935,173.20399154035883,173.26745012579778,82.18322280206415,95.44815283473625,Tadasana,frame_0014.jpg
178.44517439078814,179.89628268719756,175.40350612054527,175.71080213016333,155.0061776112565,168.7748876286416,82.05081301399372,94.41232933847058,Trikonasana,frame_0000.jpg
178.52448377937125,171.63108671293804,177.6129871424252,173.42078330295993,122.60978968654315,164.7905571007043,69.78189434948459,92.02915123415434,Trikonasana,frame_0001.jpg
177.2808890548805,155.86427910904024,175.23350758326242,179.11840337681608,90.8052991272468,138.26344828173666,62.967276294370485,89.57466635897941,Trikonasana,frame_0002.jpg
176.25272314143214,154.6487126065283,171.10937895685242,177.8561590094028,88.97900527652071,136.15370370859148,62.68996383112661,88.87490781305848,Trikonasana,frame_0003.jpg
179.61812712212236,157.20534271366688,175.5548998016618,179.17806095290857,84.26397659662042,134.4235862620645,65.61144640211869,87.67247250792441,Trikonasana,frame_0004.jpg
177.4432508589509,153.59726314583202,174.95211653644404,176.07541292724946,80.6554619581168,129.09797404328876,65.62427410632665,88.57009321497036,Trikonasana,frame_0005.jpg
176.43147025545835,159.8673373074571,179.3278675229064,176.8635830997219,84.44854608046316,133.63196667180256,63.66049273940788,90.48242969107132,Trikonasana,frame_0006.jpg
179.58341749565338,160.97988858824172,175.47552675741755,179.28960348115737,89.14717968331999,136.95383542033764,62.57731361175407,90.80047998087339,Trikonasana,frame_0007.jpg
177.2865621287742,159.1346811702532,175.17714169103158,177.27367871333192,88.47178444653511,135.35751300841198,63.13932729302205,89.97614354738936,Trikonasana,frame_0008.jpg
179.1860996045501,163.23523076184136,175.38420551730536,179.7576149245365,90.46242112640313,137.72527775274847,64.85013753341313,88.77198553995078,Trikonasana,frame_0009.jpg
179.359927044682,163.2495739232027,175.40744592764275,179.90479677560583,90.73175232882022,138.60700836324898,64.2296176574429,90.14975426829226,Trikonasana,frame_0010.jpg
179.31300602577568,161.15746007005222,173.82865782088754,177.82936935962547,93.17942832655383,141.00893137754767,64.13495774442445,90.2464171491327,Trikonasana,frame_0011.jpg
179.82115708710154,159.91071435398882,175.30420352593453,177.4725806544467,96.05142216108945,143.04932305749202,65.38885546418636,88.81881605897125,Trikonasana,frame_0012.jpg
174.42093680268755,157.61253715450286,177.92571861775644,177.3257869689818,89.88817710804432,138.30741050140395,67.63976541857265,85.19986820595281,Trikonasana,frame_0013.jpg
172.1036920061321,156.738557039322,177.94652118980326,173.90678286730733,83.69217710752615,132.82042344401006,68.30245777731398,83.7639846505333,Trikonasana,frame_0014.jpg
36.1063359899936,38.77769417218433,176.09501747963324,177.66054784376607,175.2537234100704,176.6540079915555,82.4185676196308,96.31779688582961,Vrikshasana,frame_0000.jpg
35.84341604132172,34.49087307725435,174.03828277394095,179.2111132700185,175.57275156243105,177.16150206084293,83.68253889777596,95.91697918147118,Vrikshasana,frame_0001.jpg
37.62444684173162,36.972693280703076,179.32289435525556,174.321466011322,175.14371201424788,173.30716334976702,85.26750235051911,94.49299114979794,Vrikshasana,frame_0002.jpg
48.6947748173061,35.76620718830442,166.27619841098078,129.7469883772748,179.7329450843355,145.78770166142806,86.78890830493312,100.61209043522057,Vrikshasana,frame_0003.jpg
39.5357009456135,44.497711404763564,150.47460700809935,101.19746644902402,175.32903192283558,140.9765584946331,80.17729613467485,105.58556913585002,Vrikshasana,frame_0004.jpg
104.38605591196925,121.90983316476006,150.06857742512838,89.11793716202888,177.76081420370846,135.49191662107725,73.46443434806403,108.12651722156517,Vrikshasana,frame_0005.jpg
124.50531013817003,44.018529359751035,174.72703802030355,156.23188559100427,175.68337212574437,176.81890411928754,77.72423957926102,98.51177021326863,Vrikshasana,frame_0006.jpg
126.13559127176174,46.55659884279185,175.04025810952743,174.99417157183615,176.38415577497202,175.71558187871713,81.92134755167345,98.46786202947561,Vrikshasana,frame_0007.jpg
124.9387094724556,88.42897455554873,171.1075204735021,164.0127558242169,177.70497026198979,178.59901321863123,81.90015554050359,99.15714247230561,Vrikshasana,frame_0008.jpg
31.921174573214792,33.92144144626806,178.37835979055833,176.11042452301712,178.71828121989074,169.83457238187313,86.23655593976318,95.65685263814395,Vrikshasana,frame_0009.jpg
28.479154252049334,31.494874090029143,178.15912877375712,177.7369977268069,176.30808773716177,177.5888747943227,84.01395040285793,95.43924440810302,Vrikshasana,frame_0010.jpg
44.11424589896189,39.13081017716251,157.98459223865737,108.54214881829989,178.98317193316308,138.26765630330198,82.57061291936417,103.31116686259477,Vrikshasana,frame_0011.jpg
40.98145628040038,39.51851396587665,155.2737416495482,106.59412596889976,179.26427702099514,152.1208387101807,83.36487155327532,102.62973027214322,Vrikshasana,frame_0012.jpg
38.701165787261885,42.6105329638179,153.65975959721712,109.34661274094249,179.18297993041006,155.44716983222804,83.2821456426626,102.09716399736327,Vrikshasana,frame_0013.jpg
47.715125138288826,38.23320261167025,153.72483751765975,107.92398027058259,175.40882743414764,149.49646970157318,84.57632007259505,102.98654801736703,Vrikshasana,frame_0014.jpg
160.31638209426183,157.32400006408537,159.71585516971513,151.4456031293505,154.59760670333026,169.93862853499596,14.109104889614777,118.99244727046451,Bhujangasana,frame_0000.jpg
166.9982397078994,153.0264963128973,162.21243156003902,153.51266263910497,152.8008938751214,171.11184693750926,30.458187911598422,163.39645213247465,Bhujangasana,frame_0001.jpg
165.96357146015526,155.0181926702477,162.87727549912668,154.13762932172088,151.60347110578255,169.1879162689682,28.520535208074286,151.26916955678485,Bhujangasana,frame_0002.jpg
168.28474125221587,153.00594822718844,164.08865117519395,155.05380079591936,150.92943482448305,168.88435922079142,29.820160833221873,155.0908441414753,Bhujangasana,frame_0003.jpg
168.43037398108584,153.83950957637933,166.186676933182,157.39033095788628,149.18777747176276,166.53805641854788,27.78291511990253,148.79267077173202,Bhujangasana,frame_0004.jpg
165.57106231052182,154.49015188646365,164.33037368827542,155.089837778816,149.98133100151804,167.87874461641889,28.579717680832413,142.6864394884116,Bhujangasana,frame_0005.jpg
166.96229951714227,153.90736947885134,162.8287473117958,153.86744574577241,151.3347551428924,168.82836743564522,24.73076145201186,142.0317382746032,Bhujangasana,frame_0006.jpg
167.90764713178734,155.93372584234655,161.59345374732666,153.1815402875656,152.53347244999244,168.5481068249367,16.384709940360928,136.39395949476514,Bhujangasana,frame_0007.jpg
166.6077001555851,154.8126712537204,162.39785564983546,153.80828974628471,152.02249267356555,168.52379857578248,17.225807054379292,139.60336582986477,Bhujangasana,frame_0008.jpg
168.46158665006791,155.47607499597544,162.77118738294894,154.4227040448945,152.92631456657367,168.76620820802174,10.99124763091431,135.50209950369677,Bhujangasana,frame_0009.jpg
170.05592657691523,153.51703071657928,163.0606270790547,154.48524649450172,152.165803584715,169.21885187896243,23.944510899896052,146.3897343369834,Bhujangasana,frame_0010.jpg
167.90503004576772,152.81275653794387,162.4782830955303,153.83300883568995,151.35597776164957,168.73674648130265,23.524707541168006,148.18528949861118,Bhujangasana,frame_0011.jpg
167.99692260114722,154.18546182986543,164.598434511098,155.72180728392183,151.19791937432166,168.73036431043118,24.793027402126583,149.6546679688602,Bhujangasana,frame_0012.jpg
166.3893785588428,156.23854314231363,164.13635547035113,155.19412102821332,149.86373877367458,167.6767553992908,27.614684604790273,148.52823155425213,Bhujangasana,frame_0013.jpg
168.62365689936863,152.21586357734785,163.67795919654571,155.18653123145037,151.5115964941124,168.44915227129755,22.168138527203094,149.80232915333426,Bhujangasana,frame_0014.jpg
171.43616529388822,177.41992744008564,148.85656351542616,162.36466922072836,115.11064668080606,128.1236403960043,89.0226490107185,91.62747172610828,Padmasana,frame_0000.jpg
174.1677248666035,176.3726392988715,163.0212038336852,162.3369061127351,116.09221327027089,128.45622917244665,88.55603919022151,91.44783701928466,Padmasana,frame_0001.jpg
174.03044715793126,177.060579355178,145.34169312321805,167.45829496355583,113.61306069267668,124.20897804471589,87.84957007986064,92.04853256602233,Padmasana,frame_0002.jpg
173.57059689311356,177.84558270103454,117.84037791847761,161.87864896795114,116.89447456366527,126.30644775789202,88.24310545967867,92.18772747277013,Padmasana,frame_0003.jpg
171.03587228673422,177.79611089941028,150.23128833125938,159.37919243762798,119.11336056671227,127.04482608306716,88.24154424375703,92.18745496339594,Padmasana,frame_0004.jpg
170.2796785644703,177.6254044771654,153.9656317926077,158.39217821258413,118.76908141512823,127.24715744689885,88.65759327225656,91.93942804930322,Padmasana,frame_0005.jpg
170.86820735626404,176.72884112104785,164.4676830346305,157.31725969965916,118.87881371420119,129.84780056039318,89.26665707480923,91.31299035759417,Padmasana,frame_0006.jpg
169.92926810389886,176.89533709530045,153.2219725340576,164.66186122281226,114.47986910084131,125.05060489460787,89.08706384183918,91.2551631044314,Padmasana,frame_0007.jpg
170.14188483375074,176.65601751680276,147.27108824384058,168.79022924558856,113.1781688424122,122.07591305353095,88.95013316477926,91.54307546687572,Padmasana,frame_0008.jpg
170.77795388201517,176.63100207972695,156.9602895039872,158.83301092228874,115.79402380948768,127.66984574581134,89.3062531130167,91.18802408638946,Padmasana,frame_0009.jpg
170.43198414868488,176.718347417568,162.7714937109079,156.79030321132848,117.5702479758983,129.92075426557162,89.31745040150257,91.01654508464966,Padmasana,frame_0010.jpg
170.70830671999687,176.06495927225512,162.72383771352807,159.36124769720269,117.33489631993362,129.3752943558932,89.40817493366217,90.97667450936781,Padmasana,frame_0011.jpg
171.029668175737,176.37798532893424,156.2203521142384,157.79302537728168,118.40508714695018,130.67222354098544,89.53359513173808,91.05551196153834,Padmasana,frame_0012.jpg
172.59531342641216,177.0712179253601,161.1582829449025,151.553546568629,120.64070831367903,133.84107986271673,88.99332149783845,91.36056134331321,Padmasana,frame_0013.jpg
172.3869110022811,176.41290626319997,159.6056097659515,166.74526267004288,116.66931326653325,128.28998979119288,88.61551888467713,91.58822884295913,Padmasana,frame_0014.jpg
164.31461661258822,174.55489444045085,173.41870902303714,172.30557492584242,175.44332825132796,176.35146597484467,119.05558539484687,63.72030944579794,Shavasana,frame_0000.jpg
165.5380420967313,173.4043047499711,177.65763959903578,176.89472026717755,173.32710187775308,173.80897533760782,120.88746555170404,63.68885673117408,Shavasana,frame_0001.jpg
164.53272502034542,173.7167132149304,173.74293341252542,172.80915122401936,176.0457324903476,177.09041071365715,120.67003837234837,62.70920862020498,Shavasana,frame_0002.jpg
165.51627273230073,179.56959621920154,170.23314632774046,169.07676413777665,177.41961454639664,178.82456930370927,120.70977479453896,63.21584270301943,Shavasana,frame_0003.jpg
166.0368782325736,176.13881883844476,174.1611174428005,173.9082511340611,175.0728715766206,174.89678132255474,122.7642443372561,61.96571748747621,Shavasana,frame_0004.jpg
168.93193205922177,175.4359395615468,173.58251904140667,172.4832413980962,176.70761304487434,178.64419318691813,121.98647141556665,61.61171762406605,Shavasana,frame_0005.jpg
168.79686287022813,179.72785468215775,175.14585703914375,174.71286370114242,174.6977318288009,176.51119585416444,122.48443336223642,63.051493588640874,Shavasana,frame_0006.jpg
157.20191585268964,128.55599126327013,170.0692628823104,167.98136437522126,178.7072912585336,178.0422727193699,93.59732309484816,72.07797194560457,Shavasana,frame_0007.jpg
164.0943738121316,19.957669708800402,177.55032696539718,176.75270199521182,178.8991602154532,176.4558337899161,93.7493497832411,78.09544573183568,Shavasana,frame_0008.jpg
146.17802847469878,32.93643296995337,176.11692043070875,175.38932256417039,176.12613978557522,173.91862228679895,84.57260042449198,87.2104342365989,Shavasana,frame_0009.jpg
155.84416312224664,98.14322068270643,177.96088666192372,178.67723194152154,174.80709068198865,172.3336825976014,90.60108947124658,80.57006432396066,Shavasana,frame_0010.jpg
168.72236700921843,177.56602256246367,174.4015401548521,173.91479910419707,176.0050137228582,177.5249180218901,123.65489880895008,62.715265752759635,Shavasana,frame_0011.jpg
167.05789854520881,179.943523649612,171.6635707700514,172.06294542259795,177.93607619238938,178.946895367262,117.12075064552022,64.32298866226203,Shavasana,frame_0012.jpg
168.61965674688162,175.87451736193057,171.68970200757218,171.45586664173712,177.9145310196829,178.7028828789922,118.21446611530712,64.15400566338896,Shavasana,frame_0013.jpg
162.84140349506742,179.1224938554543,176.37194618472594,175.74161969966778,174.95080414807404,175.83738233066447,110.04554440365938,67.55878427113328,Shavasana,frame_0014.jpg
155.2774722736467,163.45771921552515,178.4474310628819,172.58367129845485,178.974427726029,171.1388760741187,86.27157688174998,95.09065873517953,Tadasana,frame_0000.jpg
154.32522229466966,165.7784391459576,178.13122505328002,172.224515700962,179.24324577513386,170.96662019637031,85.6478385237567,95.65686556080888,Tadasana,frame_0001.jpg
154.61057343219144,165.14269271017207,178.34138125093358,171.68235981620907,179.59821564915197,170.21198004691857,85.34278112138344,95.98994759524032,Tadasana,frame_0002.jpg
155.6223838889658,160.47376287438422,177.18834763901128,169.97407917446446,178.3344692284556,169.15393278412355,87.17062097620823,95.22910176613537,Tadasana,frame_0003.jpg
153.5764230178064,160.56004468800845,177.5011321375736,169.75019665532596,179.11428173032445,169.6117087821698,83.23818905312906,97.88900734705385,Tadasana,frame_0004.jpg
152.57061872406092,162.93000774928652,178.20357167326887,170.64217180400115,179.95241134328563,169.60029843357188,85.14913837124995,96.33256633520938,Tadasana,frame_0005.jpg
150.8312246101636,164.15222566412757,178.42735723510177,171.24812243354802,179.63101380867843,169.88360437443643,85.28163376143182,96.26149015334249,Tadasana,frame_0006.jpg
153.75190334207468,162.7816942631234,177.52438824040397,169.8483307068429,179.08371827946627,169.33934146102575,83.26164859559633,97.95636906726479,Tadasana,frame_0007.jpg
151.26627909941485,166.05747367951673,178.3450217122883,171.23130963536445,179.4290289955245,170.1718278619557,85.85682834943783,95.89215858729246,Tadasana,frame_0008.jpg
151.8932530635199,166.58412755284482,177.7111340735617,170.82764446645567,179.55115452601464,170.00418320154643,85.4978279754426,95.94680591375631,Tadasana,frame_0009.jpg
152.65550352880268,167.88807127734756,177.96678061825426,171.64062271149635,179.25743976974994,170.68287724827204,85.13986258650621,96.11533005336253,Tadasana,frame_0010.jpg
151.28103822124132,167.04860458157043,177.93396452193298,171.15108794856144,179.26082378985132,170.52147138135626,85.54175124769726,95.86556978440115,Tadasana,frame_0011.jpg
150.91226249474795,167.15553507072335,178.5056424635828,172.39706903689282,179.052765944067,170.89869806490432,85.961855595938,95.69660957217424,Tadasana,frame_0012.jpg
151.89643531955278,166.714787726526,178.67191059489386,172.715482658202,178.7161119261812,170.80784580144967,85.07119577228649,96.31080939656098,Tadasana,frame_0013.jpg
152.65239361171433,166.86473707228444,178.7711804423786,172.544320288086,178.4889773388722,170.68495768876863,84.84867504157663,96.5102845958454,Tadasana,frame_0014.jpg
173.58009394911184,161.08489360875546,164.39715770421708,179.26288382524697,165.1243087884708,71.68458111458825,82.09756003445852,129.55748445953796,Trikonasana,frame_0000.jpg
171.12002619127105,155.93286736300968,165.2109526019025,177.17352775255878,164.96405871270625,74.01860843289829,83.38774729968775,127.27292025224818,Trikonasana,frame_0001.jpg
169.70942121154638,157.85232431597774,166.44725372643208,177.37926155597086,165.45648878416372,74.18202021601176,84.32249603134599,126.6807868364863,Trikonasana,frame_0002.jpg
174.95840736612453,159.51503740608499,166.8559956104961,178.43911778710938,163.25567494272195,71.34334627187926,82.46994621509182,128.25871999207365,Trikonasana,frame_0003.jpg
174.57472546753135,159.88086568370503,167.29784473071174,179.70902447621728,163.66345249810533,72.99799169934195,83.91103764762939,127.14150960649673,Trikonasana,frame_0004.jpg
172.1739757002086,165.43718404886823,167.3055169811465,177.23386978053176,164.0778808633806,71.97016173233503,85.7075421376971,122.3241392851251,Trikonasana,frame_0005.jpg
174.07286075230553,157.2546260712407,165.27610739395251,177.52559467148325,164.16475502262065,71.82236491207618,84.60912711568353,126.88170265166659,Trikonasana,frame_0006.jpg
176.57783270821827,160.88118570729753,167.5028937131564,179.6241300064214,162.46100439739863,71.64874703245695,82.54876468747516,128.02428097261023,Trikonasana,frame_0007.jpg
175.91139031510184,160.28699192276835,166.60497693507716,178.26655910004686,161.8985525334863,72.16442053403692,82.18624158827743,128.6896582104788,Trikonasana,frame_0008.jpg
174.00962783700797,159.88120751706433,166.80133128003968,179.83568771989093,161.8409924838527,70.98693169408001,81.76212240398614,129.27617281923452,Trikonasana,frame_0009.jpg
177.2845352244123,159.41497232441793,166.8998374314682,179.48776018633268,161.78850479923202,70.89344772086888,82.38617849556601,128.56279800184586,Trikonasana,frame_0010.jpg
177.28526157651118,159.52077007222874,166.61456002109784,179.08629216802865,162.19095062165482,70.60813319285943,82.13952068522022,128.833985314633,Trikonasana,frame_0011.jpg
176.38202139456476,161.95354630140514,168.14851992048085,177.11121194682772,160.6572202220156,71.29382386121256,81.13995773267698,129.39768343472514,Trikonasana,frame_0012.jpg
173.81322423880394,161.58656472638918,168.86326265381595,176.9061753677714,160.07213545821787,71.43714221553482,81.36453608242881,129.64952114467556,Trikonasana,frame_0013.jpg
172.53885864044594,160.46917350027306,168.06964261478404,178.39472867130263,160.71220651101763,70.8641593390557,81.72428834582352,129.61016167367472,Trikonasana,frame_0014.jpg
51.69571413817815,53.74720186789103,166.0426715162577,120.86395463338161,177.28622001740274,138.13963850669063,88.79042452374912,99.80428851676366,Vrikshasana,frame_0000.jpg
53.16129355065217,52.83028068290628,163.25369329134782,111.17464915947797,178.23071689577733,133.84004070385032,88.53179248723163,100.29890435671331,Vrikshasana,frame_0001.jpg
52.71405666577479,44.42760500892348,157.70153646329422,94.96324781824079,179.08571719923134,127.97726518953554,86.8428683294914,102.11240671767334,Vrikshasana,frame_0002.jpg
52.77924347224023,43.26244222451952,156.90160833893069,89.97545798764993,178.56249893349425,125.26670624720217,86.75879066459959,102.31892021960896,Vrikshasana,frame_0003.jpg
51.44192225436981,56.69569048470436,161.1622251644476,105.31884889514345,179.93855037827572,131.39283711442545,87.56561382778756,101.02838989246595,Vrikshasana,frame_0004.jpg
50.61210178162191,49.45290162784648,158.11617759348113,96.87492870408894,178.96472888731637,129.38101580974896,86.35743070286925,101.97197343250357,Vrikshasana,frame_0005.jpg
48.38133799587121,56.27988549932079,166.57263787781042,120.46369472255084,174.2282904491568,140.67512897307412,89.15819589829529,97.95771964717763,Vrikshasana,frame_0006.jpg
49.71864806785842,55.938423432217405,165.9290457906707,119.05465009832915,174.82874879305825,140.11925834052659,89.0468883885886,98.28720443436511,Vrikshasana,frame_0007.jpg
49.87340010559007,52.12453790127286,169.0357756434069,125.62640420450491,173.11516636328446,143.26176860743806,89.33358304910026,97.85636019112768,Vrikshasana,frame_0008.jpg
51.041535167226044,51.951763032378615,167.69305835501635,125.70438132682465,174.34699647278583,143.4194424972149,89.28870258139933,98.31339537611835,Vrikshasana,frame_0009.jpg
52.61041707916189,51.46943077452848,165.65825998559345,119.72678476488461,175.42893189367555,139.42504791531968,89.15283222980797,99.13037005403375,Vrikshasana,frame_0010.jpg
51.60524135807772,47.51556514535846,166.58705798102744,120.26071560685381,175.96374075722042,138.29689245946648,88.44064499818614,100.11258767291314,Vrikshasana,frame_0011.jpg
51.153399818790966,50.61726986682584,167.41582244631869,122.67031276001137,175.35428453746556,140.27830533543386,88.70051965073748,99.61424360171766,Vrikshasana,frame_0012.jpg
51.22291810465048,48.54699226456457,166.54870839561192,123.9958886454064,175.89734671075982,140.22135874599977,88.54062961378872,99.61564150505588,Vrikshasana,frame_0013.jpg
51.782180591974516,49.984453722184696,164.5507958363368,121.95859073055317,177.74118053241082,137.97384090410867,87.80111425827914,100.5846595229794,Vrikshasana,frame_0014.jpg
106.82089216592787,101.75441004289297,150.98632369847877,150.3865832706419,165.2502280440351,161.8062994464923,137.14534821187587,59.16631101579167,Bhujangasana,frame_0000.jpg
85.60483010205628,58.839254266399436,171.04092792998097,174.3349333920245,172.0332038949231,168.66698953523883,124.9685683304502,50.22023952237911,Bhujangasana,frame_0001.jpg
170.5701006873898,168.03470907973136,171.17487900511523,168.04526106933216,177.9208733559182,166.25721848916365,0.9340206156683718,142.48534631793865,Bhujangasana,frame_0002.jpg
70.83968541566614,55.347791521893356,176.5941594013272,175.07423067651823,177.9359967379807,177.61950906850038,89.88075973507111,88.29174471159267,Bhujangasana,frame_0004.jpg
147.41711719303942,83.40809554127141,166.05427513508945,166.44503146337266,170.08311055605225,169.09894256544405,130.41334820521288,56.41673131028902,Bhujangasana,frame_0005.jpg
146.6066230202985,78.54174241782721,167.33896347131054,166.75917757392813,171.9310723595949,170.5374735228172,126.16033161090621,59.21205128878216,Bhujangasana,frame_0006.jpg
133.4227498482547,106.4379325391632,157.695295340292,155.28700780606522,171.4407782795685,167.85943375728058,121.10855515315937,72.34460783931735,Bhujangasana,frame_0007.jpg
124.14382638997814,126.24015061131047,156.42060748422873,152.0982768929756,177.82167206220404,173.09534233950424,17.786973678698782,126.6390754200813,Bhujangasana,frame_0008.jpg
158.282963773768,143.86630686033502,158.28050532763675,151.48296986836834,160.30206598066894,168.61342091000043,131.1816848357263,85.03262923379297,Bhujangasana,frame_0009.jpg
176.3248903304345,165.15471668418232,156.53045535923687,148.51003662073097,153.34558802596322,161.47792028133932,137.6121201099712,88.91878221038387,Bhujangasana,frame_0010.jpg
174.39882254055908,164.87371945836625,157.72856662583024,149.58925098730535,152.85354366996688,160.5924636412822,140.36282062146623,84.16049928739375,Bhujangasana,frame_0011.jpg
172.64224561265578,166.15677799430404,156.73494183135486,147.89620782945417,151.88749054397212,162.7662842908184,148.65628722490752,96.29486509273833,Bhujangasana,frame_0012.jpg
174.78726865821503,159.88664019263288,158.25295052110587,150.55640500443704,150.93318878055294,160.28366447558773,148.85169200425682,99.93503218183314,Bhujangasana,frame_0013.jpg
175.6423709496599,154.58331707034975,170.0501929317128,158.57712132864273,136.4202195634452,158.67973718513812,64.10879738502915,144.7924912160745,Bhujangasana,frame_0014.jpg
157.4655820925825,68.86798193214246,51.984125139961314,59.60063204877975,108.5568241813712,121.8000982131684,76.8807444810804,97.9123650476187,Padmasana,frame_0000.jpg
103.91589323081224,61.57105725307078,15.79134719254391,35.478857009762656,64.15729314306891,88.12827632631641,76.7297302720654,98.49105041784078,Padmasana,frame_0001.jpg
83.39296640689274,78.00956690164223,42.8657472516161,76.41701867351006,100.42015315226037,135.3699140858614,78.8516713399299,99.52495149184529,Padmasana,frame_0002.jpg
138.47285486656025,104.08943313484323,55.964463118816944,98.58602675080695,105.38626139898346,145.8856807958563,78.17683782502569,98.0677980583763,Padmasana,frame_0003.jpg
138.3520946452143,86.23236982973526,58.41121083251901,75.90602293998913,94.82501925793657,115.98887359694916,77.51534609292841,100.95169962022875,Padmasana,frame_0004.jpg
125.52249857273313,99.82817293237642,56.19727721271187,116.79486599756956,92.77240440807215,164.13318428733731,82.10962101670391,97.82576636545811,Padmasana,frame_0005.jpg
144.61047933560823,164.09727954935573,62.56933578129476,79.18116691214087,100.33474974522392,128.22850055602157,81.72075463337879,99.4103758349902,Padmasana,frame_0006.jpg
135.16367304058156,157.01538606576256,67.8301207162446,98.07116669922318,110.49064056159622,155.07303662112602,83.19051126939296,98.92429662883289,Padmasana,frame_0007.jpg
106.146494797855,133.86140254426456,127.73644915981608,160.70103713204008,139.965396096221,123.1305390482406,82.96353039741669,100.99812765821446,Padmasana,frame_0008.jpg
89.86217288048353,108.27013677008065,102.9949841500696,163.2452140649536,133.74204147474768,138.68251248234188,81.13352579069445,100.1083022509561,Padmasana,frame_0009.jpg
98.86017304328591,152.16028752044,87.53293061749514,160.42205812497716,127.4768989385695,135.88665477716867,83.24100146074815,98.99880710233354,Padmasana,frame_0010.jpg
98.14893871470095,177.4854863956721,50.9460094560511,172.45705819770953,96.22527282207392,107.81989181688354,85.7089489774454,96.53548573281097,Padmasana,frame_0011.jpg
122.32367744793547,120.69929236372003,57.92784096204166,139.51969498907488,130.59131282759557,132.59474534720675,80.96483379554621,101.41597225021204,Padmasana,frame_0012.jpg
168.60814761943243,81.64734029774365,60.659173307197825,126.76901998155283,120.69896930980775,151.59074749557197,81.80687193017307,97.85767747763185,Padmasana,frame_0013.jpg
172.52365619529127,179.4214025833603,162.20684992164956,102.50642870990227,131.72599854109708,130.62690247024835,80.73594348833893,98.41104440380924,Padmasana,frame_0014.jpg
149.93963763049305,170.71258048762772,163.5570002381179,168.2368849906766,178.80569321905057,169.6476598013925,156.5824953727799,49.911045208326364,Shavasana,frame_0000.jpg
153.60754580088116,173.3623892126903,167.93028192911342,171.9899922281148,179.81838622109066,169.38598666381458,158.3641273342058,49.039973653741725,Shavasana,frame_0001.jpg
153.23701795595417,172.65416025167536,169.27508147474651,173.92778342166667,177.6414112113,166.76158456579137,160.74240242307295,46.346973946290376,Shavasana,frame_0002.jpg
152.42458023503656,168.79315834322924,169.65587461850416,173.24963182483006,177.34785880453862,167.1931171183397,155.25358807856432,49.304778885473496,Shavasana,frame_0003.jpg
153.37425749851712,178.20074796622924,166.43594051137774,170.69395817970755,179.77635104114984,168.9932787416178,163.13999902207206,45.11997090526215,Shavasana,frame_0004.jpg
154.53089293336515,168.53571853060475,171.49070486263983,175.88231708453677,176.57941243673346,166.1620664111828,155.83359559155215,49.33934623273276,Shavasana,frame_0005.jpg
152.33866930169071,171.5192884644673,167.0053022729008,170.9443107742563,179.84894279013852,169.39918602499878,157.694512131831,49.56742841898931,Shavasana,frame_0006.jpg
151.95817998879767,170.16100821455436,169.06672374160877,172.9552206240121,178.4745009995262,167.78476168856255,156.03788751031524,49.29177663302733,Shavasana,frame_0007.jpg
155.09854524474878,177.4848402726053,169.4421082620034,173.84988139441853,178.52657837047914,167.5159960131579,164.14622727589142,43.25749296034957,Shavasana,frame_0008.jpg
151.16340011993512,168.761397290809,168.02740546050208,172.16432753030927,178.88564069389764,168.35052331193413,157.67957658642882,50.065946814477314,Shavasana,frame_0009.jpg
150.07419703596565,169.05007607600876,167.24921007058092,170.89216052906238,178.4473258582871,167.84763964875359,156.4330924926198,50.16752082191178,Shavasana,frame_0010.jpg
149.64367277017155,168.62039181748906,165.74199113706933,168.92104402482303,179.89407318270915,169.1888658515412,151.15820115709832,53.25842444891664,Shavasana,frame_0011.jpg
153.3478739642321,173.62685434901135,167.51692321462792,171.46441683218066,179.19265588115616,168.71727122443204,156.05621720446507,51.75330021314168,Shavasana,frame_0012.jpg
152.21799874143966,176.16789190224992,165.6009457539704,169.61618750712086,179.2110821433755,169.33623634822948,160.1396934365494,48.88784724042292,Shavasana,frame_0013.jpg
152.9213720520557,171.01951217753526,167.22473415166428,171.25808593598728,179.97392000374074,169.56564367484302,153.8908266896126,53.15827185416191,Shavasana,frame_0014.jpg
148.63551434603127,153.77820878969405,177.2323004039727,172.23147416136197,177.3694740211579,169.53537534602512,80.9169755323585,98.02568340040622,Tadasana,frame_0000.jpg
147.8697149601606,144.62356419094962,179.69173201247511,171.62747912106263,177.20666671682258,169.9162245288201,81.63571820439812,96.72591495441162,Tadasana,frame_0001.jpg
147.14045897833702,141.57694294986538,179.73978848454018,171.62819877630696,177.46953818606465,169.5779768879032,81.28563876646456,96.77872276364882,Tadasana,frame_0002.jpg
147.75396791939153,147.84384125072486,177.81176492762125,170.71822288915143,176.48544306810783,169.8311543953801,82.1529309993815,97.44285870862825,Tadasana,frame_0003.jpg
148.32598248074174,145.9266124536514,178.14881532998032,169.88472297543984,177.7333377074558,168.77024677830562,81.23648416263119,97.66447207783905,Tadasana,frame_0004.jpg
148.00285532415884,145.34866778049977,176.8013133035493,170.55743873695934,177.3274377023447,169.06854628670823,81.29885324858257,97.63156518003859,Tadasana,frame_0005.jpg
146.04557373330329,140.23838162862057,179.12397839167647,171.71539300854346,177.2914944400426,169.50466802285058,81.61278420492376,96.78793093337819,Tadasana,frame_0006.jpg
147.0679710078754,140.89620576447675,177.61946746960066,172.41412386733455,176.2290638973163,169.71374394042226,82.057762035426,96.55451561951482,Tadasana,frame_0007.jpg
147.84694302307,142.60082895548098,177.89371970130367,172.10471724648605,177.04011643155224,169.10636441252512,81.63057733182447,96.96153322361053,Tadasana,frame_0008.jpg
154.58615496683825,155.25763696111827,178.5570722041787,171.40778236707558,179.27681956405434,167.76676406180567,80.09146423135408,98.21373252392061,Tadasana,frame_0009.jpg
150.74274457561097,160.8810603279155,179.40707939075244,173.60909458300688,178.30543991010683,169.5040391055938,79.30512270721677,97.88350516469121,Tadasana,frame_0010.jpg
151.28137729364144,161.5404617355395,179.24259182026958,173.58435157744486,178.10613715571358,169.64231137344478,79.83500670242746,97.58381793124434,Tadasana,frame_0011.jpg
155.84983428483324,156.2495083984492,178.9023416922522,172.08220718563385,179.45279650794424,168.10868536429976,80.07796963195467,98.0125417363937,Tadasana,frame_0012.jpg
153.84804367670372,155.7764552249873,177.35598166905714,172.59570331106855,178.43716531664964,168.50806410604287,79.60250989360783,98.45889283227265,Tadasana,frame_0013.jpg
153.65260394117632,155.9837205619945,177.34390714177152,172.50253500506219,178.71158454915505,168.25612963920696,80.12046640638981,97.89222338254086,Tadasana,frame_0014.jpg
161.6417368266332,173.45800078702914,178.89608114252073,168.8751068973574,175.86478268991743,164.79467339743857,86.98436625632549,100.66518037443436,Trikonasana,frame_0000.jpg
161.3341100286826,175.51634978962025,178.4201344713348,161.96457262102186,174.98062644350142,161.32752668008436,86.82884544041025,101.20523006531725,Trikonasana,frame_0001.jpg
167.22077148382925,176.8148690196086,179.91453221684208,164.29219320117141,178.4985593304506,164.47393155530165,87.13541766372575,98.4632198499756,Trikonasana,frame_0002.jpg
162.27212575522557,175.68395126539966,177.46202732251402,170.15179770390336,174.09368296154935,165.84416680322875,88.02281135430837,95.42281696263278,Trikonasana,frame_0003.jpg
165.14971237677545,176.29471287636815,177.86449150307766,175.6674761355193,178.84143042670726,155.78652639576455,86.77001100437909,98.23863409382213,Trikonasana,frame_0004.jpg
156.56938299348909,174.06187278887495,179.53037023527045,174.2036234602209,176.7264338841702,141.5610383914331,85.2337279559799,104.37337616501831,Trikonasana,frame_0005.jpg
175.51088530136997,167.1448091215689,175.50743456705166,178.9751309452864,175.2725523180106,120.8833905661417,89.80262605034241,106.80059130539851,Trikonasana,frame_0006.jpg
179.32551794196948,174.0174509681921,179.03191345673883,172.10840775824323,161.31103266741258,108.19091540274596,90.33483579430582,109.11124023375085,Trikonasana,frame_0007.jpg
174.33841509579838,178.81274160762862,169.89920764222646,178.56731016366402,150.28157084841706,93.87717633190424,88.548459783179,117.85358329079767,Trikonasana,frame_0008.jpg
159.08775139612933,174.58060528747566,178.835803368971,174.83608364568536,145.77275356131514,116.98185219659425,37.09971319129651,167.10801542915834,Trikonasana,frame_0009.jpg
169.99033089701197,167.7026806333365,175.73585499548668,176.1632429574281,149.3825200013185,88.19044523990331,79.37506488649667,127.78129454863104,Trikonasana,frame_0010.jpg
179.21115140819907,159.60564065538847,170.4148487769641,167.77991323399033,151.88473279773655,75.73883571424693,85.26481703238069,121.81541248008507,Trikonasana,frame_0011.jpg
170.33202424245945,154.5899103836238,172.43188042400095,173.48065264418474,145.71801665471259,74.11298482787852,82.51068585241127,124.95996937904374,Trikonasana,frame_0012.jpg
173.4571035189974,148.36040653499202,170.12982006616838,174.2648710549957,144.65492885619406,71.72128828532028,78.09922241430051,132.21704800797318,Trikonasana,frame_0013.jpg
175.16085511200177,147.71477635384457,170.45157851955824,173.31541627877073,144.39051649138244,70.89261193948617,78.7575187697216,132.01789994098664,Trikonasana,frame_0014.jpg
158.6953202130236,155.81380420593203,143.37463716658033,166.16792235294002,164.1059703675102,177.64469489914043,82.56876903797765,94.17119781990199,Vrikshasana,frame_0000.jpg
140.54111700421527,132.385354651896,158.01996852246126,173.04742835141616,174.55752994400183,169.11321876393805,81.72406486702363,95.94944242904148,Vrikshasana,frame_0001.jpg
86.45001629755302,58.82761879218382,73.56506174778886,147.0529520031247,133.60945731213383,175.67816249570333,80.93949684174805,92.55741550919183,Vrikshasana,frame_0002.jpg
61.98575586914497,40.907694966826874,68.14825943188627,146.69265632577662,130.00631134342336,174.6141844087181,79.28623734097803,92.80815729249159,Vrikshasana,frame_0003.jpg
54.38186621362658,41.214806729782005,68.30929209442711,145.489226287252,130.38976462083576,173.85925169209887,79.94942972472879,92.64037905024139,Vrikshasana,frame_0004.jpg
54.8985085806269,41.19364105528027,70.22790708754373,146.98736141574588,131.89897511909675,175.15779025132417,79.32163999073613,93.16656032303723,Vrikshasana,frame_0005.jpg
54.650227998357465,41.63543572613914,71.47661840720323,147.32727558937606,132.10055199756485,175.38856986173906,78.84464576325,93.24388908733741,Vrikshasana,frame_0006.jpg
54.7404389678375,42.03680799122428,71.67749283980976,146.3078556743015,131.9555482518183,174.45061917599338,78.63073103296492,93.39579637777504,Vrikshasana,frame_0007.jpg
57.690842736608104,42.294326406495216,69.24975709909626,144.62803927212627,129.6015750204037,173.63379185751805,78.93584709787014,93.02954040844092,Vrikshasana,frame_0008.jpg
58.84443664836554,41.172253274839896,69.22471995913713,145.14437148360597,129.91300648346606,173.87623963943557,79.30849503469396,92.5383385051874,Vrikshasana,frame_0009.jpg
62.995501565876296,43.27766862911072,68.89750419550347,145.07750175095237,129.74984620575154,173.38985477807287,79.11235079410974,92.61377829800524,Vrikshasana,frame_0010.jpg
62.86559084909029,41.970651828081465,69.87187395243629,146.76087770249362,128.90498737295562,173.72242725462232,79.85162568377511,92.18441834871058,Vrikshasana,frame_0011.jpg
63.570256967994844,41.671395028044984,67.10918186574916,143.55684115758353,127.58191509531073,172.247705031406,79.94212317507395,92.10952796994442,Vrikshasana,frame_0012.jpg
63.05334187097861,43.47058767130819,71.12368400051969,145.19638090851123,129.43266611873452,172.90605868647904,79.19422109801913,92.65933908901309,Vrikshasana,frame_0013.jpg
62.49414522005718,43.718847123790084,68.37063029406804,145.2711923166652,128.49377823460833,173.61514307508037,78.67893165764508,92.79034215839336,Vrikshasana,frame_0014.jpg
132.539254100871,68.6283138094642,158.2735262519115,157.89748671993712,170.33681346882926,166.84512322455416,122.38412887937254,62.310220321413084,Bhujangasana,frame_0000.jpg
157.09238925574124,46.35479688907462,166.51320964050123,165.56941670712067,170.963194357045,165.39324615716143,126.99311606787577,57.07987112966462,Bhujangasana,frame_0001.jpg
64.48103383998061,34.197624951165686,171.88723501514687,174.83815224135094,175.95416194789092,175.28851436946363,142.9446032824861,50.59089373603473,Bhujangasana,frame_0002.jpg
27.954980940360283,48.4255270789768,175.41536933596163,173.94128320485117,172.33966978801945,163.41891031650584,139.32129542929889,53.84501201923341,Bhujangasana,frame_0003.jpg
94.03646983021598,43.67673882065181,177.26102331899227,174.74901470708826,175.52404235850716,167.16296126555176,143.42736319915784,46.55147471790675,Bhujangasana,frame_0004.jpg
4.476273637747993,42.20853023921042,171.54464642412262,170.58324080897668,169.9140505275929,164.8966019602723,134.8518604267405,48.55368603106591,Bhujangasana,frame_0005.jpg
69.73476651946211,39.53242349998123,178.90114684133835,175.68243110016581,178.84215802008993,171.23151810944194,145.84223300359014,42.04053691433559,Bhujangasana,frame_0006.jpg
54.89607899219848,42.61896505792593,173.59926872235732,171.20732854166684,174.12658855302712,167.79399729793866,143.02165184667555,42.56655188278059,Bhujangasana,frame_0007.jpg
36.974989035593595,41.04223643413887,176.4425225604868,172.67667737770466,177.77719115604242,170.34569349500052,139.37261476261529,46.99542259675691,Bhujangasana,frame_0008.jpg
23.28060318188929,45.71133856246451,168.73004552681826,167.29957179514932,168.83387142928595,163.30218081601,141.81109074110253,42.2728018847528,Bhujangasana,frame_0009.jpg
41.04923671143522,42.30540957413903,179.40451952840903,176.86714674700272,178.0768151830524,171.506777534839,140.31380266749312,44.17733117914263,Bhujangasana,frame_0010.jpg
71.90792149213797,41.965916606066486,179.37557854862024,177.9334637984657,178.93163206665554,174.19114190787212,145.0192304838587,42.34396487096199,Bhujangasana,frame_0011.jpg
8.158622146537173,36.29812873305177,176.9431998930542,179.82091374006097,175.98793436790965,175.8922791794579,134.74033866017896,55.01119403759907,Bhujangasana,frame_0012.jpg
18.797017851245265,35.997627973122846,175.1036184420845,171.85657348538314,173.61674547335699,166.6062325458642,63.533016788841245,106.67905966535021,Bhujangasana,frame_0013.jpg
28.069917345043624,46.618683828540334,171.63650778137196,174.87674389585356,175.81583011995596,178.1191370400731,71.36371697376218,103.75420862325993,Bhujangasana,frame_0014.jpg
142.5010957770205,176.89979890938054,157.5784777333311,174.8366218267299,151.31090144784832,120.64002184485108,77.30187932532863,105.59838182213683,Padmasana,frame_0000.jpg
132.65603273391244,171.01724903913995,171.07057246922747,148.30040686873923,157.92946202047713,116.03935041502044,80.58560105070798,104.2378623247247,Padmasana,frame_0001.jpg
128.10035901613685,165.9455832040273,157.4731920821356,153.96061317763676,122.62854644325544,100.46178323328459,81.68431090397033,105.2934705169505,Padmasana,frame_0002.jpg
110.9923512107954,169.59119221867553,148.9342060933571,130.83665208533327,113.72339162124612,90.0934690801162,80.82110341587433,104.6319817463595,Padmasana,frame_0003.jpg
103.4858162168698,159.26649201220525,173.88121505987837,139.0034196927271,121.45983463779437,97.42525224732059,81.13513732280624,101.22845638468173,Padmasana,frame_0004.jpg
104.54284680474612,173.06827804350755,143.80899299535105,101.31505351769094,128.02453186768886,103.7970066434922,79.39475297441088,100.6124059026876,Padmasana,frame_0005.jpg
100.02289548069385,111.66012180919223,163.93506668278664,127.93915782913331,130.4115372936705,100.01939026212622,79.33593923371008,100.25473377200534,Padmasana,frame_0006.jpg
172.18475417517206,178.07741481250412,134.92269672017738,170.95328979712025,177.32788655975173,140.69703843702337,84.22823942109235,97.64172053858387,Padmasana,frame_0007.jpg
165.97332421556803,177.38708246279128,179.00117008951958,149.65214004624167,175.56311781642546,123.54461634319733,87.15755469584838,93.45860927258124,Padmasana,frame_0008.jpg
153.1176533829258,170.2896367996834,167.4968868371577,125.58247097487924,148.06532591007817,121.62104445364666,77.10396106463004,103.27627624292757,Padmasana,frame_0009.jpg
167.3582254416427,166.24950309480906,100.51495170343159,118.32434019060126,148.47700674834599,171.63528683325475,84.4500505059239,95.7580949601125,Padmasana,frame_0010.jpg
155.84456222061658,167.35380899840868,127.25003427179254,113.70959210283534,134.53786290760445,116.43586909713413,80.93348503270936,99.42391007338446,Padmasana,frame_0011.jpg
164.72079525714668,159.11111754674056,121.09714505149154,100.53757779482214,127.27920353331982,112.8928133655954,79.20758022688085,101.01528676076175,Padmasana,frame_0012.jpg
165.24625687433485,166.2506683969163,117.62646155704992,66.44308666903899,136.1013494211917,118.2883621409829,82.127740602448,100.30209081663115,Padmasana,frame_0013.jpg
170.37991163311253,170.98081771361163,126.33644718402815,120.44134550175127,134.98230366118142,115.93544674887102,81.33084791802585,99.32383795632225,Padmasana,frame_0014.jpg
126.85707285980494,166.3806463587308,170.73693741644865,177.7022631960977,117.433158970585,125.45927780667391,43.195499379614596,134.7233348644045,Shavasana,frame_0000.jpg
124.67253880584889,165.15146420510433,171.05363272516874,177.64029928805465,115.2275225282094,122.97331405053112,44.15873040780321,134.69313871005554,Shavasana,frame_0001.jpg
157.52501387070023,178.7761933759176,164.7920370589507,170.27843911172494,125.06097919054493,132.12668313813202,72.81255325204343,117.26166685958715,Shavasana,frame_0002.jpg
175.90620675799173,178.38575701973681,170.9169230845637,175.3551739714688,143.0644051818604,154.39999971295995,45.33853574678675,120.8053199572607,Shavasana,frame_0003.jpg
11.191770314260753,8.591687586873848,178.2028301149619,175.11191750421443,173.50870148833553,177.23898147239265,94.26431665962333,87.27491686073722,Shavasana,frame_0004.jpg
175.55949624022648,154.44383337337538,163.9362518895087,161.63500002691532,173.6425379331012,167.20969926219186,105.34467332043674,78.18265609920621,Shavasana,frame_0005.jpg
174.76697795352476,150.78904937608982,171.6998422841595,168.16741814340187,175.77395928129235,167.392575789057,98.7305632299501,76.73020917057177,Shavasana,frame_0006.jpg
177.34248308941997,164.0180553515831,159.7818561352956,157.4293679623935,173.7421212986616,166.43046171587653,109.80147499786648,70.44201808036475,Shavasana,frame_0007.jpg
172.85649239530477,161.34764114751871,165.19750057135235,162.95095150143624,176.09246335578158,166.40013549862493,99.01664369542723,79.52213887439714,Shavasana,frame_0008.jpg
176.3206632207879,150.2874477847279,175.0048190656776,177.78102593581224,171.00010308453145,179.10177204144907,92.91630365605262,79.87632474720931,Shavasana,frame_0009.jpg
177.67051749891579,149.57207315919908,174.295888216843,174.8228539293571,172.88997095642242,178.48156226957119,94.41314545817612,79.1540035700118,Shavasana,frame_0010.jpg
178.14359522386368,139.80326628558385,171.81489781103727,170.56070952283233,171.5394482264133,174.52407985632524,97.08090634125487,78.34284406566162,Shavasana,frame_0011.jpg
178.3804862835745,146.08821800229202,162.38080295383878,159.99466093808488,164.01728614673928,157.50095155771206,120.06499372893772,61.758625528124355,Shavasana,frame_0012.jpg
173.2313611354833,135.72588220043687,178.47266049210683,179.98252796546623,179.08490002577258,177.53401131227426,113.05942894978124,68.17894989229225,Shavasana,frame_0013.jpg
179.28563457353687,133.99353197882905,171.66139871082925,172.6387053659752,176.33376649123772,173.3869720588565,117.31892720488943,65.95786820738296,Shavasana,frame_0014.jpg
58.66620668509737,65.03804800787994,176.8076281035432,176.85953460471117,176.64668005219465,176.692100105631,84.06708502393111,95.798553366609,Tadasana,frame_0000.jpg
60.85834283030783,73.49419112762949,176.74931075945474,176.62885866265597,176.0238373794495,177.13954981275575,84.14313461329041,95.8743343593195,Tadasana,frame_0001.jpg
63.53027067565943,80.38404542002328,176.55864107053054,176.40258186280352,175.39376682339685,177.35690090926713,83.75237899876032,96.07381705970671,Tadasana,frame_0002.jpg
55.106618936229324,80.74328420930067,178.57134065514907,175.15455128663356,178.2766737265002,177.23149441796457,84.33443500254683,95.5744866013038,Tadasana,frame_0003.jpg
114.7682495472996,109.86587068147142,179.07997025102733,174.20801551273703,179.77120608614518,172.8939107570165,83.86996839461584,96.50565484105044,Tadasana,frame_0004.jpg
138.56910948598934,148.0549591129647,177.73486684112225,176.00589152553877,176.1171021400072,177.6239454117003,84.95815669547076,94.11982152263373,Tadasana,frame_0005.jpg
143.26925095048247,127.06461423399998,178.6775079710193,176.00686548863882,176.00299063027305,177.48837706479895,87.24692789668136,92.9964918542872,Tadasana,frame_0006.jpg
148.58772241145599,146.37426062437999,179.90064920083637,174.65348848292567,177.0757909776493,176.58621562367372,79.33021575200274,97.87414531509782,Tadasana,frame_0007.jpg
142.07598333056913,153.32259705950253,179.0596229989025,176.76682839630936,177.1662170392968,178.98483101166738,84.52258498057448,94.32406750589675,Tadasana,frame_0008.jpg
156.06722535010383,147.5130407836328,179.16324975630704,173.33211971159355,178.87357603748134,175.69524206119735,81.86205860391308,95.77222035029168,Tadasana,frame_0009.jpg
156.7355194385579,157.08172751642675,179.94973777517885,176.51498201298972,177.98678546128642,178.20431642101528,83.44072380021662,94.11514151620857,Tadasana,frame_0010.jpg
155.42944631363616,156.8213867745662,179.3703153637781,176.49593103469164,179.59723553532643,176.978570382363,83.24934117130476,94.46148748879895,Tadasana,frame_0011.jpg
156.57372852833714,155.490371334081,179.0844508040275,175.45873692680206,179.2771550225103,176.47768242802994,82.62555503318715,94.64925053851545,Tadasana,frame_0012.jpg
154.06398328706914,154.2269556951868,178.18991347893788,174.85576885272573,179.7035413302677,175.68401014361066,82.74430281254455,94.99404413577076,Tadasana,frame_0013.jpg
154.1655823329419,152.6149415664896,177.36548967116528,174.72043682414676,178.9995736255778,175.26657613629726,80.9377039634636,95.54036797247142,Tadasana,frame_0014.jpg
105.77918333804695,105.13635686488597,178.97702674059857,179.6240465885045,173.31635168608034,176.47962557105902,85.95702547382531,94.4559339519322,Trikonasana,frame_0000.jpg
97.00479466650525,98.97951293247269,179.53283224597595,179.70919824840524,171.40113828250927,177.5257711416141,86.26432950965845,93.83147612855802,Trikonasana,frame_0001.jpg
141.5164099271065,132.54578838761876,179.1650111935387,179.81028538742768,171.198296788773,176.69031751478877,86.8088576937419,93.02598052014535,Trikonasana,frame_0002.jpg
167.8456798902322,157.08023423286699,178.31739904001617,176.94899026030822,174.01211160998187,172.09309619190537,86.37304674654735,93.83110134611886,Trikonasana,frame_0003.jpg
176.8156679731073,160.33526084594743,179.8882258513562,177.69195224320504,171.97407173714123,169.41908948307287,86.31531401924815,93.74038754118952,Trikonasana,frame_0004.jpg
168.2812209331226,163.86044381892827,179.73028191345347,177.3034515436432,167.81674783606698,170.8279455354567,86.4654918177905,93.85792657552359,Trikonasana,frame_0005.jpg
172.15741842583463,169.27804515752982,177.14406090307588,175.33410878468572,171.1932566162538,167.25107688974387,87.46181813912827,93.77461435175177,Trikonasana,frame_0006.jpg
174.84377866642942,171.95656475231362,178.8538276887866,175.49587259483343,172.98889091205226,164.81467637390742,86.57408654930633,95.16204950707086,Trikonasana,frame_0007.jpg
167.61568196007434,177.74582712690653,176.54140857051232,172.6759287126821,178.86598772220927,154.67918041010907,90.67810813690856,96.84133291523928,Trikonasana,frame_0008.jpg
176.11744387148116,175.58730141802192,174.5381021729649,176.63655461913166,156.68050288906903,126.28692447061259,97.69364263841278,102.23470578440438,Trikonasana,frame_0009.jpg
162.7635132347801,171.83138376172866,175.6570427989177,163.08835567847578,133.74890128934635,80.2952425460762,76.74562318854768,127.61116577640541,Trikonasana,frame_0010.jpg
142.14804789687474,177.2458277855835,170.8210786771346,163.44428870159487,122.28163503975485,76.29119274580985,70.82873425810486,138.7187140356714,Trikonasana,frame_0011.jpg
134.65793632021845,177.00564259830392,172.11811102185092,169.99562813631462,118.9013035866484,69.53787590032637,66.90710369737221,140.83076478000078,Trikonasana,frame_0012.jpg
153.7285263804303,163.3622426300628,175.8277967751665,171.8172532135766,130.2744106824929,74.16605566975669,72.897633753409,128.78119931789192,Trikonasana,frame_0013.jpg
143.2168589002812,177.65361809625858,172.04709590226489,170.60831600379993,118.38002317242844,72.8294535928577,70.67110365182627,138.9733859898687,Trikonasana,frame_0014.jpg
169.28109587373922,166.9807968385699,179.01075172849312,179.34437733803045,173.8842937573702,176.76382762082446,87.79152448653305,93.24170407721088,Vrikshasana,frame_0000.jpg
171.3083749154492,164.2647594775848,179.26783866140957,179.92066903058398,175.8112760769381,175.2746726721349,87.61680461663603,93.81536217951329,Vrikshasana,frame_0001.jpg
168.93648695378428,163.61500837827217,177.35559830517482,179.92602986668658,174.16578047514076,176.17991473159995,85.39912082355663,94.9963433717085,Vrikshasana,frame_0002.jpg
169.16522310591964,168.88702362604408,175.84711469791924,172.04064051366282,173.8822813052727,173.72581780726716,88.64378338713706,92.96916938210109,Vrikshasana,frame_0003.jpg
169.78768996584594,172.24416495823937,159.3762126121553,103.49031221608325,176.11815241307966,139.62527967555604,85.90190854538983,101.82632747095575,Vrikshasana,frame_0004.jpg
171.0712995596539,167.49357506841372,156.31710203698452,95.40773326619046,177.38864625317663,136.99068933515247,85.85909507929027,102.27780495553421,Vrikshasana,frame_0005.jpg
169.33437745740164,167.5521795785404,152.3337640570003,76.29213533060248,179.19116961630783,123.18814185760097,84.34523755968178,104.72991694308037,Vrikshasana,frame_0006.jpg
168.74960947123114,166.32985056525555,174.0783795183417,179.86337040584897,171.03621558023244,172.83104823940886,85.79113238152209,96.30934159284494,Vrikshasana,frame_0007.jpg
165.46798364909316,159.0626865056351,170.17192750523373,174.3687401419185,174.34444016624983,173.45079235377938,85.69590986025791,95.36800165460451,Vrikshasana,frame_0008.jpg
161.41737077859645,160.13636249766532,159.7579474628445,115.20066039958405,178.47238846336896,149.03430445444752,87.46468938567737,100.9223608349222,Vrikshasana,frame_0009.jpg
36.16774086840716,10.169800310442767,150.34862461732465,82.93524089755279,178.68396427538423,131.87369974670867,87.14678245047085,100.8760910676593,Vrikshasana,frame_0010.jpg
47.788938638303314,38.629963985383874,148.1054803353877,83.47216712003173,176.09635133574287,129.94096506025267,83.45124519910469,103.08267405167757,Vrikshasana,frame_0011.jpg
51.567119543901896,44.92808350432181,147.7280069440876,83.62614191245011,178.03055046190855,132.86535512570967,84.1081263450888,101.7587309135898,Vrikshasana,frame_0012.jpg
51.522773049190974,43.41216891644313,150.5994833626401,90.90963830993942,177.7827309876719,136.2126629495058,84.65510994980781,102.07676785222053,Vrikshasana,frame_0013.jpg
53.72145051224258,43.248363141133105,149.2655241685519,85.12899233675265,176.40160479384136,131.8445998839317,84.56385144972613,102.46039151223377,Vrikshasana,frame_0014.jpg
165.8638941072427,155.18299511873556,160.8625713646596,150.59091209564008,136.7385357940365,152.7194711248788,12.754165354369158,124.50390462579155,Bhujangasana,frame_0000.jpg
159.94001511005558,153.17807019389207,162.27904574844865,152.11437236651946,136.6112862985377,151.64876279001965,10.436431968585053,118.25080197668153,Bhujangasana,frame_0001.jpg
160.75899474379239,152.9765387848751,161.8758763841591,151.28807621243857,136.69606934599392,152.24583767542552,1.7472251610885496,118.88644656332873,Bhujangasana,frame_0002.jpg
157.62221292447379,152.35008242921216,162.62359626783137,152.50319232208977,137.44399928603585,151.83242174399408,19.050412560975055,115.8896633847943,Bhujangasana,frame_0003.jpg
158.6162050726613,150.99467943907206,160.85842631618362,150.5805219608153,138.5104772855206,152.8804194705848,39.47676696225683,110.8705068560415,Bhujangasana,frame_0004.jpg
159.81674636751063,152.43919513818324,160.47268580752652,150.61037840169098,139.24523600920358,152.72093058327957,67.8712489532474,105.80059626300783,Bhujangasana,frame_0005.jpg
159.60549123474493,152.77567334780903,161.017275563911,151.39059936756001,140.7779019757611,154.19319267503602,67.31483574908998,106.30477246662636,Bhujangasana,frame_0006.jpg
166.5733759606133,151.1344661925579,162.21921778833132,151.50396831502002,137.04881460551454,151.94300907428004,20.113256282298323,125.34544249056849,Bhujangasana,frame_0007.jpg
167.20807623173363,150.51939340411195,161.599806293422,150.54631170115132,136.558455339034,151.351469347905,20.025119032374242,121.36638804121704,Bhujangasana,frame_0008.jpg
174.87971093163793,144.0180703751187,164.05678838691813,154.81895252040093,140.20003412862195,155.0874940416615,59.53718216537194,170.10379574171296,Bhujangasana,frame_0009.jpg
169.20307427543116,142.77035888208403,176.14770837656704,169.137428303107,138.44000418259503,152.2491681821239,50.00414168876841,174.09609280425911,Bhujangasana,frame_0010.jpg
178.57595172454504,145.29633475813668,161.7707097560106,152.20733554870594,140.5477424379027,156.47391172025434,60.87862094026829,165.7221579353027,Bhujangasana,frame_0011.jpg
169.38294633466774,152.0152720383281,161.86243791316744,150.77180936645445,137.90704005589245,154.0645733947457,49.88936037188667,139.2038428261234,Bhujangasana,frame_0012.jpg
165.3113632732833,153.6735522445561,160.58242117504318,149.41615138116993,138.49436864499512,154.7037833003427,9.466324419967092,115.31595307030665,Bhujangasana,frame_0013.jpg
160.31947411044328,151.51196863737317,163.2930179582758,151.90093877171626,136.15050768549517,152.9463370705128,34.479095164816215,130.39073214216987,Bhujangasana,frame_0014.jpg
175.3323457340212,114.85764289292884,161.49374745677687,162.8965855336568,166.93065100363296,172.93028011342653,87.30772458172156,85.28115865097216,Shavasana,frame_0000.jpg
170.0539293363406,158.9590398628321,162.2832847126824,163.3103120176255,167.10244093827745,172.39639280595088,93.93636605850392,88.86082726783611,Shavasana,frame_0001.jpg
169.85595236576955,168.24425722890217,159.90897922048862,161.12950612766437,164.17049660523313,169.68600137969918,83.58027305681426,95.89193998643351,Shavasana,frame_0002.jpg
165.67138335458466,143.26366365081,171.3864180251394,170.65010656941647,174.3182994879693,176.57396401148867,104.5566106030959,80.25352208897519,Shavasana,frame_0003.jpg
163.48646075667838,150.3775673816666,168.9182883103303,169.5002268476479,170.37366028777,173.95619388755264,106.51180680913407,80.27092071532091,Shavasana,frame_0004.jpg
167.95172648281974,151.39569241429143,163.5855273606596,163.87333306863954,169.20551600385028,172.95937794654355,102.1502422508168,84.86765511117453,Shavasana,frame_0005.jpg
178.73256188680458,134.18574819146647,169.4037620413251,169.17513654685996,175.81387618782622,179.5766387112459,105.67454320331572,73.81328187454159,Shavasana,frame_0006.jpg
166.4160591178635,159.2793731382145,164.61193758226926,166.32950303277607,168.6867942863517,173.9339826459889,98.25563711408105,88.82572730527562,Shavasana,frame_0007.jpg
166.41683210524147,176.5892775082417,161.86384263049186,165.60638563546775,166.55481991069968,174.7491447319278,78.65559102605346,99.71092038202241,Shavasana,frame_0008.jpg
164.4263668411671,165.75661427183147,162.00386241758017,165.13695636073473,166.6708229059561,173.3845507391654,84.97168332310316,97.14569356790557,Shavasana,frame_0009.jpg
165.12220418939097,170.8416600180877,163.6162455231717,166.81541845216591,166.31324945555755,173.54791264490075,80.60054733655146,98.88949420484998,Shavasana,frame_0010.jpg
164.72365475435618,158.52465357697,164.38007893956686,166.38021655388724,168.43733310788238,174.08114191517348,96.89111708493357,89.31378587765528,Shavasana,frame_0011.jpg
165.60819479309754,160.6626331949936,163.09875566595878,165.53719209060932,167.83083635354356,173.86350361953905,91.67921790908753,93.16913189547193,Shavasana,frame_0012.jpg
170.14638680694014,154.5329255832734,165.598469325935,167.41613758081624,170.34472588282662,175.9581840315489,95.09947115711739,88.99759733559362,Shavasana,frame_0013.jpg
166.4772537197617,164.59424374508924,161.97386979874224,164.99108472297806,166.92760481308733,173.78734932299977,89.85123595178113,93.494893663268,Shavasana,frame_0014.jpg
159.39211594749102,156.12773737534212,174.2883613504344,176.75652401016526,177.04101865316917,172.78224776449292,102.63505655176793,88.648313115639,Tadasana,frame_0000.jpg
160.87542192901893,157.1346063830329,173.962219823848,177.92160948966904,176.29929508118295,173.732576584361,103.5505401919204,88.32989034639755,Tadasana,frame_0001.jpg
160.30920377608788,158.52339455120392,173.34670076332137,178.59270825002565,174.56721176874572,175.0637350506798,107.35313328910398,86.6022252333617,Tadasana,frame_0002.jpg
156.78579376010745,156.2927231389078,172.50927969667438,178.52647257781894,175.79403087831733,173.69842674537873,106.33025620710362,87.93637285350799,Tadasana,frame_0003.jpg
158.001334722384,152.9061493046878,173.15693861606917,178.44832527152775,176.23618009051262,172.94272495722183,101.0023352782562,89.91056871912895,Tadasana,frame_0004.jpg
155.9504963063869,65.68287164385143,173.46364180624508,177.65761958581126,176.20160315869975,172.74662951338237,91.29710837025456,94.00997920002621,Tadasana,frame_0005.jpg
160.09197525848828,91.78089977054904,173.9366370957653,177.39520850599172,177.7482423353372,171.47578666324983,96.62537086820956,92.13279443696882,Tadasana,frame_0006.jpg
158.1884448693775,11.501180239710123,173.34466145974204,177.41610993183866,177.74062924886107,171.85647788571447,95.86452143759843,92.30175538293358,Tadasana,frame_0007.jpg
156.19032678619027,151.522171141267,173.7227692863167,176.11923131599053,178.36446199940818,171.4726359772228,86.66023835009152,95.06030117894248,Tadasana,frame_0008.jpg
156.8049493118526,155.20840473630005,174.37816643736647,176.246576259045,177.73756493784038,171.8837931542816,103.1740498354946,88.69134006342506,Tadasana,frame_0009.jpg
153.43563181755195,154.5310968453502,174.29979083604846,177.53158862291625,176.69287411256263,172.27335447558215,101.54804774901709,89.31360859820764,Tadasana,frame_0010.jpg
156.25863372416129,155.38914504685414,173.865679534343,177.82313037451252,175.5241216626181,173.7585342040861,103.298030380319,88.03785930376674,Tadasana,frame_0011.jpg
156.43908032083576,154.7212355693009,173.16579481860427,177.2977992098274,175.94784373451986,173.18554723675908,102.86858958520311,88.3368251904296,Tadasana,frame_0012.jpg
159.31779822419273,154.3363280993604,173.82822639913246,176.46828786444212,177.1601213112177,172.5268995261723,101.47988458829818,89.31540259209181,Tadasana,frame_0013.jpg
152.75521777417364,147.65786555714618,174.1510557756995,177.2275294086114,177.99593313867078,171.2587033776282,98.06306918716746,91.52247265151756,Tadasana,frame_0014.jpg
164.01761832223747,165.79179091110308,177.93044759903722,174.4489795076751,176.78892783426272,168.14651379174944,85.71536512080034,95.79671932966697,Trikonasana,frame_0000.jpg
167.2599087693231,162.37939469469282,178.63738576429583,177.20265845359165,173.54535475695022,165.22595914596718,85.68383509078784,94.90393107501761,Trikonasana,frame_0001.jpg
170.17162090464933,160.4723015234388,178.80282443030745,179.19128528148553,172.72945821161036,167.61155312280167,85.2266022261104,95.31397060670278,Trikonasana,frame_0002.jpg
171.65760617985836,169.49692084859714,178.8987741549287,178.97607662058994,168.60843412168745,171.407169897805,85.29542535803814,94.35054685381343,Trikonasana,frame_0003.jpg
175.15554054917294,179.78595141672452,178.55300161282693,179.11503136350947,158.30345935237986,178.11619628046364,72.41119081069601,99.64221601340054,Trikonasana,frame_0004.jpg
177.40677891082012,171.87968333571953,178.56117780858796,173.84840341845455,133.1790139444082,165.41123989053898,61.35990960966264,97.89797073785623,Trikonasana,frame_0005.jpg
172.71462713666605,171.7247988717129,173.82064629805294,174.18085276747684,86.87640516831293,137.39372980766802,64.22140207708392,86.9129711700858,Trikonasana,frame_0006.jpg
178.75728327549632,157.69109747035662,175.2047519268424,173.6830917002417,88.08340388018154,135.7825609225719,69.28301036831661,80.17075591679887,Trikonasana,frame_0007.jpg
176.64410607760243,165.8484811878065,177.03701516424817,174.1515250061815,91.77934799561413,141.06455793068008,63.89553543802646,86.80589941778545,Trikonasana,frame_0008.jpg
179.6042982472285,156.31010414178405,169.5429285403775,173.25819701498315,96.31006876122439,137.7335995778591,61.76446110505131,91.77932505669779,Trikonasana,frame_0009.jpg
177.56724374694022,153.88224258387902,165.3710426826471,169.95117821839244,98.56878332577428,139.93460004615935,62.7741270992761,90.69135740665928,Trikonasana,frame_0010.jpg
176.17930310598538,155.62692096653018,174.2745263777804,172.96410605436242,90.67075867537547,137.3358395425247,70.63254833137724,77.57854613402286,Trikonasana,frame_0011.jpg
158.49693184435915,123.68716699891017,172.5865097016807,173.65991294205503,107.60877510132462,123.66633009789972,150.9280829534442,33.061583641126276,Trikonasana,frame_0012.jpg
167.62383964818747,175.5685076193956,175.69982392963973,174.13560022001639,106.42378208347992,104.40405754802325,138.68918524061922,15.00734317410386,Trikonasana,frame_0013.jpg
175.93979576740674,156.4289788599756,172.24697533513958,173.11524139187492,85.26861110943838,132.72493276173262,74.49485611927338,72.81140002157805,Trikonasana,frame_0014.jpg
152.08008102769574,167.3748788731857,174.81679337316208,168.362704411643,178.80607335667187,175.7573453354642,85.93317143725292,101.89471685925562,Vrikshasana,frame_0000.jpg
125.9152661050207,176.92586809328714,168.22909089122427,152.62525468767515,174.7568976089171,164.70817758522094,82.172312723937,107.18648543261126,Vrikshasana,frame_0001.jpg
79.90471420059248,76.7705502664702,175.90691220750068,170.7032920018122,177.7355221816552,175.90054681223785,83.78855615857904,101.59349420135155,Vrikshasana,frame_0002.jpg
63.64933095028786,65.70637841571904,172.30827136343638,162.7028708153975,176.21200594664649,171.59446022407468,81.43726952380938,103.15591136623856,Vrikshasana,frame_0003.jpg
68.47332869670043,69.98661716404783,172.9930128281449,163.46703513526688,175.59068743219711,171.87300233944322,80.31464111613738,103.0505733127698,Vrikshasana,frame_0004.jpg
64.13655188692348,66.67787915826852,178.01098778366884,173.075253468113,176.4909128565614,177.26943441791286,81.20778665283852,101.48525033271912,Vrikshasana,frame_0005.jpg
63.3638158920776,66.62809831219259,178.98810804254978,175.0175738752145,178.51735305133738,179.80671687148106,80.73686876234626,100.78528608971355,Vrikshasana,frame_0006.jpg
60.678976073906256,63.67290650931726,178.59976147890478,174.11446394940887,179.56175887492245,178.6363150710993,81.18854886628435,100.33818425652136,Vrikshasana,frame_0007.jpg
59.845801078330425,65.25506841278415,177.46104933331915,172.53178418166883,179.6727465283018,179.08238944386989,81.34086703753113,100.15824168871619,Vrikshasana,frame_0008.jpg
63.38597269330095,65.47735423013008,176.92994829056605,171.27413494007325,179.55834777324196,179.591892794617,82.00376488709405,99.78823085151457,Vrikshasana,frame_0009.jpg
62.35807154995197,65.1685750483519,172.9516092419418,165.65195790214318,179.48306249073457,177.71999547782272,81.17499804679356,100.76047783702306,Vrikshasana,frame_0010.jpg
67.13732187694748,68.61337640598968,172.85459643057234,165.05594832243503,177.24467634249118,174.46630597795524,80.67823771700316,102.03432284806213,Vrikshasana,frame_0011.jpg
66.53428255157904,69.83256228177797,171.97275019844523,163.04899041239588,177.33240191971467,174.59466412750115,81.16001715479361,101.69422093994245,Vrikshasana,frame_0012.jpg
66.14859029964101,67.74352038500562,171.10190334748924,161.3099011319715,176.72221242330227,172.98750972660372,80.81399007071404,102.10936215300964,Vrikshasana,frame_0013.jpg
65.25761217526204,68.46585338370656,170.9536014146312,160.79874100412255,177.36704165292844,173.85764153718688,81.37016191122922,101.71068969081934,Vrikshasana,frame_0014.jpg
141.1679364182948,151.0974032557853,157.56452678387427,148.43149698654827,154.65911426012252,171.1310153893071,18.900318798251543,148.54154082511744,Bhujangasana,frame_0000.jpg
140.50082976058243,152.61828065218427,158.50560301016307,150.08183154936665,155.718035786208,171.75241201560377,15.794269114665113,150.00895628761012,Bhujangasana,frame_0001.jpg
139.78003692423462,151.6023830868533,157.22406507880666,149.42760070770262,157.6548151270164,172.9621047132648,13.485601811014426,149.45842457324216,Bhujangasana,frame_0002.jpg
138.17336134184364,150.7386360150473,157.50693613322227,149.7156291808937,156.76881329198403,172.35467526922952,17.004753281688604,152.38250797228517,Bhujangasana,frame_0003.jpg
137.3096282063002,150.49595777507798,158.52684231771352,150.29079639714118,156.4346609982846,172.42705797845397,15.003571565076374,148.09376589552204,Bhujangasana,frame_0004.jpg
138.52094095643847,148.56991920840045,156.2435308320638,148.169446910377,159.375942593732,175.41547450300945,12.802302910344698,145.17081911144444,Bhujangasana,frame_0005.jpg
141.73362062606364,150.58382828311673,152.17638104347606,144.57653821645638,164.70946091937225,179.0063110244716,15.013912021287108,148.0292394926393,Bhujangasana,frame_0006.jpg
164.48373261644986,160.1760893127416,128.7009432615519,124.25270959027874,169.1118018313075,159.4943558411864,0.46524621773972713,109.81206226611675,Bhujangasana,frame_0007.jpg
157.20810765253887,161.07528150723226,92.06980152668271,102.62978780550563,128.42423276317328,129.75479324721923,24.035104842218523,134.32214014358473,Bhujangasana,frame_0008.jpg
156.74061362856764,159.59838493320697,89.33976042500039,100.27830336794727,120.54035403262975,121.82081404231127,23.36027042652596,135.83580931010414,Bhujangasana,frame_0009.jpg
158.67171770162662,159.64619281185063,115.27749840371074,115.97841072979065,147.90908847770638,140.6719125828219,28.188722757820024,133.92595060209413,Bhujangasana,frame_0010.jpg
146.59640770699977,153.27835540969605,134.16862221216604,128.46704166644085,178.42705807093563,164.07902036973027,32.58569205975231,169.60497669839393,Bhujangasana,frame_0011.jpg
149.0417221125072,162.7648623502659,142.4391668813522,135.03002411800446,166.58693704389728,175.81554685588722,42.88941178113242,169.29434215882196,Bhujangasana,frame_0012.jpg
108.1042959740151,117.01829971895268,159.09010070458513,151.8720682541693,165.47807521771793,179.02888023232765,17.57945084495174,152.62442156478068,Bhujangasana,frame_0013.jpg
74.87798132082395,79.88990308196249,161.0533130298216,158.42945086804062,174.89225508485137,179.23297263629127,99.87541941616111,87.82843318355131,Bhujangasana,frame_0014.jpg
168.49564488401452,169.7529390481184,68.77334610592781,56.34456224781567,176.01150860222626,152.28921111027427,85.47871148561671,97.54795077386636,Padmasana,frame_0000.jpg
136.53128145998497,174.01032227136258,143.44401848232638,62.07265844403147,167.6987101715259,135.54246528145663,85.02099753726927,97.90611842793267,Padmasana,frame_0001.jpg
137.8707773721286,174.55293788818756,90.53406312062064,73.87659384026135,76.29513801860385,70.42226232405318,84.90001844299711,98.43467935410119,Padmasana,frame_0002.jpg
109.91696604861373,157.0872933478208,119.12437743462245,60.15838473950969,123.9670369378022,81.5539837512556,88.07077345387643,95.98852540693723,Padmasana,frame_0003.jpg
114.38098163763055,167.1381249901538,111.84805971796476,108.78758621029081,121.57722782388106,85.57030330444357,85.48200192670197,96.92608060496438,Padmasana,frame_0004.jpg
138.30685394376624,172.75358346113023,64.97310608634733,59.420220115786044,40.89270856145323,33.948137387234894,82.70591496179796,102.16569681357699,Padmasana,frame_0005.jpg
118.84596211777388,162.28768485955231,141.7773693717764,127.97894627749054,95.64713957169485,81.74330115525571,83.18380675680771,97.90491421102581,Padmasana,frame_0006.jpg
132.68977913262967,164.02243157120915,43.25522536058154,53.411287976046665,30.97530989022486,46.596567718612924,84.75571254004619,98.06640130780919,Padmasana,frame_0007.jpg
142.18026207326503,144.36498025666495,172.52085399504074,125.8220492280621,173.3873028891422,122.61226145182513,85.19343107337947,91.69415085160617,Padmasana,frame_0008.jpg
141.41358707201107,136.68994434150264,75.38901163407452,135.1392663290309,128.3625609127476,149.24610542004834,85.04936499120585,94.0514517112574,Padmasana,frame_0009.jpg
147.51771701904008,154.22435483069577,118.93452083416479,150.85801314684173,120.22819662065494,118.16021060153365,84.4855846762429,96.67080848707144,Padmasana,frame_0010.jpg
137.86186796335832,155.65770380384635,55.94880473377501,90.60755006343348,127.44041210710155,172.50091094170716,90.06539662139541,94.42451913434137,Padmasana,frame_0011.jpg
158.9056207271495,141.3794101520204,62.356801103300775,95.16542097158653,115.62454779007571,157.80851370977976,87.77276116892685,91.7707945345309,Padmasana,frame_0012.jpg
169.60609862876805,107.24355705350655,72.27490323224175,156.48619580256542,104.67116634935392,132.99735713945697,83.85450807804006,94.31762724408202,Padmasana,frame_0013.jpg
142.05139374741086,149.87053353458938,119.72034313418504,164.0994750808057,137.32369598342024,153.37046841714772,83.68416031187694,96.04942550252295,Padmasana,frame_0014.jpg
173.38171770328356,116.87417719581018,164.7236285895456,164.70430910346712,162.76439148462057,158.85837642105122,132.33172905869114,53.154202870261265,Shavasana,frame_0000.jpg
176.97289627209824,116.97341498662513,167.92757757594856,167.9531319571724,164.18025298086545,159.95041290703765,124.25397229641058,60.953234021727276,Shavasana,frame_0001.jpg
165.79921394047048,112.91396679004659,165.2347485147707,164.72946335806304,160.98164162433375,156.12557948745737,121.23995800801946,63.320446449599785,Shavasana,frame_0002.jpg
161.3154409715376,116.97175829475921,160.60972860940652,160.2782270484168,158.42440346716393,152.63456670193048,119.23660588071363,66.1044449941845,Shavasana,frame_0003.jpg
170.50690435987937,125.7593667211872,164.96819650957173,163.13970443989786,166.27288087074075,160.3334558800134,121.13786161701108,70.22182367487295,Shavasana,frame_0004.jpg
168.86808386523938,118.29526390492177,163.79566987941206,164.43601743369513,160.45733282762436,157.02453871147773,124.44798440718577,59.855928054352674,Shavasana,frame_0005.jpg
167.30676340339798,118.61298240749394,166.58556825036163,166.75023805492765,163.89515227169016,159.20424504027196,117.25252710567169,67.44053651678001,Shavasana,frame_0006.jpg
169.70286050226807,148.45478340178232,171.68541606543684,172.03793207914174,173.03230859714495,167.19703126338356,106.39163939324301,75.01504643190808,Shavasana,frame_0014.jpg
109.10049196942335,148.55255095599347,178.38835911055915,179.8837884071481,174.3779036773957,173.0221568519348,80.79671431177587,97.86809041645853,Tadasana,frame_0000.jpg
132.6171827729565,133.43546611801455,171.69390461986046,179.6000855816612,175.4481255858329,174.89348458896262,87.44762998016797,94.89501818026814,Tadasana,frame_0001.jpg
111.6384611198086,110.16901690786236,172.17185310078588,178.14335050145576,176.97253667657913,172.9918628888611,82.44138178478948,97.54578785269811,Tadasana,frame_0002.jpg
104.47855019812714,102.88497966715208,178.4689694608154,173.59935449387652,179.61572416475227,172.2371644303175,82.94782229736005,95.45054758310178,Tadasana,frame_0003.jpg
124.4849844800112,113.93906745143806,175.24295219018487,177.855339445737,175.39528679894516,175.06193029103176,83.8153663967438,93.5988990245888,Tadasana,frame_0004.jpg
164.3169742402896,167.84733354011675,178.72566970904396,175.60236017878844,179.2823418177063,173.0290221091792,88.95711205052548,91.12470790603457,Tadasana,frame_0005.jpg
167.29103038579896,167.62964720833173,179.892022697533,177.2819610792371,179.58235192647174,172.70332164861657,87.72312085258102,91.71329188318816,Tadasana,frame_0006.jpg
166.95260639913798,168.78762848326528,179.59091157068568,177.72909890818377,179.56307587207735,173.17601310639986,88.25233385706588,91.51938323440429,Tadasana,frame_0007.jpg
166.23067346040975,169.59760627836724,177.5115765577252,176.5025745303667,176.43880468465494,174.29767443790533,83.71296715064076,95.46934082922992,Tadasana,frame_0008.jpg
166.3730336219697,169.78975135621937,179.83891031762062,175.86884679201816,179.87417229162853,172.39450306896043,85.87982588331042,94.08399116483344,Tadasana,frame_0009.jpg
165.0402005911707,168.77368684307802,178.71959051404465,176.21258652085768,179.53360796467462,172.6308142216962,86.29121600842034,93.37491525097182,Tadasana,frame_0010.jpg
165.4125822945554,168.73404257804108,179.04556124003835,177.21558094478533,178.79166095527833,173.786932035834,87.69763871953897,92.57564035212658,Tadasana,frame_0011.jpg
164.97819808715371,168.1761949286828,179.87703384693177,176.5028463621079,179.36054764742428,173.31908654070247,88.03169401721213,92.53495904534206,Tadasana,frame_0012.jpg
166.5714682985608,168.50104647452346,179.03659800205,177.4867909563758,178.85083564581143,173.50466988816632,88.14132423984343,92.72671035210917,Tadasana,frame_0013.jpg
167.87234585199448,168.0771518908835,179.03008455249565,176.98757964647427,178.69188253458705,173.40239256580395,88.52588174605727,92.0890952808667,Tadasana,frame_0014.jpg
163.21162183284216,153.56472041480933,173.51531425192238,178.4118576671226,166.69007354783676,166.94237083913566,82.72937619562839,96.30421010343696,Trikonasana,frame_0000.jpg
169.15344446809308,165.40370514950587,177.99271598246222,178.92218022926215,167.2854536717497,162.01120064504238,85.793581510235,95.66123038356187,Trikonasana,frame_0001.jpg
175.5377037156074,173.8826894075795,178.19847162095107,179.25101167990252,179.38632734444178,140.26887053354525,88.04404214866213,100.35813137127025,Trikonasana,frame_0002.jpg
170.03282176169287,167.40294936325697,175.86001799758222,171.4911334363337,148.4546592714436,89.22665029910362,92.29086592707533,109.93732723184968,Trikonasana,frame_0003.jpg
157.6586174101709,148.05953172054168,176.6630363285595,165.3780075903408,121.92437683579675,58.08811693793252,79.93732018971306,122.72897974357136,Trikonasana,frame_0004.jpg
164.45657863217914,165.43168099211368,161.18401832900906,156.52413039254114,109.6240626477621,47.544689861021155,79.4154385317344,124.79726865569573,Trikonasana,frame_0005.jpg
166.31610045124228,170.34196057027154,159.68129395720248,149.1142496795852,110.56895285785517,46.32970259204688,82.21794681452481,122.61838877974088,Trikonasana,frame_0006.jpg
153.29456514220018,170.05403017283697,153.14608606711585,155.49652801263068,104.5656945851776,43.10404235622245,71.9995300700007,134.13609514010045,Trikonasana,frame_0007.jpg
152.50665341071013,170.2716485324406,152.28578700783328,156.22517661230717,102.21646822439568,41.775019244429295,70.77170803428619,135.4005528057534,Trikonasana,frame_0008.jpg
154.7227028918332,170.00686635029894,152.08341949772435,154.93930191163287,103.57818279675409,42.43849664817007,72.35757101279857,133.7496540187767,Trikonasana,frame_0009.jpg
156.14693286482415,166.9258719493998,176.8725758241595,171.09667807907564,131.65398745746293,66.07271150038683,75.83814308556366,131.4402157582436,Trikonasana,frame_0010.jpg
173.7956215237669,178.52569038097855,179.94085414717156,179.30690785616915,134.2586074252332,66.03080323817488,73.91060680191532,132.57242162145522,Trikonasana,frame_0011.jpg
172.88165590586917,178.13076182286522,172.57265603694947,171.8348140258028,133.34725158732505,63.18023167574119,75.28979059281333,132.56105246406875,Trikonasana,frame_0012.jpg
174.3456419501579,177.15225833593723,178.82292034543082,179.12824184515017,145.88744978474415,70.38652323060693,75.9075847338304,130.40872815615595,Trikonasana,frame_0013.jpg
170.38471278750362,171.23273774277254,173.6536178069596,173.13001931389186,144.89468670117068,58.63049417787864,71.84897097399187,133.82515952183942,Trikonasana,frame_0014.jpg
39.911182347075716,33.161771334810894,147.85021196463575,69.02886580057653,173.54515303836635,120.08513435298097,79.53643630510142,106.7673141577135,Vrikshasana,frame_0000.jpg
44.31068843557806,41.23600617826762,144.11676607859556,51.482138188837936,169.7029289397727,103.8484157509487,80.3342920391092,107.25505305085589,Vrikshasana,frame_0001.jpg
49.74798575960835,35.07202715474805,142.7093485587378,47.94462427696937,168.5002473590008,100.87310552982427,80.69844261453976,107.0121323612266,Vrikshasana,frame_0002.jpg
52.28321453911769,35.95548932591161,144.00408906714975,51.662584530850985,168.02093793927486,102.67694462143528,81.50693417261792,107.27003961055901,Vrikshasana,frame_0003.jpg
50.27301969899672,39.57152461409315,144.08974969636165,54.00173534993091,167.1851503433747,103.04561709039231,81.1232447610816,107.61048976859793,Vrikshasana,frame_0004.jpg
50.682479577822576,32.514014518058694,145.65093087771257,55.18365635650443,169.16044541052364,105.3500424554933,81.38322579292344,107.16794910752256,Vrikshasana,frame_0005.jpg
50.160315876774206,34.312550811761156,145.71651876537976,57.33318249322291,168.74356011913738,106.65444519138632,81.36937805028124,107.20939441265291,Vrikshasana,frame_0006.jpg
50.520460725037125,37.66761257632998,144.61967055643598,53.961226448432704,169.1664577210237,105.50663832221295,81.3125756192813,107.12180026597412,Vrikshasana,frame_0007.jpg
47.636894049999505,38.50925692631811,147.36728095935538,58.84778829331448,170.06201359298493,108.10457111177209,81.22103754801482,107.01624549645018,Vrikshasana,frame_0008.jpg
49.617229641008656,40.22012197442061,144.70873973880956,55.4589298332739,168.83095347958863,105.74129976914156,80.84747245549175,107.3510096832984,Vrikshasana,frame_0009.jpg
48.070729175635556,35.492269257179416,144.46720932354523,54.47608857454476,169.28533513695893,105.4011014999412,81.23937312268404,106.77806499701975,Vrikshasana,frame_0010.jpg
46.20368685717685,36.488257125476366,145.22608413631778,55.14277785745315,168.5595001335461,105.06413448233269,81.02750212870646,107.28627438949557,Vrikshasana,frame_0011.jpg
47.68780206228013,38.038178326445774,146.16772594985582,57.68809564763,168.92060940383115,106.81486251669692,81.26479148315363,107.11976459299026,Vrikshasana,frame_0012.jpg
47.33202051952753,38.52930919722882,145.15552024756,57.00147030812783,168.96752116461693,106.68099678692381,81.02542784977399,107.02785970328851,Vrikshasana,frame_0013.jpg
47.1604777044232,33.52432768203727,144.52081379282808,56.23373237531801,168.8030526044946,106.06036630998061,81.24281833114131,107.21372396648336,Vrikshasana,frame_0014.jpg
128.8991952571075,115.5058943187013,142.05299292145855,131.69465748381134,158.05881633717848,161.13837185573664,84.78314335342114,89.24978874654238,Bhujangasana,frame_0000.jpg
116.46548766069473,113.9004006732252,120.64262181248483,121.50172135283205,149.92211659815902,162.84970502928948,83.40821810577748,86.36452157773765,Bhujangasana,frame_0001.jpg
129.7199644149571,140.13397390697932,145.7292345520756,132.43006710687536,141.74459248220535,155.60941435343608,92.33628791014661,80.02556870955789,Bhujangasana,frame_0002.jpg
153.1224527664855,146.62365321943946,67.41533640533797,79.21129854246158,121.32158009239967,132.8304350890748,121.63576799994547,58.29052604350473,Bhujangasana,frame_0003.jpg
150.59809315659237,156.18554401222957,69.73135842084736,83.23536491308663,111.90245801209701,115.52118779998307,49.257183501021196,93.28502635612891,Bhujangasana,frame_0004.jpg
133.73019531790862,151.47930673721928,106.69897536680867,109.86765465984028,133.31481251052458,130.8377186483983,144.88694509433958,62.67470879587675,Bhujangasana,frame_0005.jpg
133.2893534483975,139.44299557196607,127.49410844683725,130.53506011879875,160.40976142493747,160.13933492359337,106.56383005062389,83.13279714855751,Bhujangasana,frame_0006.jpg
60.81295313055229,77.60339125733142,151.18811635020754,154.12432397779892,169.03255294982654,168.12651562284006,49.1657680620099,104.54852428410393,Bhujangasana,frame_0007.jpg
167.0054674144709,154.08413316443185,149.05218338832748,150.06036445429967,170.69344384726628,167.6396350618959,118.29309509440122,76.93854607788198,Bhujangasana,frame_0008.jpg
157.49552981670715,120.60706071439564,158.3808097793195,158.41198953398236,167.54929194498905,163.4560857781007,135.47330113858075,55.55553059041887,Bhujangasana,frame_0009.jpg
158.46916203089842,142.35060569171063,171.26449327697358,174.36127617526054,173.62841752702676,172.92820952249156,114.56253548224717,67.17882001315793,Bhujangasana,frame_0010.jpg
167.73524883889965,172.60656783784412,156.4447059154292,159.16396549828798,167.1188427464338,164.28215317707077,145.208818026143,51.33589744871992,Bhujangasana,frame_0011.jpg
151.48889200165453,155.2698500855378,177.13907806579186,176.81668992444492,179.62592876392574,174.66726845192758,127.82465794902376,62.705819152473346,Bhujangasana,frame_0012.jpg
172.67335320349363,151.39038048483317,161.66524699642298,157.14458344006562,170.16156225111519,160.68784435809985,159.05143147381898,37.251272775407216,Bhujangasana,frame_0013.jpg
165.2799399681969,156.5707893611232,160.36066087364367,155.309992901279,167.60270540740004,156.2407141587565,166.58180886693788,36.78540893631132,Bhujangasana,frame_0014.jpg
132.58080522952318,143.31133424576817,134.76455607058452,130.5101699345256,175.97616731632365,167.2737967103473,90.99018309450173,91.99947252002052,Bhujangasana,frame_0000.jpg
120.10697306930105,129.88795389207428,156.15866633769647,154.89833553100587,172.17274594626673,164.5665469897786,16.217529102318437,121.37533228692806,Bhujangasana,frame_0001.jpg
150.19695177608148,127.52660719738125,154.23347003485847,153.20850323031394,176.94398186225092,173.8293854219255,104.38671202309237,76.20982730008868,Bhujangasana,frame_0002.jpg
154.50571040050107,117.57200060863634,167.1503453563841,168.2955095651619,175.5366487367309,171.88615091578285,122.83723478780196,67.09888643707971,Bhujangasana,frame_0003.jpg
87.96505908366042,35.470497814455285,163.93668248505656,171.54647929790636,169.00414488438324,173.52511473197487,107.42792415595035,70.92036869809913,Bhujangasana,frame_0004.jpg
117.91829324809974,71.52192934553874,177.01547097653298,179.9279268906119,175.76038875163454,169.37671128194407,137.89879784210677,48.3827465205075,Bhujangasana,frame_0005.jpg
132.43583749749416,72.58349191616362,160.13760649946386,166.13905555401908,166.41136001709688,170.1903960199606,119.06137455610971,63.899567586840696,Bhujangasana,frame_0006.jpg
135.25867589308365,74.03099741717548,160.01045215612086,165.4154134109939,163.6575727959643,165.2669541251143,124.01204517012293,57.964762634573056,Bhujangasana,frame_0007.jpg
140.01444084463344,152.1078904041418,161.20708927882063,165.3229136342083,168.58186527646134,166.72477409745628,121.74078667236392,65.00273514620943,Bhujangasana,frame_0008.jpg
130.70889011707544,92.8540951957681,159.1474323429614,161.7331742749424,171.3671920937634,168.59433543197503,112.00451831866297,71.6433661440594,Bhujangasana,frame_0009.jpg
74.97508188587155,18.145066424457056,166.77879890092555,174.85377765677808,177.46681407646403,176.3429237048795,90.58300435763108,84.64074201787814,Bhujangasana,frame_0010.jpg
78.79871634676597,16.460596201290205,179.8270702218091,177.98394363733254,174.67954900688886,175.35972948323354,83.7927388152335,94.83385814487812,Bhujangasana,frame_0011.jpg
143.82525605158241,65.47052858094004,167.07474367993203,165.63769076792403,175.16635127283968,179.63235548463317,80.02065184862914,98.68040641018595,Bhujangasana,frame_0012.jpg
118.41512875782533,110.53722714690127,165.5747237697798,157.66211855602745,158.73514528944918,170.7071336771558,33.50989888013278,112.64208095978155,Bhujangasana,frame_0013.jpg
160.04888170213925,152.01045618532962,163.2925071613129,152.94663257610543,148.6636093528997,163.8094324317478,44.955838499577396,136.74836465427828,Bhujangasana,frame_0014.jpg
134.07382232623928,108.71409987970192,87.47276422909358,82.13424063541922,78.96543723184986,64.50187267323787,83.92373389065938,96.32767195032966,Padmasana,frame_0000.jpg
141.61127678077966,119.48972346830668,105.93786997760688,103.61285706246693,89.4284140958041,89.21275938680954,84.62345447852515,96.02706956633585,Padmasana,frame_0001.jpg
140.35618597598645,113.00766016211982,92.6851521364256,100.1607316481169,83.69511207775979,79.78526755032364,84.29516207673359,96.08131010359874,Padmasana,frame_0002.jpg
148.11948795484892,103.0311145612021,62.82846832624482,45.1301103745438,40.88726795006385,56.2909611493622,83.22288800401745,96.10170953694491,Padmasana,frame_0003.jpg
144.74250980661725,101.80198148632729,47.75625546588819,45.58999786804275,39.448937772953485,57.17344823153574,83.52699447862234,96.23910348113749,Padmasana,frame_0004.jpg
149.81180185046534,97.58607375483179,56.648739607424844,46.793835656447584,64.17887943226916,53.91485014572505,84.30444112882608,96.13179744886442,Padmasana,frame_0005.jpg
143.02456792355832,123.8412678817592,82.47745629608183,86.22600137885216,97.47680212220416,80.96404854186184,85.31691279591156,95.75722258938542,Padmasana,frame_0006.jpg
118.55480315310018,127.51657791725252,49.96324581522,19.86410469844824,68.56041724616739,3.429035568085541,93.12702383995436,89.22848083231128,Padmasana,frame_0007.jpg
131.17371198923598,139.8144139503566,74.94261885422276,168.38012497217005,88.15325189561223,140.96988941868332,93.96757930541132,88.64264021149012,Padmasana,frame_0008.jpg
129.06421945595477,130.3258630628749,74.57486948105915,159.35834281744323,90.83342237235082,130.39470245516907,92.55728906729455,89.91461303698146,Padmasana,frame_0009.jpg
127.42270949125411,130.41426418523926,64.42582883668656,148.59802144174952,88.61028724315958,115.29365240558364,92.93932966742982,90.19953683129111,Padmasana,frame_0010.jpg
136.7508263884772,132.5734027627582,80.06500372827479,167.98314827615684,100.5871116338304,136.0400251370454,92.5906683448368,90.37695629095411,Padmasana,frame_0011.jpg
155.49342437001437,122.96678181705384,50.02958633135907,7.356105927944121,68.54384305857897,9.940162160338229,85.21220424703478,96.03244320539916,Padmasana,frame_0012.jpg
101.57015298894643,105.59740955006691,48.497104777635606,45.60624980275074,44.34841613810438,33.89440639455129,82.68544567590817,96.58942438656916,Padmasana,frame_0013.jpg
117.3787675155128,119.46090672524531,42.77011344131782,32.48744336684884,22.15167818397749,43.3649652202715,81.48986968917878,98.42198105976888,Padmasana,frame_0014.jpg
141.68284966308508,176.17934959608698,126.44831137783734,128.62361754632593,137.01780622306674,133.31392159569597,63.53501286185962,120.3685805979383,Shavasana,frame_0000.jpg
150.73017964985922,178.13628571801237,132.05310521574512,139.0453102948184,116.24863445757497,127.4103687850377,45.008053048781434,137.1456490368468,Shavasana,frame_0001.jpg
170.89179325535977,175.41274292780852,116.02815511242224,114.15888912955334,70.89062482252396,71.64904717063764,16.454657591418297,173.96909995722964,Shavasana,frame_0002.jpg
168.63538880425577,169.67746158074874,107.53871453791572,99.81181175740072,46.813801889071435,46.72428477702422,173.98318433781714,37.83646712695946,Shavasana,frame_0003.jpg
178.91243812088823,131.6738133094515,100.42627476122782,107.12293217445054,54.3767875046899,57.41050445940929,64.48086241993602,125.92198254655739,Shavasana,frame_0004.jpg
137.3695034922918,159.15405935657702,141.47737737062235,146.06460971011876,123.40552527498032,129.9368392601865,78.37870829549057,111.81356843306978,Shavasana,frame_0005.jpg
135.7416562877946,173.1626452640831,156.6580512147728,153.29554654785437,162.53423578793348,162.1486071708683,84.40645400536732,96.43643968746966,Shavasana,frame_0006.jpg
156.89582099601265,113.66677276370865,163.63841354141442,169.34398551646888,161.83656678853475,176.4772973794624,13.93994326450293,150.24662617494985,Shavasana,frame_0007.jpg
148.33638090031974,131.2419736155228,171.2039129693013,170.96564263014307,177.94127899217654,178.6397459930806,94.98847624271664,90.30973866833776,Shavasana,frame_0008.jpg
155.30457856037057,144.68277723235965,174.68418986046242,174.27759820200575,173.18213569459047,171.14437593085356,107.95668935818159,78.86797673328192,Shavasana,frame_0009.jpg
156.75988901255056,151.1814836408643,165.56182680547627,166.40901969091678,161.91020379139613,156.62018726311013,103.46001459759574,86.0017978855049,Shavasana,frame_0010.jpg
155.53987333533814,136.77817961381288,175.70984376968372,174.8486338423439,174.05353600791568,171.25133341262588,109.01027422905435,80.67218614035411,Shavasana,frame_0011.jpg
152.37701119641645,150.8494969505316,177.40303863836237,177.29224116352492,177.47063685686516,175.35073746630312,102.30889960132053,84.90729058550372,Shavasana,frame_0012.jpg
154.32133838308707,130.49240288376365,177.35980418598703,176.3741353628698,177.74061216114995,175.52785210919953,100.66367803850524,85.692717877382,Shavasana,frame_0013.jpg
160.0199580433355,137.60277985492831,177.45211405420093,175.6052499216322,176.01489224655913,172.19741040806068,102.57020568640377,85.63016590787609,Shavasana,frame_0014.jpg
175.73826323556293,143.71246388283143,179.92852383984268,179.46841930309515,177.40237651621183,170.3528958716987,84.14029239870939,94.20659019016438,Tadasana,frame_0000.jpg
165.38463633462297,153.25771348738124,179.52311008924792,179.14234587762914,177.82619515710817,170.49669166629215,82.67649239164564,96.60338636070883,Tadasana,frame_0001.jpg
138.0399329938239,125.86802074670186,178.7769020404731,179.49377908573754,173.1389829147615,172.93438658662328,82.84136114187355,96.43575373730395,Tadasana,frame_0002.jpg
135.11157783835634,126.16561503188954,179.03563604791825,176.86810844735737,172.66232902901115,173.62393423340157,83.36372716650298,96.17960820218319,Tadasana,frame_0003.jpg
124.77214420345103,121.99632398433937,177.766796645156,178.1286165817321,174.21626014949058,170.32183603412506,80.68072340090528,98.62901808016942,Tadasana,frame_0004.jpg
160.92521393478592,164.9642123162477,177.99323891289768,179.0661786776944,173.90982664176045,170.83016840155452,83.20601935271087,97.50696969529398,Tadasana,frame_0005.jpg
163.17830751962114,167.06314315913122,179.29321871583056,179.91235281766237,176.9910876673312,167.23155598441917,80.82060221067475,99.42739775803105,Tadasana,frame_0006.jpg
166.05548927178927,158.94671736954092,177.2863486876505,179.2159186700229,174.53175713013175,171.35795402874672,83.2665895460039,97.0384017402689,Tadasana,frame_0007.jpg
164.95489406825175,152.20452397414414,175.7463803812964,179.2274260093364,172.75984646526257,173.86844018845755,84.08016652843429,95.12472639645271,Tadasana,frame_0008.jpg
159.72817953150482,153.08529398514014,175.28208043482405,177.20237439526431,174.35386238022383,173.2250609107201,87.84125359484638,93.2532755065267,Tadasana,frame_0009.jpg
144.5215960741653,148.86187412053275,177.71474786206616,176.71266130426983,175.63954750186022,173.52820585911397,89.37900033188723,93.41202533921881,Tadasana,frame_0010.jpg
143.20945755527504,143.71726235601068,175.6206069022871,179.12646277772515,173.87164873626116,175.56627555096648,89.12386582428667,93.47264373629898,Tadasana,frame_0011.jpg
148.4748132330464,149.7877594213987,177.67264660924187,176.5042234966788,174.5881237395612,173.96832949776834,90.14892607865846,93.00712052167209,Tadasana,frame_0012.jpg
153.20676878506407,153.5770346390675,176.84797494694126,176.9416058950062,174.31980224854934,173.49691385587138,89.01040560813419,93.10655030219961,Tadasana,frame_0013.jpg
158.0122410374832,153.14587001660337,179.8054518297276,176.24831786001565,175.29555588968196,173.37222808854438,88.45141945115391,93.30478459115506,Tadasana,frame_0014.jpg
164.73013439859872,165.05083944637553,174.95536877486498,178.0254116736353,152.54674287748946,158.7930653278269,85.01731754692904,91.30118303024658,Trikonasana,frame_0000.jpg
164.79643074541679,172.05357363613444,174.59246867849686,173.71706873682697,153.66314521625304,151.8674953752437,79.08572022192102,96.28795744459127,Trikonasana,frame_0001.jpg
163.30140919416485,178.9300107918098,173.40528705100274,171.36356519689062,144.6754177133412,147.63900583462407,84.66923510740816,90.60713002726482,Trikonasana,frame_0002.jpg
169.606110738894,157.60938046640234,164.88235749225282,173.29451343264842,108.61464908921432,175.2689514779757,83.3827424709424,80.55070237179919,Trikonasana,frame_0003.jpg
173.54147115893596,163.93649854967813,170.22695246661388,177.2507737334485,84.3549035698823,165.90942382346694,76.67284371576872,75.00186745552783,Trikonasana,frame_0004.jpg
177.12536262276654,178.4971876712942,179.4731339029727,175.60599346554838,70.61448751865298,150.68222814513467,60.596845496139665,82.53220974523137,Trikonasana,frame_0005.jpg
179.1296658848233,163.9143111015335,168.44096040326392,176.03736614498527,67.45251706077852,144.19531158895538,62.25693834271067,77.4423763349729,Trikonasana,frame_0006.jpg
174.76099697822193,164.01612250470194,168.22556981638937,178.79651278281042,66.76659369864838,146.00180638373075,63.19167374716131,75.52909032741782,Trikonasana,frame_0007.jpg
177.95721441446514,162.10404039174497,174.31637689448993,176.58285092387217,102.76360742645731,136.78810015542467,56.823112864753014,107.70060435854654,Trikonasana,frame_0008.jpg
177.79381845473964,159.41419298755486,170.91334091943875,179.32289777028234,69.16263339004625,148.12620544389253,61.71135071159448,78.33275424581035,Trikonasana,frame_0009.jpg
174.8170587948344,150.55303204399797,174.33353806278927,175.94214697188073,63.28728697372997,146.05778579814518,62.31644252546501,77.6594161506944,Trikonasana,frame_0010.jpg
175.5673335780595,147.36563910981064,168.8603293170491,175.68336392619977,63.31342602533652,146.09695991484529,64.56072592906777,75.76879309430318,Trikonasana,frame_0011.jpg
176.82782697420484,148.3300508019744,168.14393520861543,175.516276284995,67.71655841421166,147.43297941386135,67.24115877168866,70.17748343433492,Trikonasana,frame_0012.jpg
177.65334490690773,159.92287669764139,165.12923112206917,177.6923151224893,73.81274558684005,152.2526555033,56.52140456035672,81.8135271219849,Trikonasana,frame_0013.jpg
178.2304155982299,155.73417947466223,172.56763906093033,172.25949259010636,64.91977407969745,145.1707168145474,65.60951985803413,72.03763083222691,Trikonasana,frame_0014.jpg
160.6611870580732,165.80321773357053,178.8636528040905,176.38047317839957,168.4608229176818,173.88243563293818,81.04962078925772,98.5036627432364,Vrikshasana,frame_0000.jpg
150.36943451667844,149.9734360679601,177.85552591240693,174.73503321847159,175.69590336709925,169.46061618749647,81.97343679399934,98.21210041588306,Vrikshasana,frame_0001.jpg
151.51614008329767,159.15637577116854,175.07379183056278,159.58229650355463,179.33261996306138,157.01584062476422,87.80770799958903,96.77918545104986,Vrikshasana,frame_0002.jpg
175.19513584248034,167.87603692304157,161.82223798157452,101.24615334347857,175.0300349983471,130.40723094706644,88.45691566444883,101.33009834053065,Vrikshasana,frame_0003.jpg
177.34091107824477,168.25088391248548,151.16336803723613,76.1462799133623,171.31928135241787,126.07273864201085,86.4407431811203,103.16570159594389,Vrikshasana,frame_0004.jpg
177.822045452174,175.05562644074794,145.87769407076954,67.65169507277201,168.22712541491654,117.34828248942472,83.95806173429875,105.59915259494561,Vrikshasana,frame_0005.jpg
169.83663007561304,157.87050681339687,148.72328710521987,71.87518225786518,170.45319596994688,120.72831245408392,85.63920067995967,103.73527391849002,Vrikshasana,frame_0006.jpg
163.06867999569255,171.45223965426723,159.4139304705387,83.41931116123769,177.4128331488298,123.36588337250286,100.69200585866574,97.20469881450697,Vrikshasana,frame_0007.jpg
159.32823870581672,159.47010843491472,159.75636273801203,119.0826836772881,171.09514414979333,134.0745660434228,101.21552586773174,93.92011204099656,Vrikshasana,frame_0008.jpg
151.12110896032283,148.69133791433032,174.05247045792908,137.1495872681136,179.33037290625893,140.30323916983946,102.42026349615458,92.32913312582103,Vrikshasana,frame_0009.jpg
153.13956066124956,123.45163288894966,178.04817138420904,157.32915380346935,175.86252726666163,150.74325434626496,102.85987298594868,90.52630543298643,Vrikshasana,frame_0010.jpg
167.76189689900937,179.81852118591544,163.7902882627307,90.55210245733583,173.48152470555098,115.2054689070487,102.05385279971024,99.9845561376127,Vrikshasana,frame_0011.jpg
167.02689500899984,162.3165391787619,171.60285158109488,103.49663031429725,169.83530942628053,114.99514009358239,97.73611158873844,105.36594708970418,Vrikshasana,frame_0012.jpg
173.70479212242174,166.28708774978628,175.35751662135397,126.86596605145795,169.11678398776075,132.2984464901211,99.3346074657123,103.2888771561756,Vrikshasana,frame_0013.jpg
144.93335222723957,175.54477092348247,178.84983721997364,154.93540193311782,174.21309172549596,157.98420894611084,101.05695409184575,97.85896841582927,Vrikshasana,frame_0014.jpg
148.4576259445803,140.5312416932352,142.57228244328593,138.5550778733957,177.60887167306765,171.2920848334683,15.755395295576918,108.93035015856394,Bhujangasana,frame_0000.jpg
144.15349421759612,129.57849643565504,166.3133897896959,163.8439041254324,168.02473940441845,179.154952739487,23.55704384281583,130.1628063491331,Bhujangasana,frame_0001.jpg
65.95679311856352,38.576617318307946,165.1348059679208,167.20336322011605,168.43061244703946,168.55602650689616,116.16670001007063,66.80274035473035,Bhujangasana,frame_0002.jpg
68.04011019953606,9.161701517076692,148.87244931417865,151.8656799752452,168.92992209317828,173.73304379286216,96.3401827233278,81.88817666369678,Bhujangasana,frame_0003.jpg
151.2161057172537,74.14828524644486,147.46109745747597,143.47076326691266,167.96728706230058,161.78377944157774,116.57388287689125,69.44071676752358,Bhujangasana,frame_0004.jpg
77.41501814380752,75.39053882173128,143.3644070548525,137.11918347828893,172.78127299911245,177.91429551905026,87.24108403730393,89.0758944189312,Bhujangasana,frame_0005.jpg
28.07937427608819,54.0305918357907,140.8003022785956,137.8251946914268,164.27652523847325,162.24151357894308,106.33373102781555,75.6828764938118,Bhujangasana,frame_0006.jpg
153.84157430852176,123.98640460545995,177.56503962949554,179.73686060320065,179.64676574988303,176.98432638860803,99.38793476370022,78.33296140986336,Bhujangasana,frame_0007.jpg
166.23807218957504,128.53945259383514,169.3421405559327,173.69507741074818,172.74687353377485,168.77931739332212,113.32103845124371,69.38349284494271,Bhujangasana,frame_0008.jpg
162.31860302708168,133.78131889451527,174.23831491169102,178.62320429010884,174.93633706633096,173.38208030484938,106.98315445439738,76.47426273944136,Bhujangasana,frame_0009.jpg
131.13388161400326,83.59048979701764,171.34608061407874,166.06530917630357,179.21155015288042,177.59804475203856,103.54812056143761,77.49483280337158,Bhujangasana,frame_0010.jpg
161.3069366263001,112.0536020809967,169.16896182468201,166.31822491842343,173.27377079413725,176.80265985241013,105.52850267107601,71.01605698971635,Bhujangasana,frame_0011.jpg
113.11230067647818,14.653733185578277,155.70595818575228,159.0059047127963,165.4190876597657,168.78584473563143,99.38044785339787,78.26294923576538,Bhujangasana,frame_0012.jpg
153.68253230615346,127.11153837776817,143.27360582514277,141.67520748590158,168.5575502805656,161.3724085495368,92.84368120563006,88.34394716002781,Bhujangasana,frame_0013.jpg
123.94357239477829,63.73905852301005,166.50053589928902,167.25862250345506,172.15232223031063,167.3122385930392,110.06389469269453,74.26795058734716,Bhujangasana,frame_0014.jpg
153.40583652959043,112.49062416377421,84.55500456469403,64.03444332930047,125.80166931761542,100.44996391483856,76.304744014875,102.8333434373791,Padmasana,frame_0000.jpg
159.36138712371445,178.10367118043538,174.51818834064304,138.60484789888454,128.33020060716808,171.57696655280174,79.24339275232573,100.1849173340355,Padmasana,frame_0001.jpg
156.78770540408473,172.35836810803414,62.59810584689572,45.26357875507637,123.95714151584383,100.25748448946139,78.56782232524355,99.79439732051617,Padmasana,frame_0002.jpg
158.01765588532658,154.00275932073214,64.99031702683867,47.514487869286846,124.65832737367353,104.77671996716948,79.01006950439655,99.32738917406752,Padmasana,frame_0003.jpg
158.06199938492296,167.79947255798766,51.95005308251613,36.80967156712932,113.401634257184,94.75289360399124,78.80217413553721,100.18113639837324,Padmasana,frame_0004.jpg
157.71545912617577,136.04791767160793,45.46323037381302,29.878384505677687,105.1663178514318,88.91093484306596,78.17443203263136,100.34522121201213,Padmasana,frame_0005.jpg
144.8359987669109,145.0290604965705,112.79894657369212,53.17110601851837,170.47103893469526,103.67919315170712,79.05201393105877,99.425086031837,Padmasana,frame_0006.jpg
155.4009800611862,101.16002074395541,16.583697883569037,27.159079391041576,62.00044066511914,68.86935786285342,77.49883725377485,100.94706223478094,Padmasana,frame_0007.jpg
144.51590825968844,111.15234935369466,99.33848144582855,18.129012011564818,63.932767466617136,48.94639361984803,78.22918318673996,100.64001392178147,Padmasana,frame_0008.jpg
178.89800279377076,75.16549289222215,34.88610626603693,26.49053691009153,21.802622503150108,0.1460609223052216,78.08846073207101,100.4022109376747,Padmasana,frame_0009.jpg
163.68509234754058,175.47116383415053,78.42236834984757,85.46613645862574,68.46705077968105,80.62560295338962,82.59777256018039,96.05486810250211,Padmasana,frame_0010.jpg
166.35048681879988,162.47958564513857,29.25086550172514,35.928691779680875,94.13704846715645,104.64500934663792,85.65737288342777,94.60285811382244,Padmasana,frame_0011.jpg
155.3742810774665,172.7242624228829,74.89981888428849,141.29277512195281,89.52667440116902,97.93355361107405,87.76210794886978,92.65342748482432,Padmasana,frame_0012.jpg
156.68687742935282,169.18534630105964,49.33198823771225,5.759565904869338,51.21836243184667,3.4363739443009327,83.5973090960257,95.07444569474407,Padmasana,frame_0013.jpg
148.3393266332961,163.69610083451718,117.66038444709554,151.37299967115035,108.95333538638194,135.52923282523705,84.53735996538629,95.31390415990835,Padmasana,frame_0014.jpg
175.8856564720573,161.2216802542336,175.5659343742673,179.30795571959783,176.86299259606022,171.3760887279454,82.8106206018568,95.49947861771184,Tadasana,frame_0000.jpg
170.58567745484126,157.25128598548747,173.554970419025,178.53853648293472,178.02964881458115,172.619764368715,80.16770897721568,96.40131808429662,Tadasana,frame_0001.jpg
157.7714336889839,156.4269704090813,174.92357771895408,179.0314355887601,179.56302742024522,173.5717273072493,82.00564308142208,96.8014558867705,Tadasana,frame_0002.jpg
162.50554406859038,153.84531326081134,173.97118161239013,178.9191949601221,179.19920816378595,174.52180346315203,82.33671732025813,96.15287656159931,Tadasana,frame_0003.jpg
166.27995897114363,156.02951755664054,178.30241737120355,179.4267758339872,178.69789543647232,174.74071958755235,81.0833666111078,97.2440531472915,Tadasana,frame_0004.jpg
139.29142299988433,114.3968124826967,178.8888628620496,177.28582012315462,179.91379725290966,176.20819465075948,81.53226910392127,96.32798737107952,Tadasana,frame_0005.jpg
19.244767913999738,35.8488465470721,178.03654818168084,175.70677341887614,179.69948093030754,176.102557730913,81.79909137321162,97.01419372842923,Tadasana,frame_0006.jpg
61.548518138501244,68.20845945086907,173.87241386428488,178.04572976578967,173.8638485218615,176.56096009695136,82.19494647010913,96.09000027450116,Tadasana,frame_0007.jpg
132.5200720353488,126.9209500572145,177.9172011019463,175.34165643623123,176.46640127295123,174.11681166263165,83.87747839139855,95.43073070928406,Tadasana,frame_0008.jpg
26.083193890840466,42.24891541327631,176.5423682715866,176.90805351286133,178.32491314272332,174.42376239501132,81.41159338683686,96.2881072402255,Tadasana,frame_0009.jpg
137.029611208104,154.5811586688204,179.8330453556812,177.20981579392043,176.46284642046234,175.4531953592743,94.44196319893224,88.325787794699,Tadasana,frame_0010.jpg
130.18744527151463,160.51006174443077,178.06002090134888,177.09362358555364,175.25205936290055,175.26291774711908,89.06256126996821,90.64507853178797,Tadasana,frame_0011.jpg
109.62477699423913,125.01455050929752,179.751530345084,177.63346963268182,178.9930565354808,174.4668200927487,89.0977237308655,92.1830717961277,Tadasana,frame_0012.jpg
106.7036893470021,131.13784195966892,179.8291273413829,177.01358207683347,179.7107623108937,173.12401108713027,86.81763071947557,93.83679205397135,Tadasana,frame_0013.jpg
118.35104981270868,133.75396443174145,177.8511985550115,178.16969691283433,178.87424902052942,173.9588862529579,85.96110147036265,94.1655308498869,Tadasana,frame_0014.jpg
165.36495478734423,157.63029255014843,178.30350989099293,179.6304513699401,178.2497570810175,173.4709774258115,83.2423767997935,96.26825279847701,Trikonasana,frame_0000.jpg
164.25626097885552,159.26771968400735,178.05545585284247,178.7998346476087,177.10107598075746,173.69659468689093,84.91832235160862,95.50671066550986,Trikonasana,frame_0001.jpg
168.05265520866607,157.24055312782983,175.3914548365124,178.3073665531674,173.75118215949604,160.96401679645427,86.63485947998826,94.98145818452707,Trikonasana,frame_0002.jpg
171.49139292362307,154.660353193712,174.06407155621378,177.08190845711076,169.29341607739903,160.18661759205204,83.8933430068341,95.74651406387039,Trikonasana,frame_0003.jpg
167.60322216985375,167.1237137529936,175.9047141100473,178.63672774602165,162.286839252761,160.72862852185887,82.52240887099643,97.3072031166363,Trikonasana,frame_0004.jpg
171.24501826599095,174.64045759103155,173.3170034089043,169.70833904585842,154.46318114724903,144.3946137677397,83.40079269216804,97.31798494732693,Trikonasana,frame_0005.jpg
177.2976887937325,171.01223256249034,172.26308173288257,175.12544771081514,150.35340860634903,149.09771954867435,86.3087798052251,93.69201284544835,Trikonasana,frame_0006.jpg
179.97380218195119,171.1800539875084,172.42521036978644,172.4044304290539,147.47672628422703,149.40915376289328,86.47485695398674,92.76274166515635,Trikonasana,frame_0007.jpg
176.2837066232121,179.6334533043117,174.54601863779075,174.84058430047116,149.52129151257017,148.2577668419244,86.58464113658974,93.51988670789513,Trikonasana,frame_0008.jpg
169.41981983187037,169.21213640207435,170.12774869746733,173.39162753186702,141.90203649105632,149.7186431459185,84.15045424144658,92.98386469495844,Trikonasana,frame_0009.jpg
176.9437717254493,171.9163628200969,174.92128616069937,171.11438280751895,136.05352814986927,156.24467614063272,75.05377260141258,95.24911759635437,Trikonasana,frame_0010.jpg
162.70209850306006,169.91503371266612,164.84699915759165,172.35325175603063,116.45934670032462,169.39988369861862,75.62540732902468,84.77046369238431,Trikonasana,frame_0011.jpg
161.19712328074442,177.76307837646576,170.30446754314107,178.23648310838388,95.20464902456213,172.3974551469376,67.28206855888554,82.88409150670711,Trikonasana,frame_0012.jpg
169.7191789360988,173.42023288254143,175.95356639819798,173.1612506183918,76.97858488358578,158.8897630171149,63.51824217297663,81.20165727562936,Trikonasana,frame_0013.jpg
178.3651504558442,169.36048111829845,176.02869308799978,177.7262773079897,94.87689568048502,142.47307483947054,143.62954019195556,8.67722834918872,Trikonasana,frame_0014.jpg
161.90752609450772,155.49138430115875,178.95016120380356,179.27700822002754,179.48654259381001,174.13987781476672,81.72741091778973,97.29341700305143,Vrikshasana,frame_0000.jpg
163.88305419527663,152.59333872556394,179.8532015642515,179.67294836757463,177.7319337300846,175.39703843430394,82.53859329119067,95.9978555315244,Vrikshasana,frame_0001.jpg
162.28674671955102,154.82508957591529,179.58531823651566,179.8828733446442,178.33122586745853,174.51338996438798,83.84799880595935,95.75024736193646,Vrikshasana,frame_0002.jpg
158.01172946732316,153.30750202025106,179.01733145733365,178.2093816310507,177.59744164397648,173.3273565827636,85.09867578918875,95.49010899921545,Vrikshasana,frame_0003.jpg
165.56051245826964,161.54688047777606,168.30828329664118,142.29352590261365,178.36761653309284,154.27644396541342,85.47890075344553,100.06681500386306,Vrikshasana,frame_0004.jpg
138.06296523598638,136.5227152397581,91.24274425560542,95.15544347177273,125.27475194796315,150.3179745593932,112.24482372769381,83.12468201699839,Vrikshasana,frame_0005.jpg
169.86154392752928,139.66719295043427,179.77590300138397,138.0276595208566,142.99756448088777,148.51272123354858,81.35852622902118,102.63967928737033,Vrikshasana,frame_0006.jpg
172.06426636708125,151.74740417438963,174.01444151141573,107.87363825071976,162.12253015896914,155.17769665000037,85.53006113973146,98.64675886397498,Vrikshasana,frame_0007.jpg
126.18112176774027,132.102403567078,162.00335488264037,98.73485255985297,179.90451694933134,141.8465810937803,84.9775435090392,102.86920787806488,Vrikshasana,frame_0008.jpg
154.92090210829312,153.4566214445228,162.541534866251,102.41627134092143,177.02000977350633,142.42326469017542,89.4564326579176,100.57707582926999,Vrikshasana,frame_0009.jpg
158.42065539192419,152.44674555275088,157.5375425995407,92.68506748624557,173.97667683220035,137.9826840276253,87.78924671017671,101.60876341611483,Vrikshasana,frame_0010.jpg
160.611557732445,160.8510344540953,151.8953667067028,82.20779803163317,170.85359753704685,131.85978148396043,87.70010674260753,102.47736194148732,Vrikshasana,frame_0011.jpg
157.00563379757853,168.25221791665902,156.9915488187436,95.09327961976112,173.33463095466124,138.15756259406766,89.63395146703392,101.44458383972743,Vrikshasana,frame_0012.jpg
159.15182078731374,162.68710040328227,159.88807517849918,97.58890713095656,175.48087200458468,140.08377212069826,89.52723760859435,101.1798281443981,Vrikshasana,frame_0013.jpg
160.4378712885102,169.19836924466048,161.3237353962135,98.59670268452247,175.82974058395138,140.25516686282526,90.69184494174084,100.75902529226435,Vrikshasana,frame_0014.jpg
163.7538023819678,158.97756544984296,138.86634325426078,144.33390106521475,103.67297252055224,113.14297967407464,68.38087295964206,123.27720753413048,Shavasana,frame_0000.jpg
163.4866417077368,162.98604428274146,164.13147794900215,172.93295505678583,119.15978755680987,129.79371669659974,52.52039529276549,132.33611710639886,Shavasana,frame_0001.jpg
166.10281800883638,163.54818253784256,158.34182958873123,165.89232125731758,117.25853235477994,127.50076738480097,39.06933344149082,138.45015124160227,Shavasana,frame_0002.jpg
159.51198850201047,166.4071549715213,158.71374721756553,168.6217565399443,100.24215802669622,110.38412159711267,10.30836291809212,173.03921579258855,Shavasana,frame_0003.jpg
118.52958821024556,171.44925270132632,159.1501211736854,167.35390273399472,103.27666254933915,111.8254193914985,6.678353612812547,167.03849932547115,Shavasana,frame_0004.jpg
114.13934836822142,176.76371736834872,162.1717453034378,169.5981444338339,113.94229036156065,122.17456474136401,38.23314938703807,143.56862699136326,Shavasana,frame_0005.jpg
150.21820967847407,176.92719298556628,171.21563115902256,178.096279295738,142.13406593090463,148.21167174135672,76.63201753566678,113.12417329458412,Shavasana,frame_0006.jpg
164.7378993752751,160.5696948361404,179.73090716786353,171.08679724021283,161.56948249557624,179.95947450777552,25.530190505554614,152.61512663078605,Shavasana,frame_0007.jpg
179.55159402390797,157.22905452113764,176.36563003724527,175.65145695550126,175.1463097079407,178.1533233422783,90.81125513654764,84.39191966132333,Shavasana,frame_0008.jpg
167.31128581003372,148.61727786761446,177.74180012358352,179.08843017893219,171.48004236497974,176.51187564761034,106.50681562503422,80.33093737044852,Shavasana,frame_0009.jpg
175.27691511704057,140.65557799310687,174.96506667675501,173.97562490062083,179.06062684739956,176.0201969128995,103.66344588606948,79.63812243744995,Shavasana,frame_0010.jpg
171.1968397164762,147.50451698537532,178.96666511814624,178.12560689658412,176.02681978801687,178.73666600019817,103.87593332216363,80.55058620205185,Shavasana,frame_0011.jpg
177.16781042542334,136.1801613304656,171.22481060520943,170.88298599708446,175.21223360100007,170.68403035018974,117.25601746927549,70.8222257977572,Shavasana,frame_0012.jpg
179.68408150709521,116.95333495389715,173.75872036265298,175.32136689135675,169.5675370437565,165.68481155511907,107.82984866832082,70.81472569837314,Shavasana,frame_0013.jpg
178.26732100598497,98.10788864754646,172.78293567816024,174.02315448172084,169.39458178113276,165.4991444864284,112.91977672477289,66.51689455459932,Shavasana,frame_0014.jpg
142.73457013034457,129.74882238473052,95.72003977642262,120.20890875351631,154.27280234223727,167.7222885254443,87.71363135172446,87.76138887344933,Bhujangasana,frame_0000.jpg
149.84016610844031,109.34438338997633,94.5544033862038,114.19790572085996,162.10513767667632,171.99010854639008,92.37059838529115,85.76699135901156,Bhujangasana,frame_0001.jpg
152.35455155200478,151.39305219220137,81.78122431325221,98.323114631261,155.9085846273452,172.46496900706777,69.18346202526887,95.83704392463848,Bhujangasana,frame_0002.jpg
155.21213481624832,33.029252346795,92.66083883793274,98.18533504502825,166.90692918850726,174.8345878477616,77.1883848513765,92.84770705916063,Bhujangasana,frame_0003.jpg
135.28387023876272,85.8492797347875,86.66243650186813,84.83079949566013,167.0617484761414,169.15308123848405,82.59864817885895,89.44396337331314,Bhujangasana,frame_0004.jpg
140.595147393709,139.4240001622305,62.07160887214649,71.4204067658757,133.7253926629231,137.46593404832677,131.97082208160236,66.76649452364443,Bhujangasana,frame_0005.jpg
168.02911058102836,158.33795119597292,62.16926491369762,72.49684371885519,107.13358002543823,109.49623879950362,27.428939279984693,103.76051071252843,Bhujangasana,frame_0006.jpg
172.51543141463893,154.5439319282712,85.59917532090931,92.0140106113519,121.70661540093572,118.88638830303758,44.069999693582915,110.76988204150844,Bhujangasana,frame_0007.jpg
155.10517566827826,158.52113591498852,150.5324017530793,151.20729101314788,177.22341159072013,169.20307477805656,61.331893444568145,96.87727661551003,Bhujangasana,frame_0008.jpg
153.5551105492149,149.370712954691,143.54631846726824,142.44809792525183,168.86724276296957,160.9036513696347,9.904769794354047,119.3692440724231,Bhujangasana,frame_0009.jpg
152.12862917112966,149.14770043763332,150.2224435847534,147.94409427692975,174.40521857831,165.3868678757453,3.048084337039864,122.54936745286842,Bhujangasana,frame_0010.jpg
156.42497375796236,161.32138515002634,144.72803254172848,143.0918179855471,179.2508254841984,168.42092051620463,16.294996515267158,154.01753580906342,Bhujangasana,frame_0011.jpg
162.6406950890606,164.5091513019233,142.61580855112646,138.781289818915,179.67565522780944,169.83980016129263,35.09108068189463,156.48094957083703,Bhujangasana,frame_0012.jpg
166.9573506136192,166.02690712853763,142.5229845960192,136.79951920607255,169.1883180344522,176.04827932998987,40.35696877289503,179.44480295319912,Bhujangasana,frame_0013.jpg
160.21915977153202,164.77469348361277,138.92284341632603,136.85859615006848,178.96233398372289,172.20539193499906,4.335808086970115,120.59450995410266,Bhujangasana,frame_0014.jpg
171.25547329592925,129.01985212150637,118.24747863688094,127.98133244229992,79.01705712641171,91.25804571120726,137.90982784357894,35.85343227088019,Padmasana,frame_0000.jpg
152.36541709252856,145.61336211288258,91.9182399594859,112.57067605921414,75.92403191987829,84.97028434924637,120.57368884382942,54.03469177383135,Padmasana,frame_0001.jpg
178.52145516314857,140.33348517056942,48.1975822482581,5.107079168189724,46.0542699679903,14.569549393984712,90.36110366335313,85.87341649552165,Padmasana,frame_0002.jpg
147.06052429687185,139.53291673679084,37.76175432718176,26.463997965692652,35.25815628006126,27.72799594681255,81.97356538066002,97.06079151821154,Padmasana,frame_0003.jpg
129.9350922084634,127.62833554877709,33.741379420219616,11.702701041912947,34.69789837980464,10.518234683192793,81.78585037410194,96.09488354791212,Padmasana,frame_0004.jpg
144.77328524958514,112.36570736268922,62.56235154444288,118.7771080427274,68.40001759873772,102.6768700938091,80.34588670033652,96.9865579109195,Padmasana,frame_0005.jpg
146.4894524652439,111.7877222770889,168.94185755923428,162.3994008615299,170.38272190328624,149.04674005366041,80.44388852707655,100.02131540309732,Padmasana,frame_0006.jpg
160.99582700559745,75.42074241098719,49.06672080510084,134.564927702476,70.01312608535198,114.08349557242842,74.67908097832213,100.12840832006354,Padmasana,frame_0007.jpg
154.95207904798193,115.99606847073731,9.941218778420875,67.68040016793944,20.800892364973798,67.4901815278053,81.8812605096488,99.18040874178685,Padmasana,frame_0008.jpg
156.55043505054334,118.69621889991464,21.21066781780036,13.276421994289821,20.339190266192364,3.4534622209951102,81.71381101316224,99.12107051548611,Padmasana,frame_0009.jpg
118.91587453085565,116.62802954480529,157.88909882018723,160.1601261341928,154.6372843312706,161.38611588844395,80.71147600985962,101.50052889268017,Padmasana,frame_0010.jpg
137.3912995824823,160.7957583908512,77.8078909285847,131.95318721150923,106.72252840301587,169.713441663686,73.23343643972619,107.11976852620082,Padmasana,frame_0011.jpg
153.50515620177694,167.37607181817526,66.06590938682224,78.69143399486676,102.27277803427802,122.10085183964246,76.77108247143948,104.53756865136286,Padmasana,frame_0012.jpg
136.57291583531006,178.18156787719718,105.71445210628272,173.78962389527848,123.33079766166874,126.36283169102843,79.15637324836939,105.0085613268441,Padmasana,frame_0013.jpg
132.83227269314642,162.40536232034526,140.88060202468304,83.34762924160053,170.548551900327,125.45901218443232,79.16841298579655,103.85145425406526,Padmasana,frame_0014.jpg
165.34050268328457,164.06811948094332,51.39388740097355,44.20637252000979,49.08509042899051,42.96926399395664,75.3540659896197,88.87383249530434,Shavasana,frame_0000.jpg
118.592634171154,137.43857345859888,113.73356390946934,121.27751665383295,75.30859627094121,79.44627399110536,83.48937483433095,70.63015170315111,Shavasana,frame_0001.jpg
141.0391283877886,112.51801815477864,95.56604451291075,109.73293524704127,79.64450232124764,90.77282447093728,70.84529765143732,96.2993976670864,Shavasana,frame_0002.jpg
141.90875315635486,113.68673720810543,124.41592582273098,135.73635718105334,108.48492065057803,118.49228264653229,64.96592941224954,100.5011503772032,Shavasana,frame_0003.jpg
132.6638238053213,104.52728807360407,149.65887351649502,157.7063436268588,125.20118273042333,130.68807632454235,62.17139504057845,103.24079462236335,Shavasana,frame_0004.jpg
124.03935038165841,117.49851122370114,150.99813552754972,156.3956298147626,115.9689479109499,121.62963262751964,67.09873960325517,94.2960983759049,Shavasana,frame_0005.jpg
170.82706981363742,119.69484960004156,163.83425560379467,169.19405944048452,140.8163247436145,147.07621352810938,61.5703089291334,106.22547909015725,Shavasana,frame_0006.jpg
144.42961761680937,131.1714031209465,177.08795100308225,179.2949599374758,156.09154898267138,152.74830226605752,59.704860820901324,112.33966505518994,Shavasana,frame_0007.jpg
147.31919633173763,138.92287463789205,175.71775261075794,178.57107077472557,163.20499912678258,156.43990709534444,69.27637154107586,100.61310333861805,Shavasana,frame_0008.jpg
163.77332221900042,175.65107043136985,169.65893417896874,177.79271490566984,174.88280426054902,164.82639090045194,146.71772875860006,52.8853492723749,Shavasana,frame_0009.jpg
179.62603942834585,161.9044518049741,171.52991464719616,163.25077805331958,173.5075439180251,155.277645248814,147.81530178135577,34.6912965633847,Shavasana,frame_0010.jpg
166.9067351707622,177.29331179996623,170.93958245063536,173.7072853575973,179.07657177359022,171.84566311980458,139.71117948771553,57.12517944756621,Shavasana,frame_0011.jpg
170.07226276399118,172.24534343032528,179.27839591411023,175.56768866127726,173.73980977404702,162.36734141897173,132.62975992268687,55.11352430753144,Shavasana,frame_0012.jpg
168.85196417302862,167.64643416914288,179.05317169535786,172.25952736872352,172.37900699341165,159.29310285976828,169.81014279905455,28.21503250629592,Shavasana,frame_0013.jpg
178.00100907169303,154.8097696279635,171.6666899972765,163.6424218491069,171.764916740401,155.16357507184875,160.2602213527294,41.61011169167339,Shavasana,frame_0014.jpg
158.97688892010328,159.11895375627398,173.83431067674903,179.6450597412047,173.7631156121408,177.52242360553444,86.69761931105961,94.4345095810938,Tadasana,frame_0000.jpg
158.33918287225165,158.82647299789363,179.57373311458522,179.42004540261652,178.91916658722005,178.66082280581176,86.98996040288257,93.12216311712187,Tadasana,frame_0001.jpg
156.26651236645523,152.09218606140027,178.05380633844402,176.1999463558387,177.69933801771433,175.16919815917436,89.83784871542483,92.02237900379616,Tadasana,frame_0002.jpg
153.3708498661015,153.26398898599044,177.85439943602427,176.6378471769693,177.89023241924545,175.16377075517124,89.57930362623745,92.38546713114867,Tadasana,frame_0003.jpg
160.03529778173106,157.91312766929653,176.20111510523955,175.6393473089931,178.81111035708784,172.05916530908542,87.59229939458888,93.5932034908796,Tadasana,frame_0004.jpg
156.76188095558655,158.37077487171962,178.7378903371069,176.57824197053867,179.14487687967937,173.25194075723329,87.18126538963998,94.31030404981577,Tadasana,frame_0005.jpg
156.77130148165588,157.2910633012471,178.66428827789147,176.39797842398207,179.38486799024335,172.2452052320712,86.35909518048146,94.69878855433338,Tadasana,frame_0006.jpg
147.41665613542767,157.79485424264362,179.57421761126628,175.90193272422803,178.77490702896696,173.14743236300774,86.57520620779103,94.67931184487874,Tadasana,frame_0007.jpg
146.98541241672908,156.9342959167252,179.99941095867374,175.806996246566,179.06007357806374,173.21248028155478,86.42074884494643,94.68342637850837,Tadasana,frame_0008.jpg
147.1020865359164,153.51542645149337,179.39135738901402,175.50559776309854,178.50792712048045,173.6136945190575,87.13296962774628,93.88954754519317,Tadasana,frame_0009.jpg
149.40526132828657,155.33197406162012,179.49121680107584,175.4697360854668,178.07484076360566,174.0404697972352,87.28088073714552,93.9938154171011,Tadasana,frame_0010.jpg
159.37772605058584,155.7895390633815,179.9994614494915,175.9532817858929,179.91282375705268,172.90671728340425,86.53149692841635,94.16559232176098,Tadasana,frame_0011.jpg
152.80343622476303,158.78158486809676,176.53603003597843,174.97173608255355,178.90084988754015,171.94823495808131,87.51326916656168,94.03538140576852,Tadasana,frame_0012.jpg
151.96496684106594,158.01809700189028,177.3172187434027,175.23115276247123,179.35617504346513,171.99016489589914,87.23465417952617,94.54209771558601,Tadasana,frame_0013.jpg
151.52832748588,158.90172307266207,176.3191525125725,174.92144728309506,177.74769275724853,171.24800862022286,86.98811919154997,94.54828680453943,Tadasana,frame_0014.jpg
171.23073893534766,161.81486714613294,173.58554762087022,175.224732483792,159.72272424708828,164.3402668058061,86.97435956523678,93.44123702349549,Trikonasana,frame_0000.jpg
170.58828967045633,162.26078511683653,172.83502165288957,174.793404151687,159.60444855777624,164.22753263326803,86.78752130918559,93.53050035757947,Trikonasana,frame_0001.jpg
165.54743635169203,174.94853093711316,176.16606385651843,178.07118478933808,172.7909011277306,148.96222777706296,85.632665547905,99.40535791492404,Trikonasana,frame_0002.jpg
154.77831157886234,176.1539365843356,177.79021081602028,176.0598836439827,165.98309624366843,123.32554936744668,93.01651589772312,103.89422351670186,Trikonasana,frame_0003.jpg
169.15364121016214,173.96413481594777,171.30402258830804,168.68968486805912,143.08799328250547,88.91774579163562,78.03026129613396,126.09345034550395,Trikonasana,frame_0004.jpg
148.8787623832811,174.35696140053534,171.580536431201,177.29575779060673,115.7000871244026,64.85801888965642,70.10430618865142,136.72644426812093,Trikonasana,frame_0005.jpg
123.80764050598206,170.655365932731,156.1692168671837,174.66836123789838,143.91745902439592,76.4699700597129,69.11612633221444,136.60677495479982,Trikonasana,frame_0006.jpg
156.9049139215418,170.29999093717825,179.73019367977142,175.7876335608846,125.45683239900346,68.83332106049916,72.26778024600685,134.16300644704378,Trikonasana,frame_0007.jpg
149.80208956405514,167.7064328167061,173.25731992597463,179.7493143941815,116.73336177871958,61.65625110662391,68.66356882364663,137.83422163283035,Trikonasana,frame_0008.jpg
147.8864552182178,164.82241048341646,177.25059075916542,179.36603961602964,120.49115174412675,62.33331124673273,69.07804380246152,137.14697886741516,Trikonasana,frame_0009.jpg
127.628169763054,165.8608756248774,173.19495005210035,179.36465420758165,106.93026959491412,57.339062204869386,57.033214563075944,151.16044115331272,Trikonasana,frame_0010.jpg
141.42917806329822,166.12637412648812,174.3227027461847,179.343900744763,111.12291452283739,59.34348681811322,58.81829505254241,147.769680286536,Trikonasana,frame_0011.jpg
145.5914715579046,166.35106205553552,174.8847602962604,179.80672109212404,112.47223909573587,59.44660273620963,60.224601729122334,147.12236996815687,Trikonasana,frame_0012.jpg
146.37991164313343,165.80194614794914,178.086445530547,178.59797074077997,115.01952054867645,60.21707932971991,60.592924116193046,145.86077107309887,Trikonasana,frame_0013.jpg
167.3831951065354,178.3158966687397,171.9695080774734,178.3673197066429,118.78185076819538,63.88270311264349,71.82454466967988,134.32444706041204,Trikonasana,frame_0014.jpg
151.36074959090314,164.58604034433978,173.66237641586696,179.78968890937398,173.58961232604992,169.0374387794768,86.51268586711556,95.02444193208957,Vrikshasana,frame_0000.jpg
149.84076399801518,164.4671053246449,172.88613234765856,176.48829954391525,176.13296924618624,166.722092012568,80.14592509605816,98.920558819346,Vrikshasana,frame_0001.jpg
148.53379900082425,160.57960020364038,173.22330504379173,176.17103847219968,177.19389900302878,166.2340781045553,79.38649763037927,98.88907310792845,Vrikshasana,frame_0002.jpg
147.9720476124277,160.79926629785763,173.5409744286326,177.85296221978408,177.72826236803562,166.03260849925587,78.38399012035093,100.49993804100014,Vrikshasana,frame_0003.jpg
151.22085686516542,160.58924032748752,176.0440941470271,179.95188083063886,179.19374785863155,162.631566223977,80.82740778752328,99.2607618713652,Vrikshasana,frame_0004.jpg
149.31606681069948,163.51995596855602,173.50642447826965,178.68104403969568,175.84927455118662,167.45162359972412,85.45029832877945,96.45346811635959,Vrikshasana,frame_0005.jpg
157.39621863580976,172.62060896501686,168.68485507057332,146.11068238719213,178.3252825393471,152.57785579546496,85.68022981109145,101.85831275591468,Vrikshasana,frame_0006.jpg
167.75627645320287,179.08488559925513,164.81436399656405,145.18576784352368,175.7698584362598,159.34963160266872,82.20346056769849,103.50837980432216,Vrikshasana,frame_0007.jpg
162.25247072079577,177.94832387701925,168.2889153558114,153.70195787251822,178.73396522699443,168.04208590649498,84.50480101638986,100.75743849343446,Vrikshasana,frame_0008.jpg
162.33312551723608,179.51195148190214,164.90980818298095,146.04103042644056,171.96513042158236,168.8397169517673,87.98080424167316,96.90482491297243,Vrikshasana,frame_0009.jpg
161.42763749498818,169.9750501281958,178.83289662217285,166.83562535105665,163.359034992275,177.34999898132426,89.72460635914835,93.55866657222256,Vrikshasana,frame_0010.jpg
154.98015711892006,172.92115091389485,174.3604438633494,163.96330910844014,162.8087633374949,178.2588803700487,90.63650880358853,91.81965085486331,Vrikshasana,frame_0011.jpg
153.0338162950197,160.1704094635919,171.90392824427235,178.20342522068316,157.5867051192643,178.40538791980626,89.29650534745534,91.34328752302343,Vrikshasana,frame_0012.jpg
155.98456875922034,143.0518136290635,173.6807139741936,174.9876323774483,162.6237386876621,176.8007996972171,94.93635308800063,88.16082545610168,Vrikshasana,frame_0013.jpg
158.0268982666775,140.73089633568657,178.3039527883737,167.76392399369715,164.2470834381209,174.37462343209492,95.15247003187207,86.24068371716031,Vrikshasana,frame_0014.jpg
139.0773795319815,138.87030095938348,137.67554823902535,131.04713405421037,160.69899503788446,163.33757834639448,97.13386103798082,78.88452150788356,Bhujangasana,frame_0000.jpg
162.88432172389463,144.76426625735607,155.09132010206613,141.51478203975682,157.21592629495635,167.36615105766248,89.37329911656796,81.57232459547468,Bhujangasana,frame_0001.jpg
139.49723014861607,147.84327514518208,132.1106148329942,127.51066863370593,144.64986720354403,160.23418582997442,98.56014743364724,76.34561814263529,Bhujangasana,frame_0002.jpg
171.91372588424736,157.18792215216223,94.39284094558472,73.45040025931809,170.23123603972076,155.6433784421216,91.66848081993183,89.75416417842932,Bhujangasana,frame_0003.jpg
161.1416967540517,154.78255206045807,134.2944316213923,133.0675144218214,161.32964007544274,179.76638511808716,97.0642199642041,82.20772610843845,Bhujangasana,frame_0004.jpg
164.7975277484526,156.97635184121398,151.29364637288285,141.77912818331683,166.1126404490864,174.7144316009751,88.80010318954407,87.50914031560824,Bhujangasana,frame_0005.jpg
162.48408836670467,138.15323619333523,109.75208518359062,102.15762167125278,175.03093820690418,173.9063592602878,101.65983182158021,83.0425056446145,Bhujangasana,frame_0006.jpg
158.56442684287236,148.0268185752345,174.0374610055594,157.28634830060042,170.6353348048994,173.2237844601943,90.52350862094099,86.10373112277604,Bhujangasana,frame_0007.jpg
30.79498796925201,143.20587230503463,170.07239983479377,159.35385457771702,169.86913848168746,179.5714999329227,89.78711488168736,88.70633418232788,Bhujangasana,frame_0008.jpg
170.34466405201368,176.0027689466384,167.3163659029237,156.91616848434126,172.85987700244766,171.0859205525747,92.53729033099847,86.78077269304002,Bhujangasana,frame_0009.jpg
159.21413089587648,150.4234897249891,155.25330584420425,144.47811806183165,161.49163569487024,164.20098795820877,99.80885517952532,77.94858521320144,Bhujangasana,frame_0010.jpg
174.03086967962372,155.3805487601398,154.94321193079816,143.00854643087695,155.43283025372125,172.75550953440077,108.5068427458653,71.5145324412588,Bhujangasana,frame_0011.jpg
152.73885257812682,157.8118943579235,97.94508322028106,98.82488693595094,142.9796321990622,137.35975638059998,39.59246353858721,157.29489095517633,Bhujangasana,frame_0012.jpg
139.99893025178793,139.8282296185996,105.8479189398396,114.03573202226858,135.84653430011866,139.7882834999767,141.39481893498237,54.66726727616603,Bhujangasana,frame_0013.jpg
152.24956205533664,118.6375740366436,136.69743033355942,139.62887171643,161.63800324072156,160.65217087645817,136.0252124428714,59.45563141653456,Bhujangasana,frame_0014.jpg
117.50022553180787,132.73340265201992,140.54440851033587,142.647018619492,105.76685552050236,104.49672595397462,76.41479465681977,117.44113630027638,Shavasana,frame_0000.jpg
134.0125259113761,154.93678425715407,146.34230773690612,145.1759355497972,108.3066294606172,105.20983364817087,91.63591660497356,104.38778413120089,Shavasana,frame_0001.jpg
140.90505087798198,149.13771327239422,168.00915162223785,174.4401654794539,118.97814364280289,130.69169351352855,99.55981122075526,106.31583158936643,Shavasana,frame_0002.jpg
128.74111953024527,166.1987835212239,162.66136526707135,160.7626831899232,123.86088332721593,120.16439889915756,105.85005917911481,87.27235748175366,Shavasana,frame_0003.jpg
126.50663717172276,157.33164454136764,160.4027881409128,157.88530366034385,122.53369035636366,119.65118172157239,102.70284773396479,91.42070386750393,Shavasana,frame_0004.jpg
131.03906041839852,163.37713874686887,170.46958015191316,174.65679144099204,127.29537301956934,132.73393086767197,107.37706839465767,89.59665673535322,Shavasana,frame_0005.jpg
138.68229314626777,168.7776904571715,176.51769709905082,179.78985315157448,139.4298985720726,146.97965678425442,89.22233731480755,99.44774097434599,Shavasana,frame_0006.jpg
162.2835291909815,161.18650647473342,173.43890722944732,177.8989171812789,141.19419498167642,153.51647196684644,15.484503186625055,136.4755900062173,Shavasana,frame_0007.jpg
149.70983915048285,140.89133903718982,171.54727902986755,177.62907480229083,157.2274594891465,168.33211400630054,4.047570565816704,142.49855264638168,Shavasana,frame_0008.jpg
118.61235209201853,2.5768782975021267,175.44755436307773,174.52423427850272,176.73902724117679,172.87324574041247,126.72734850106107,56.1564816677136,Bhujangasana,frame_0000.jpg
79.41696674505944,40.37875610003011,162.10525314399504,159.30019264517722,171.33575027352936,161.4446298998075,80.55442424327539,94.01868168315588,Bhujangasana,frame_0001.jpg
133.8075798909012,19.688125038221003,165.49320331665123,163.619511817954,172.28286125013005,166.91651029648233,109.1010790051903,71.93352365169991,Bhujangasana,frame_0002.jpg
167.15088076658444,49.35001252748992,166.26743321724214,165.07320574409704,175.26773299589806,168.4108419519988,124.26968664961602,61.30100040838234,Bhujangasana,frame_0003.jpg
126.7285181226672,53.709488022102974,168.10258222710954,166.34944826174208,172.16926519837406,166.15972902390664,125.3758723567964,59.982238350144264,Bhujangasana,frame_0004.jpg
176.14984290186877,66.51698093387718,162.03054215199705,157.5293657398367,178.44422399638668,171.12663203309037,95.76175931047035,80.67794672804175,Bhujangasana,frame_0005.jpg
121.56883473640613,118.23741981495769,161.8266452075642,154.61139191623994,168.87763854704738,171.5803370589577,20.13700274195726,171.19475500996705,Bhujangasana,frame_0006.jpg
172.62841124285993,133.84707395335857,167.49505175653997,158.10046847139907,145.48461787701643,162.36056780453188,31.819325667451597,163.63696022250903,Bhujangasana,frame_0007.jpg
178.0745224873845,141.38749221417368,158.71125127719662,148.9387984884887,143.3315613199855,160.96512720280393,44.41182111359113,170.21454109753398,Bhujangasana,frame_0008.jpg
170.55620015170274,162.50366920430218,155.53971907761786,145.75225842371162,146.61482120405148,165.27316520064238,48.88833699227847,166.89487749481108,Bhujangasana,frame_0009.jpg
165.16802410406166,162.74536050781109,156.1696087773535,145.83228553340635,145.68879302706947,163.35923140614773,43.80016447218153,175.46421313372844,Bhujangasana,frame_0010.jpg
172.1581744611817,167.70252644863933,162.7593384438562,153.0897351618114,148.4064273844196,165.89677387970528,46.07528580147652,176.99334828069092,Bhujangasana,frame_0011.jpg
172.82222056242543,155.90360705722566,164.3009505001247,155.41323918031813,153.53633764904615,169.41779731628077,39.200370533865645,175.73455110199174,Bhujangasana,frame_0012.jpg
169.3400381564393,159.21664055295938,164.3879614988724,155.96373970774494,149.2932923206893,165.62128231159792,43.12171984859065,171.94207431901287,Bhujangasana,frame_0013.jpg
170.66825914489038,162.0242943799041,161.2511723451951,152.68005436614476,152.90918264257067,168.79307441499364,46.097601869653516,179.2391315515845,Bhujangasana,frame_0014.jpg
176.9748461252352,165.60213671488668,117.80533509700312,100.68043608964078,171.31379509927226,157.31470487877735,87.13990009340273,96.28868820040798,Padmasana,frame_0000.jpg
179.01489224163768,170.7276563824032,124.93664531088767,44.589165966375816,165.6005735867858,144.42665476339607,87.77367046664604,95.47849509461463,Padmasana,frame_0001.jpg
178.6299009500215,172.27008277622008,111.19013929800245,26.844099511512603,169.24351502039696,139.8825966448871,88.18046831553131,95.10232021452063,Padmasana,frame_0002.jpg
176.80149090949166,169.8149475805697,119.30252738736392,75.31744920006186,170.71471278823552,150.13082991667122,88.01528481629093,95.62710013111993,Padmasana,frame_0003.jpg
178.49179483400275,170.64948828804748,107.43373306073578,54.15467836273434,173.7769852143049,148.3816147441752,88.38774082498037,94.85855893911226,Padmasana,frame_0004.jpg
179.46852515872547,172.02110338347026,101.15726032189464,16.90532471270797,169.3568160568094,147.0550020123519,87.28536162980012,95.55286420566001,Padmasana,frame_0005.jpg
179.35047177000357,170.449500300471,116.71819778724664,42.30848442114485,166.59425771504462,146.19647810782396,88.0131376618687,95.6060071818071,Padmasana,frame_0006.jpg
179.3101431459163,171.04136715427066,114.8681642290925,28.363742409192835,168.60284706751654,140.8200874806212,87.80542098792014,95.32017179255713,Padmasana,frame_0007.jpg
177.95789238091007,174.1138762052727,46.69766413622603,1.2376563374298928,168.35946094718298,136.74950390143533,87.04484781949209,95.48790269750532,Padmasana,frame_0008.jpg
176.8016390727976,173.14804760020488,31.43276085671101,4.682433595650293,169.04423123497952,140.68983577133056,86.58367618045207,95.73478747783561,Padmasana,frame_0009.jpg
176.19754940868347,173.3625931779773,38.027592009592055,2.0980217622626256,169.61284928016894,137.41998352839474,86.6023420350298,95.62163574354715,Padmasana,frame_0010.jpg
177.66929490645595,171.35484620421983,73.94231977624868,20.218678907693956,168.60159124736057,141.52865511136002,86.59756271193012,96.29734476848881,Padmasana,frame_0011.jpg
178.1222418015048,174.42909485982196,33.156039261884494,5.611081851595558,165.7715248972867,138.71376786804174,85.4776242186668,97.37948531784818,Padmasana,frame_0012.jpg
177.23904865813904,173.44069812627941,32.5207252167698,2.1657062748067215,167.51635991070455,137.12554533138874,86.17534114686018,96.2035887483567,Padmasana,frame_0013.jpg
178.8131167131865,172.0164730888968,42.477186923462156,10.527125458790104,169.0679900176489,141.05752938527672,86.34979306836186,96.43523886675715,Padmasana,frame_0014.jpg
131.8596194385867,134.70009645985533,178.21859079585377,174.90088455516008,174.3813434146989,174.82768719909967,85.48992661301759,95.26103336100698,Tadasana,frame_0000.jpg
0.6486756578060828,19.324587502029257,176.4609424553576,175.8263198510415,175.65210179856481,173.80156452339264,84.46458207488574,95.16278927412122,Tadasana,frame_0001.jpg
153.99044426215372,136.82898812807144,179.94493455097978,174.59162018668428,175.11092932931686,173.25596691630548,91.06184266428892,91.76815271342879,Tadasana,frame_0002.jpg
164.07658206048526,154.29408307191122,178.76463865272532,173.75342487520024,175.9648407089509,172.7490731648344,87.34110983002591,92.9391461526212,Tadasana,frame_0003.jpg
170.858424153796,152.760680989583,179.50826196131666,175.19880408286485,175.99528940489753,172.96765201317632,84.83770496651876,94.42061637828844,Tadasana,frame_0004.jpg
170.18184304963876,148.5378091209606,178.82540958638805,173.83487885456998,176.7419817725305,171.19765011159123,79.94897159135301,96.41669296127613,Tadasana,frame_0005.jpg
171.99155052914074,154.48261300195296,179.79624352249184,175.16569013198054,179.47421756991417,171.13803932547867,81.48538319068118,95.39139920682086,Tadasana,frame_0006.jpg
167.1334415480702,153.04284513235493,179.44237422580196,174.1467565533965,177.24842230791603,171.80338382045326,83.02069794208325,94.6341992155538,Tadasana,frame_0007.jpg
167.02085861690333,152.95151754623447,179.50585459434615,174.65772255214398,176.88816244271658,172.9052821863017,83.58087594387808,94.72698912422194,Tadasana,frame_0008.jpg
166.04835015290382,155.50766241865588,179.65316334459018,173.8151205564743,176.6500379282027,172.66885802863746,84.29951905913076,94.63139206217407,Tadasana,frame_0009.jpg
168.42702171715305,156.0883090438929,178.25296861519755,172.32946247940882,177.81293828770848,171.90716174539835,84.04634847507273,94.66334682905774,Tadasana,frame_0010.jpg
168.2247403845319,156.04505202837714,178.761144938388,173.11575306997358,178.37426425040059,171.36868952793415,83.0251046087771,95.59965749220608,Tadasana,frame_0011.jpg
164.69335979845604,155.58778290076307,179.59163452750857,174.08735105377724,176.80878102058864,172.89316807582648,85.36370089739579,93.96313905474886,Tadasana,frame_0012.jpg
165.98790102030054,154.62663406845022,179.0690901208132,173.66243525341957,177.45175723762543,171.74715917608168,85.7866970970839,94.32592990789195,Tadasana,frame_0013.jpg
168.47782153401485,159.61929930204332,179.2790851687866,173.42807814779636,177.04964562101503,172.2669834134307,87.72501316274878,93.40497609983485,Tadasana,frame_0014.jpg
172.17926085448792,172.5046170857922,178.96483833671195,177.357029940183,178.75587274331798,137.677233145485,92.40985802822729,99.88118726496336,Trikonasana,frame_0000.jpg
170.3666629860678,179.9982328417844,177.85788975736193,177.80824129551857,156.1362876632742,112.4900728754615,97.59309119055105,104.17857256478742,Trikonasana,frame_0001.jpg
171.02028680426693,178.23519816925548,172.96396778242806,177.57467188462383,129.00542464947154,93.56932918160058,46.32956091596266,140.3944677884908,Trikonasana,frame_0002.jpg
163.75004927785872,155.3473263125021,166.64210109982045,176.74848259026362,116.40655805147516,97.55657072016248,17.912876600779942,159.20878778657504,Trikonasana,frame_0003.jpg
138.28940699097706,164.3069073682568,176.1612169631568,178.7685440030515,131.04088392594556,80.5675382705147,67.43437049721295,136.3645272461197,Trikonasana,frame_0004.jpg
176.58692565154894,167.16682019599156,174.50352575813278,168.55451656584728,139.6563921222121,89.68485456719331,88.48999352524676,120.05013059057289,Trikonasana,frame_0005.jpg
171.79169088827328,178.36604172465874,172.21720922448557,173.87539253338187,134.85132204417314,82.2778474008559,80.97171349092211,125.34651223991683,Trikonasana,frame_0006.jpg
169.57116103855267,166.48613898817652,169.9183328129177,178.62532188769288,142.9517859773589,90.25131320046107,89.10259811912223,119.90889980263465,Trikonasana,frame_0007.jpg
168.17001854817815,170.8038572032167,170.76422370675755,178.8471533880717,133.27557808836897,89.91432186091676,86.26732333965789,125.87619877608695,Trikonasana,frame_0008.jpg
174.27671621941073,173.58736355265273,170.09824889776988,177.4920745788763,137.1802415052086,84.67933407831839,86.51717961508874,121.70256642062218,Trikonasana,frame_0009.jpg
176.89947843558238,177.40310136061717,174.05778004882447,174.23510864742775,138.13901476303997,84.89562879562504,87.41197221185374,122.54399062804694,Trikonasana,frame_0010.jpg
165.03787047204509,171.41878609572294,173.07173320539547,172.78313344242287,140.4494483593304,89.3616704779462,88.16389836871565,121.3936912749364,Trikonasana,frame_0011.jpg
173.68861333354013,171.77070328668427,172.89701240067285,174.58551517072755,139.3372366066671,88.39308734617958,87.4969801484112,121.66053344126809,Trikonasana,frame_0012.jpg
171.73044708674064,170.80014485858862,171.66997011891618,176.27728289502477,128.88019330181277,87.25075909075525,80.94901853968491,129.55520217802794,Trikonasana,frame_0013.jpg
173.28173608724572,169.07523385627115,173.95269622272073,173.84694424767702,137.43761110103165,88.8354937312821,83.60370982467578,126.22231122089494,Trikonasana,frame_0014.jpg
174.44400513963134,163.5125190753486,177.11223849939475,179.59462205701095,178.29851671117405,175.94755268939113,82.08370289523081,95.22298998167561,Vrikshasana,frame_0000.jpg
175.61115040248583,163.55766233445837,179.1638197194399,179.48950848228327,178.7026201587904,176.03838835542174,82.42725123690776,95.13823449253546,Vrikshasana,frame_0001.jpg
177.91482579870527,155.36609254156195,171.81175581776503,175.49584337618873,171.2346668943531,175.38580116558626,81.35192106225219,93.91749093017286,Vrikshasana,frame_0002.jpg
28.541591477161052,32.6940233447499,165.8749439050856,178.40028863730416,156.0236489951861,174.71837304284307,80.73062375483704,92.75131145978911,Vrikshasana,frame_0003.jpg
32.45102051346742,42.784616214292164,171.63226047845797,178.64201794707586,177.8826491480617,176.44316484355545,80.45366456486208,97.69654708679164,Vrikshasana,frame_0004.jpg
24.449773371912382,39.47046390230521,173.59584422586556,177.10727892293215,176.77369069588897,176.56131423701282,79.63325366265475,97.43899656358563,Vrikshasana,frame_0005.jpg
28.889218126095752,38.9863471803974,168.1824625277726,178.78330438330232,172.95513463450544,178.23859143018234,79.23161029733886,96.88690740747808,Vrikshasana,frame_0006.jpg
30.63400243365304,40.48042722463519,171.9505813043178,177.78393221526622,167.75402311446823,176.38783224555038,80.65190161667043,94.80398255526526,Vrikshasana,frame_0007.jpg
27.73641393733783,39.6694013168484,171.01312795013095,177.73142850694217,166.17803114924823,175.68790104018018,80.66131718919611,94.44554102912386,Vrikshasana,frame_0008.jpg
29.220948784895597,40.63677842368311,169.94335840154804,179.3109774665781,169.28051257547378,176.30045305984697,80.6084515691239,95.12088119672269,Vrikshasana,frame_0009.jpg
29.084635966445703,38.678651177665344,170.85605900947004,178.2779226311619,169.2834749285576,177.9565968832662,80.1822389572405,94.61771334772226,Vrikshasana,frame_0010.jpg
27.975175359890326,39.69561287711894,175.28409259476823,175.18036612682124,171.04246615763083,176.92033788789172,80.43540313031998,94.42950613333267,Vrikshasana,frame_0011.jpg
22.445578245296705,39.21957147959982,175.49809362015776,176.95467592471192,176.95854877103628,178.01671240810083,79.4498979613884,96.61474114449204,Vrikshasana,frame_0012.jpg
28.933405658452365,40.73690797150097,167.59598740811944,179.49072917946845,167.20993267976485,177.06449597876488,79.91178665039301,95.41076702182505,Vrikshasana,frame_0013.jpg
27.523723143776127,40.37786762482804,166.5508029854631,177.49572074814284,172.4534326215233,178.47037761497978,79.23460670810357,96.34206627181652,Vrikshasana,frame_0014.jpg
129.8973756403206,95.40353748003504,161.57680547728543,156.22159829848042,178.3931345171812,170.26350304072,77.53915488648676,97.50209750636628,Bhujangasana,frame_0000.jpg
143.49624937194187,122.319061847992,154.65267637676448,149.56417076100942,174.84049802352294,174.95180841646308,33.64056905040295,122.36317259538055,Bhujangasana,frame_0001.jpg
148.0504763061809,130.3003222637791,156.29298202225053,149.17345250658096,164.7132678186806,177.46288918994682,18.561890259290898,174.22226164953094,Bhujangasana,frame_0002.jpg
147.17061525470905,127.1216575592645,162.3212757578492,153.5685817433668,153.75274625902557,173.12414040456235,25.673746833255297,178.36694019060454,Bhujangasana,frame_0003.jpg
147.84466660647803,127.39595957212484,163.28073352380372,154.2301342378149,151.96048208881174,171.6459476649954,26.743628123310785,176.99130267059743,Bhujangasana,frame_0004.jpg
160.2706202677988,138.66190853944514,159.24633630451567,151.2820642035335,160.1820374907869,179.0489830643419,27.052186808245427,179.80310587438973,Bhujangasana,frame_0005.jpg
159.38623603807045,133.86125333347832,159.18817498813587,150.1716406353445,158.7254160700891,178.3786894370556,26.253447438534124,178.73864457838707,Bhujangasana,frame_0006.jpg
156.64965871033533,119.74826791723957,158.48809639709359,147.25871270329785,149.88701504970692,169.8399819007699,44.9658915814819,168.5330863995198,Bhujangasana,frame_0007.jpg
162.36331957546182,120.02003966211687,156.52061176084865,145.47851334970693,152.64945277714546,171.11694663673975,32.992078895241654,136.4612499608628,Bhujangasana,frame_0008.jpg
162.13151541381458,130.28960417385485,159.84471976965324,150.24406421045654,159.0428630561275,174.524291945886,28.18915778904079,129.55868547670855,Bhujangasana,frame_0009.jpg
156.29589925490717,132.253623325512,160.48343114035205,151.40785818773955,158.91585942749867,171.8965102444366,79.84379471384983,106.9714393686973,Bhujangasana,frame_0010.jpg
156.49385790378508,122.31887620232216,157.10130755703,147.8030733485153,152.78771345945367,164.46361869124254,118.47249236989013,80.74252161674077,Bhujangasana,frame_0011.jpg
158.14439724708336,123.89843372885176,152.9440910175423,143.917588920276,156.53538531122678,167.5026421480998,119.16340323148638,77.93661184821978,Bhujangasana,frame_0012.jpg
154.43803172697847,123.93489192153218,152.27224415393496,142.99181071016702,157.11703142436343,167.42860605631813,120.75486027773312,73.45918011437303,Bhujangasana,frame_0013.jpg
151.62175105909444,121.53561905045686,155.07985491131504,145.67838509652591,154.9477152274271,165.81970356891202,120.48873344554481,75.86786500508124,Bhujangasana,frame_0014.jpg
166.94592758667972,119.86411939826954,24.51925093770684,17.045719054813844,69.32238717784558,70.90297042704199,84.93633030470266,94.17140627744193,Padmasana,frame_0000.jpg
169.47819667482892,109.14985614185325,34.55619897862159,32.46506253463251,94.7468035703366,106.23719805970511,84.93653032702089,93.58730415020824,Padmasana,frame_0001.jpg
168.94902656501608,115.52757936911986,32.81575198953106,31.305439061270082,83.76856435243872,91.27550577527172,84.19630969806694,94.72560229229376,Padmasana,frame_0002.jpg
166.82352713461276,133.16741077030332,43.25972466988896,37.36832718988685,75.87592010709024,79.34654002928627,86.7841112019303,92.83749759891165,Padmasana,frame_0003.jpg
164.89057156936892,125.10720188554511,36.922091148029324,41.081610932246235,92.59228877861597,110.65450571933582,84.14724751787266,94.15347033722047,Padmasana,frame_0004.jpg
163.0582055383355,119.64645766938177,52.31005901863262,62.88202766867468,102.15260003134895,128.5390225780444,84.44764314267724,94.35922104971756,Padmasana,frame_0005.jpg
164.1043264205473,135.53443073059546,45.51250028204809,44.88339753754773,99.02040972119438,115.55712559643916,86.03217973807392,93.20318056447185,Padmasana,frame_0006.jpg
164.28615152887647,131.6663062375596,62.71709564022626,71.16762115151245,115.82011739617819,145.81750997079888,86.12029104587415,93.34080407184754,Padmasana,frame_0007.jpg
164.3710746690612,137.29810667213604,52.45657953808262,61.16291029801934,100.70457536514952,125.21252634301197,85.27899781048019,93.73839157990977,Padmasana,frame_0008.jpg
166.17908334029303,140.25396242869394,55.25934661354536,52.21333809384697,101.86948663943716,114.30816926923184,86.95021633659374,92.61333202623622,Padmasana,frame_0009.jpg
164.28714789940622,140.50982190625513,56.6831754574765,60.93268808411717,108.4275732879752,131.69827360108772,86.46735031665452,92.9377143425502,Padmasana,frame_0010.jpg
165.95986629352618,136.14577446487257,79.78872626100375,85.37648198722964,123.87632880894947,143.70061134106948,84.68412596574571,95.46336573402823,Padmasana,frame_0011.jpg
165.35711008093978,135.4588814062225,60.35579657292482,77.85411056290707,114.28961761832822,148.84998835353696,84.27994273128087,95.07609205194836,Padmasana,frame_0012.jpg
165.5969026946401,134.60608056313552,59.1991790816523,70.56534065317557,115.23173613861339,145.1033108392699,84.21265870742592,95.26838757476352,Padmasana,frame_0013.jpg
165.08093482055247,137.7335996901092,53.47439428510243,48.662630465984456,100.87374681290504,111.68030844296806,85.16685037558533,94.93885534033086,Padmasana,frame_0014.jpg
102.41290465309122,81.79521837923312,175.30893257591208,176.9122974839013,179.58610371876279,172.63559286858003,49.609495801001835,111.4475778319081,Shavasana,frame_0000.jpg
97.54008484684297,64.65327418459474,168.98710896541377,173.54274311470448,176.92771100230553,172.0443323859538,10.844286094990728,147.82649066224852,Shavasana,frame_0001.jpg
69.18194717825833,17.623266537250338,163.68111999489238,169.59113906620232,167.06045044489622,176.54095367142196,1.0124005146774513,159.42129040435077,Shavasana,frame_0002.jpg
133.30421839631333,8.84319254044468,170.9269926674151,168.56366463120784,173.11644088138019,162.45191161301378,5.390693948592759,148.21954765714642,Shavasana,frame_0003.jpg
92.305785480063,36.580471650964746,171.07078973872092,175.73156926909735,176.8871588984101,170.47368269065845,5.232766024107844,148.08839876675816,Shavasana,frame_0004.jpg
92.17626235866467,73.38639941726416,172.98008717975085,178.07249087452163,177.6381739674625,168.8315505321464,2.613834266186527,148.56336097952615,Shavasana,frame_0005.jpg
89.00576615922905,70.69172903012259,171.16693819549835,175.47592334443726,177.53983788313437,169.97318608573337,6.790749469288186,143.00313726762553,Shavasana,frame_0006.jpg
101.96091890177354,68.82796520704352,168.71537968495582,173.35730117100255,174.8551944140173,172.92021536555092,7.574088706095717,150.22659094141085,Shavasana,frame_0007.jpg
104.61278844512952,68.44639795556331,164.4915592569839,170.1225771529699,172.1627776798455,174.59541677727637,8.895881751600246,149.61055332942993,Shavasana,frame_0008.jpg
126.51729587113643,61.535694085071746,167.83852321472477,173.7579733684889,174.6191378032562,171.18793057406262,4.977578929346875,150.84996424414305,Shavasana,frame_0009.jpg
149.65621259856053,23.806970255424254,160.59995518565555,167.90605702855288,169.5874955221256,174.48519311729993,5.5245000606224,152.7430780768019,Shavasana,frame_0010.jpg
112.6246744810459,59.69399736785786,163.31633816315423,169.10074680974344,172.5646016926655,173.86032087687883,9.61369144224146,147.11040596406963,Shavasana,frame_0011.jpg
95.98950076142161,20.480142802120252,162.6241537967381,169.2388739484532,170.57726506823187,173.75026587920573,3.8503501853092046,154.43707712552504,Shavasana,frame_0012.jpg
107.511011796692,56.329359148629116,170.0299279034423,174.4325480277686,177.48264533151936,169.95396278003707,18.578567318339303,132.22574094778759,Shavasana,frame_0013.jpg
89.16569809433469,35.24919245270485,163.721301986184,169.5628875631929,172.15519928531484,172.85239176564687,3.1401218375590214,150.4134589502456,Shavasana,frame_0014.jpg
111.62165022598033,110.3866608542265,178.82169296468058,178.29370819671058,177.11800824725887,172.19179636772284,82.53355501394292,95.48407896596376,Tadasana,frame_0000.jpg
132.89907820654867,127.32261645675158,177.45700290641923,179.65766839620423,176.076376175824,174.24379021029455,81.21449262786184,95.44772852525129,Tadasana,frame_0001.jpg
155.08110662550575,158.21543928997116,176.13623497115546,175.6755674976879,176.06843757852673,171.4767174060239,87.37495875344021,92.21417562549594,Tadasana,frame_0002.jpg
155.5853154524564,159.15075480774163,174.41564359959793,178.55352897322902,176.59452614230057,173.98110672437195,89.15854076420027,93.35118013691678,Tadasana,frame_0003.jpg
153.83351847230568,157.20401819242568,179.20636554883595,176.10261520879834,179.35151617116378,171.42590817118793,88.15547744684447,94.03819583430564,Tadasana,frame_0004.jpg
150.13922045394423,164.67984474344902,175.99454723544267,175.53660380536087,176.3906846642963,171.1306777656,88.41606444496048,94.00664365794168,Tadasana,frame_0005.jpg
145.85024941102046,161.9764458070027,177.83487624235678,175.99062372092038,178.85416079712687,171.79566938689277,87.05432986518429,93.34781775707758,Tadasana,frame_0006.jpg
147.27517672962944,164.6372923576871,176.59000560277076,176.28756764029086,177.6482682215604,172.49033172982624,89.66667054022959,92.88103073287913,Tadasana,frame_0007.jpg
150.70977547597514,154.55470507439992,177.42312453853623,176.01031711848483,179.9282186314825,171.34767802625714,85.59603590905023,96.32748478355205,Tadasana,frame_0008.jpg
148.57967851188025,155.79002684878697,178.38626406392004,176.08235368296184,178.9180374693502,170.5334947631627,84.35925096580722,95.81228503493125,Tadasana,frame_0009.jpg
151.53891066944507,148.21757567313674,175.17246462611348,178.40224294108114,179.39456257346737,171.81293187429114,84.73136106063609,96.85670978786021,Tadasana,frame_0010.jpg
149.93421751342967,149.72514446517604,176.66473687084215,178.8801395477791,179.55400803370657,172.6424438939577,85.63143883857045,96.25289796757478,Tadasana,frame_0011.jpg
148.91717978741687,148.52602371232072,177.55544653502633,177.18142536768806,179.6170103039062,171.68484457757108,85.7614217499362,95.6671922800473,Tadasana,frame_0012.jpg
147.5000876161305,156.8702993406995,179.88317168860792,176.08950886626522,178.97498466654176,171.18220927985962,85.9368960493442,94.49757167518983,Tadasana,frame_0013.jpg
149.54410443268884,157.18362012077162,177.0672097711501,176.85897164261712,178.71967479154964,172.19799236827785,85.14729328399875,94.53371085374934,Tadasana,frame_0014.jpg
60.71508546138782,43.971582532414,95.81750223449932,155.82117212703815,146.8469611010791,175.30682784178768,84.8355604990322,88.46049755553851,Vrikshasana,frame_0000.jpg
66.4085555120229,50.23168552847418,120.24008324591315,155.89481321241598,159.6565308475127,178.91471063782862,80.9883463926685,95.29178816134173,Vrikshasana,frame_0001.jpg
59.00693117463914,46.38127914536847,103.29314664804863,155.54711389443014,152.219511568496,179.6764046483482,82.08915101914323,93.71288733890782,Vrikshasana,frame_0002.jpg
64.11248730052833,37.29503155880856,100.35074767037139,151.78843361598211,148.85253299889533,177.92380848125367,85.0361005163154,91.91296817115409,Vrikshasana,frame_0003.jpg
61.79024768433356,37.468739752097356,106.1504948742414,154.54896217059107,151.7948538957391,179.13671539812938,84.85071062791884,91.94001837722038,Vrikshasana,frame_0004.jpg
59.08721413764166,41.41718052803649,95.89275388141385,150.57692754367648,144.29119994214037,177.42903247521662,83.0432753261256,92.80073453462465,Vrikshasana,frame_0005.jpg
66.25583746707903,55.49230094167958,149.61079501786443,165.39693264506212,164.5914244210868,175.46918101110475,81.27162871275341,97.50965322292433,Vrikshasana,frame_0006.jpg
51.32376981730837,60.54594369806602,175.72560967475874,178.83755574287383,168.43533188041587,174.25715348419513,83.16170390297265,93.64598238574499,Vrikshasana,frame_0007.jpg
43.19532529875336,56.240201917507065,177.38945952916245,177.62079463046584,167.6666339124384,178.58578008992183,82.7192558585394,92.96299887557389,Vrikshasana,frame_0008.jpg
43.898829695022584,62.021919183630665,178.75673244258812,177.0836562724,176.7773309290869,174.6242962138425,83.05441939963235,95.08901716909274,Vrikshasana,frame_0009.jpg
36.844764169876974,55.594823952162216,176.30198305634818,169.06412864608848,172.8782851971345,179.8892947667957,82.58809357236794,97.56091041599846,Vrikshasana,frame_0010.jpg
50.11224525323568,62.75894235049267,173.2541086494517,165.22862540150783,177.72204162279382,175.93631416922662,85.03416434913947,98.51046917687842,Vrikshasana,frame_0011.jpg
56.63752939966509,69.13468575316739,163.5500682358926,142.0319171696206,170.47456768465563,156.19021650688745,85.22565106011882,102.45022684236366,Vrikshasana,frame_0012.jpg
60.08262493737414,63.44790129905325,151.49010192586877,115.04622922051723,166.51357508619853,139.9905047114021,80.17251487416199,106.94893794078651,Vrikshasana,frame_0013.jpg
59.87635431534943,66.72128148657544,162.83115222632236,143.1306800444182,171.49403874054497,159.40264175704718,80.43208590453983,105.28078497143281,Vrikshasana,frame_0014.jpg
57.732804258520844,121.82151815017964,20.34221396619649,29.493971697172814,19.99289572762563,19.891264767905167,83.70116984682693,97.31005669337699,Padmasana,frame_0000.jpg
109.80815215633366,79.86172961256706,20.138258523429368,0.14601891476245932,48.17407474914905,29.265704794162122,80.17668660648263,97.67924587033127,Padmasana,frame_0001.jpg
128.3873358011932,95.1880540773346,11.246702337966791,4.435424458178856,13.45232467372033,6.111979902116544,81.52876663650538,96.89318420661795,Padmasana,frame_0002.jpg
121.47658996395498,87.69685185924,44.19101853683076,41.028003399785305,110.76862069441916,115.88430589838349,92.27647957606925,88.46753428077109,Padmasana,frame_0003.jpg
137.17513628300497,105.2565744652219,88.70530239193086,78.98949979567061,161.00861322245717,153.3896874348253,77.90677291949204,100.58548399523214,Padmasana,frame_0004.jpg
145.44435208106472,149.1908870893056,57.618748239559736,56.14517242476429,144.30878612703344,130.6125658937899,68.62864288087839,107.0212438233228,Padmasana,frame_0005.jpg
131.91122638679346,160.8686334481504,67.42875631505842,57.344567980298706,150.35401165732912,128.9842015781551,72.54315634120742,104.97209383262872,Padmasana,frame_0006.jpg
162.38114343663182,143.20871413928538,151.15968902050264,88.0661225092603,147.95418878923655,147.5248487287115,79.18131809057992,100.33273150022852,Padmasana,frame_0007.jpg
153.05165649731538,169.00789100129742,128.8366884058142,97.20956959389798,166.96052369988638,157.86114696842108,79.65387716738311,101.51198606153066,Padmasana,frame_0008.jpg
135.59460975681125,174.9268086057799,111.33020717866393,126.02740277384932,169.97587982106594,161.2763412989658,83.15858654191096,95.75995176559013,Padmasana,frame_0009.jpg
146.04173869393108,176.5634720283689,95.59428514620315,50.69618622666172,177.53360918849464,137.5282943478938,74.89845820314311,105.98353748545352,Padmasana,frame_0010.jpg
144.41469824609902,168.76013234184967,58.537296443833945,53.028446329190714,134.73998876503128,121.52044197186868,71.8882199978022,109.92704306222775,Padmasana,frame_0011.jpg
125.25022621183501,176.01371012028304,104.15253897944234,84.37139810365503,158.57977370757538,134.7816430541733,74.0905443036896,110.8565517049734,Padmasana,frame_0012.jpg
96.65817430992445,117.38105320764988,118.1646931763984,79.90739196918246,166.2569910521056,148.01490534635286,76.17304394453038,107.20069599564209,Padmasana,frame_0013.jpg
110.91249505996689,133.09544742066603,78.47518441487898,103.72892323268508,175.16952642274597,169.51538166697105,78.34942316577762,100.90187314697204,Padmasana,frame_0014.jpg
150.675130965424,152.95313538704355,176.8178678939756,174.1824774024041,173.4107556940126,172.91886133136532,85.85831230772578,94.00776558078277,Tadasana,frame_0000.jpg
149.63343067502282,152.64389694817456,178.156233769748,173.5298998369624,173.37736946778332,172.7712765909663,85.7111471142695,94.10616729719742,Tadasana,frame_0001.jpg
149.39756495966546,152.98511023745374,178.30905617483214,173.59493125533078,172.3815671706295,173.68547926511056,86.3464052519912,93.62320207539842,Tadasana,frame_0002.jpg
150.76795556058735,154.53189072348295,179.0736296955851,173.13619077821505,172.62767507030017,174.2569652965715,87.04542679460155,92.96680287527997,Tadasana,frame_0003.jpg
149.75607431258328,152.345470906762,177.41160340640246,174.75331304562286,172.69122782730517,173.84188490653383,86.50412790846889,93.5094157968131,Tadasana,frame_0004.jpg
145.38408428949697,145.42170873153677,177.01553413009674,176.392458076222,172.51562551686953,174.7895771721793,86.61077659195438,93.47655275310062,Tadasana,frame_0005.jpg
113.604239825203,117.12582698175517,176.7502400443324,176.8271563439795,173.15091243245385,174.1383898312838,85.92131730246001,94.46936000936323,Tadasana,frame_0006.jpg
50.216025935138944,14.730182182896455,174.40868526708113,179.22009842592212,171.54341533471504,177.625961825173,87.4607107492835,94.0101026531573,Tadasana,frame_0007.jpg
101.8052418307551,95.90277864075296,176.24340035689664,179.5212026263501,175.14414131161743,176.35290360992948,84.88332094854385,95.27278167348292,Tadasana,frame_0008.jpg
149.81830897611857,131.07629857937056,176.70721370824845,179.54692937938412,176.04960649261344,175.82638129987052,88.58606838145793,92.5020976231259,Tadasana,frame_0009.jpg
142.5019625603643,139.7677244163115,179.38721422845413,175.1576345034835,177.29167496994663,173.55677978829777,85.55249647900312,94.12383946976033,Tadasana,frame_0010.jpg
142.86238844510692,61.16322441107588,179.85136291386522,174.0846540022653,177.92695213823762,172.5874486692587,101.67686893486295,87.87412451367153,Tadasana,frame_0011.jpg
1.5991578293814535,148.63630285288772,176.03771367574416,177.15371411517833,175.46429098482938,174.38629321508589,97.79080470363355,90.09579257796264,Tadasana,frame_0012.jpg
138.80172556397935,146.9354434529253,175.89106129106924,177.4685812182929,175.08892201366157,174.75223397093782,103.23545062724142,89.08248065900419,Tadasana,frame_0013.jpg
155.14764862720887,144.25012275215383,178.96644060519628,174.70356879422764,175.30545748748366,174.99388125650418,96.21568199166325,88.263350147219,Tadasana,frame_0014.jpg
165.24092861120334,156.38952777309527,173.00153650827622,161.09005387121795,179.58725692064192,172.91684281068166,90.41500208027031,95.09438550843053,Vrikshasana,frame_0000.jpg
161.0477775062593,157.3264787159882,173.10376472728348,162.43230680413464,179.18054366631915,174.69238481160193,92.39384750890424,93.5459270482011,Vrikshasana,frame_0001.jpg
169.14055486636056,150.94237278679273,169.92766403289028,163.70335281766503,176.7664500808737,169.9862537625466,88.32459805367732,95.86968090607441,Vrikshasana,frame_0002.jpg
169.7365883871663,153.8373812649097,169.35748395471708,162.2484648025988,175.88735811885857,168.6314260710306,85.84608271700125,97.9284323898697,Vrikshasana,frame_0003.jpg
169.0426524814731,154.8573589652767,166.74146385885751,157.77044272978245,174.58878759561912,166.44153862149443,84.25325125168537,99.14055936144828,Vrikshasana,frame_0004.jpg
166.31164318112317,153.88026170584547,168.55985807081214,159.968129731208,174.5889950498093,166.81802778812855,85.1905100641547,98.10209732467412,Vrikshasana,frame_0005.jpg
167.88971616054494,148.16820887915918,172.7119222832911,166.731773709622,175.2382076902442,169.06090366859829,83.84204241274395,98.06481266226007,Vrikshasana,frame_0006.jpg
169.1331328072737,149.11039353958728,168.97828929622682,163.70066933329585,172.30957506708543,166.5756939978388,83.09790909919934,98.58711457510374,Vrikshasana,frame_0007.jpg
166.34326198107206,147.77702117141266,168.72306337301862,162.2927209848969,173.86577524697412,166.59994573032404,83.14927669660912,99.29451183740076,Vrikshasana,frame_0008.jpg
165.59990448437023,147.2653813013095,165.18770888052512,157.38583331375762,172.76122489610796,164.79969252529781,82.2823554769787,99.79203105257564,Vrikshasana,frame_0009.jpg
163.14410822478925,144.78495338737076,171.2193977782156,167.85732221022553,173.85461378821947,169.2508225352545,81.94986627173722,98.82662916585635,Vrikshasana,frame_0010.jpg
164.57562316466417,146.44517822231018,171.25458297815044,167.22327416193633,174.58652410032445,168.9730107062486,81.588496478786,99.80984885404858,Vrikshasana,frame_0011.jpg
164.96219999224067,145.7225364102642,172.97802806620334,170.5605217502353,174.10709967047418,170.1364484706963,80.52916358270774,100.00764743913984,Vrikshasana,frame_0012.jpg
168.16136993828766,144.84595872665903,172.9783854717604,168.03507155677642,174.97473560783035,168.15824883547697,81.8452737234138,100.22534594874384,Vrikshasana,frame_0013.jpg
168.56342588050092,144.32235917860487,170.31744649738536,163.46764199088767,173.87325133499306,165.75573103737153,82.10112147204504,99.9369425352495,Vrikshasana,frame_0014.jpg
165.23925111103634,174.00087499368973,162.2865417105451,173.71184532923044,168.8083558763916,164.6098929385073,133.64375655624724,63.63161150831148,Bhujangasana,frame_0000.jpg
160.9040775449444,166.12561540225641,164.91138467824018,175.78737749396097,170.89877427728126,164.88477541052436,135.58091375138807,58.492341117509326,Bhujangasana,frame_0001.jpg
151.2443549934495,179.91454488291504,164.60351850400363,169.77772233738742,171.34292215701035,170.08264843308353,140.40853108413987,56.256247298198446,Bhujangasana,frame_0002.jpg
179.81544252979302,180.19521527508192,166.78269449692735,166.86683033632082,171.31151113365348,162.5508002351081,148.77232769861394,59.08751293784572,Bhujangasana,frame_0003.jpg
144.83434853160122,181.58486175989128,167.4271189783118,162.91911348579194,171.64164701880813,162.3721951297381,149.45140228619016,56.425374500709715,Bhujangasana,frame_0004.jpg
153.68977093202636,99.74877433029825,164.8998106197915,169.64368218274606,161.99043879144895,160.6018357100256,113.82821335407387,72.36136019682324,Bhujangasana,frame_0005.jpg
104.65963554164613,36.66083913019773,166.09828298819517,164.74318257544377,172.60548820933704,171.37816654954392,96.47101122571158,79.89467517322548,Bhujangasana,frame_0006.jpg
134.22265922007875,91.81602073217651,174.98718107357266,173.49222225509857,176.83961745217013,176.19327088908057,112.84781524502813,70.17704137126499,Bhujangasana,frame_0007.jpg
129.696486357605,127.43774794736403,164.17389426009353,164.02949683351238,167.020614503677,178.26938047933757,29.582684670079175,128.07331876289712,Bhujangasana,frame_0008.jpg
152.63146284646677,145.62530084865887,168.6940924412303,159.89187530489835,155.17126152139147,173.94649845124664,11.841750675002306,131.63341242029293,Bhujangasana,frame_0009.jpg
173.86902142814577,160.78967573577927,160.76825229077104,148.55361585566732,137.54759213716048,160.07987029646978,58.86149131372251,168.76557252258135,Bhujangasana,frame_0010.jpg
179.33419489861447,168.0625036446337,156.2702118640092,148.173055566374,132.78478082105732,152.04632474832624,67.91431231733726,161.04619766486152,Bhujangasana,frame_0011.jpg
177.42628969671267,175.01373150923197,170.74533214575078,159.33887838274632,127.4273872508923,150.80977968714242,60.391630159605526,169.79663806046835,Bhujangasana,frame_0012.jpg
173.76203598889282,177.49710756241726,167.67426667192933,154.4090672077356,129.85496632998252,151.77459687920413,69.16487159071207,174.40157541688103,Bhujangasana,frame_0013.jpg
175.64462974529602,171.82977549853555,168.89515176130143,155.25410429085227,133.54442173217308,145.8609482746315,69.96198285704355,179.5703636188099,Bhujangasana,frame_0014.jpg
152.65274357329233,154.98185303655043,173.01301350975197,134.73846089974452,170.87562706762736,129.869609971116,77.05292491809632,100.58048709479209,Padmasana,frame_0000.jpg
160.5530692000404,163.10907285594143,172.79071312417136,151.37038952473176,176.38732535759536,150.8517263534176,83.51867142687209,95.72406359816034,Padmasana,frame_0001.jpg
160.73163201642387,163.26053439530446,168.45397365152948,170.086199021619,162.5223066189363,163.55285133882762,88.6112438962228,95.18296907537614,Padmasana,frame_0002.jpg
170.06194521391873,151.72841239809176,112.2817495661248,128.6102981991892,166.77235757217252,178.67498464773783,82.45272993208339,99.9542983856967,Padmasana,frame_0003.jpg
166.11901407357408,159.82994374140284,166.44272530103228,169.45183334451997,179.1209386278788,159.7571805091347,82.77292971059344,100.94676336736468,Padmasana,frame_0004.jpg
158.2758862055924,154.70714409830845,173.25005302218483,111.56613267237238,170.48945903880556,92.9377663139522,82.30375163337025,101.10104067959809,Padmasana,frame_0005.jpg
152.20368319925984,162.94539789687414,52.86333443977821,82.83619312303833,40.40178176941185,76.28647625892987,77.28517109170502,97.90810384891753,Padmasana,frame_0006.jpg
157.26444079464315,79.46465705225435,7.085096726365359,-0.19435814110198324,10.84056544436408,11.446136592888296,72.07759939986481,107.3316000871061,Padmasana,frame_0007.jpg
146.24724739903414,114.13365086710296,17.48198399126687,15.48484224550427,14.845473533011003,10.913620726057822,81.7663883153164,94.92033033599891,Padmasana,frame_0008.jpg
176.66623141937265,156.1400850284167,114.18485513765002,156.5130520891693,138.77961848944977,162.85701201076364,83.43794488098219,96.2723226306314,Padmasana,frame_0009.jpg
175.47536676055446,173.842139279168,144.58018470873014,178.66373945125383,126.21457378205531,151.8504740196611,82.7146256295969,91.18060297329903,Padmasana,frame_0010.jpg
182.4010462620947,176.98449257266563,146.6921777325034,136.79074752407365,130.30007835149715,164.64314508909314,84.10157769757325,95.29739824085263,Padmasana,frame_0011.jpg
173.9166869520256,172.1810143673223,134.2001189113794,129.02316147114723,138.10738946331716,163.61362946769194,82.81343170968492,96.84267977585539,Padmasana,frame_0012.jpg
172.70750277565605,169.83391571848975,112.15104952741649,119.49808383531409,120.49123004597584,147.7380011365395,82.76272870840988,97.72820901767098,Padmasana,frame_0013.jpg
177.87589120772242,158.8936977902779,97.41505778622307,115.77383010720924,105.56298117245885,120.81803817134019,81.10035030242676,95.41354526577807,Padmasana,frame_0014.jpg
118.86712495544644,143.02808177012707,160.08610505009273,164.87669280043949,99.2796922822938,99.03939722065668,82.78940211394439,112.10752949649752,Shavasana,frame_0000.jpg
128.14549727342458,140.40793879455074,159.2458546860034,164.5824245166872,97.75184317822267,97.64717703962613,78.95218454748597,112.70986125064726,Shavasana,frame_0001.jpg
117.11308904130432,144.33991928953114,158.73734442371605,158.9212728509389,96.43576307285421,98.42896007089584,66.0125915667738,122.81142793389074,Shavasana,frame_0002.jpg
124.60470587473199,170.0399219789183,148.6087846878926,151.3276324730704,100.02563958206507,104.63046648851184,44.59723805869248,145.98383309142852,Shavasana,frame_0003.jpg
124.50638778529098,176.91860474076097,127.05173687337285,124.90556110206937,98.61027246272837,105.58744646298318,109.802508619645,98.95788381503631,Shavasana,frame_0004.jpg
114.45752733980255,158.00233386670737,123.7646466837084,124.77573393652759,126.4146941748577,136.67078960696742,100.69107926904987,106.26918381535553,Shavasana,frame_0005.jpg
125.12079993793671,176.4969329602987,175.4052415627097,176.91693808032048,172.63383724360773,180.02723606768967,113.86808999292334,80.44106730635727,Shavasana,frame_0006.jpg
127.32560193694805,152.14347126662838,171.50063005522344,175.10699538250316,178.93395820492154,179.2816725813736,111.10248119429332,73.38033898047904,Shavasana,frame_0007.jpg
163.18344309206572,146.54710764187985,172.2720188083241,173.42459273345094,173.3106566680733,166.0085707924898,103.39908708829955,74.46616890943258,Shavasana,frame_0008.jpg
169.6957035917351,146.0927085246844,169.55246211540847,176.72845192566373,170.49169797241515,172.68777615118208,98.76077186775846,74.96981071547093,Shavasana,frame_0009.jpg
153.0211244032627,164.31843321472905,167.95971143160156,167.47099627750842,177.6758919232465,179.98259118289482,116.77259334791046,66.25396661154625,Shavasana,frame_0010.jpg
157.2320063223401,158.45486153183683,160.14995819253514,165.44419219711568,179.54181127640496,177.99071386488717,117.5638066403906,70.499485652637,Shavasana,frame_0011.jpg
154.67540995474238,164.92509004612694,166.29671635055976,167.71111079726532,180.03281223900453,181.4616763471707,113.80408312645035,70.15785942386744,Shavasana,frame_0012.jpg
158.6632444682931,165.46533636356185,165.25263512097146,169.66889562485525,177.8189279401608,179.6927587363808,119.43335729992482,71.1074530889053,Shavasana,frame_0013.jpg
153.60731709327803,164.53595210131033,162.027013089438,161.71011500404677,179.53657313959616,177.23671906124105,113.31842732929982,69.69973798144383,Shavasana,frame_0014.jpg
174.9011882550546,155.95896154442173,164.10454792476736,172.45136576914905,178.77158503039016,166.59073387859428,86.85392618918449,96.65519106228501,Tadasana,frame_0000.jpg
169.13817622860026,141.12339151192228,172.88989175088986,179.96746711761543,167.6543016338935,162.74069703409577,83.49421084807564,94.24029351224756,Tadasana,frame_0001.jpg
164.82492576361778,154.89868739845582,182.1384955630734,175.52011989164174,176.55982823410974,171.94771018923745,87.10878413228606,93.93348915732486,Tadasana,frame_0002.jpg
165.68666363534996,156.858852675315,179.6372494411441,176.46645522979566,176.37150878666313,174.51047421686883,85.83595435518922,93.80838861274353,Tadasana,frame_0003.jpg
169.060412693535,115.48013870970806,178.3771305894339,176.8466876199359,181.86211239036095,174.11784691031878,80.14223689900348,96.1565676987975,Tadasana,frame_0004.jpg
5.7414291485662625,4.488197935767653,174.95968197479726,176.1660128172694,177.05674012967742,175.83562887474193,78.25623090797951,100.87194589697191,Tadasana,frame_0005.jpg
155.76044351110983,129.69414895183212,180.86176025502695,177.80858847514583,181.21508294789018,175.34744354189513,83.77854144514323,96.16248157979437,Tadasana,frame_0006.jpg
119.28325955298659,104.22196592822377,176.93688352576012,174.70373862423364,177.37488550355607,171.2501136404564,82.15739155814944,98.49216949466364,Tadasana,frame_0007.jpg
38.81826409973801,38.218901721197525,177.05424541270958,170.6823458587214,176.2954753460622,169.61537438139752,79.77647017929382,99.66975502484102,Tadasana,frame_0008.jpg
93.52211894485825,104.26980552441185,176.21516400801787,178.97099336931035,181.31528783062524,173.2042381290157,85.60524769685574,99.64670513610449,Tadasana,frame_0009.jpg
143.12884851850066,144.49398304448482,178.34300014632188,170.09448138482628,176.03582075780628,173.76013214807043,92.20500995890869,93.9292078898245,Tadasana,frame_0010.jpg
153.75253890833898,155.62279250810843,179.28999710999972,175.27426012233124,177.37861987403724,172.1867551275301,88.74841583563644,92.01796117198315,Tadasana,frame_0011.jpg
155.9184259616767,142.17629593720682,177.65220896045713,175.8359727017201,176.46479335980987,176.2574589562236,90.23851432230815,87.29712149123547,Tadasana,frame_0012.jpg
165.3591091830268,152.46586277108258,176.39385646592385,175.043244656533,173.9076686670882,172.1738343260732,90.37505820861915,95.19494177941897,Tadasana,frame_0013.jpg
161.51841267266386,150.70839186029585,178.40893970666573,176.50184632718964,177.51022542658473,171.64742511730802,90.21322447901737,93.44800875892491,Tadasana,frame_0014.jpg
168.66484982615256,180.20108225438076,176.9265386424792,179.0768672908794,167.72619927420774,148.78901638760718,90.49922766809166,95.50055588544451,Trikonasana,frame_0000.jpg
169.93751611038655,168.72789747394813,179.2345769862885,174.25916327951188,179.17968651480197,133.1556017993456,97.61824110169908,97.84556385290374,Trikonasana,frame_0001.jpg
181.15421553184993,175.21661640534933,176.96489739600457,173.91057206978343,162.40592996855395,104.60096805492057,88.08652878692739,105.8740925028367,Trikonasana,frame_0002.jpg
171.0872554901569,169.3003948512967,176.56668269233717,158.8557027701985,150.2808993829765,74.65082870608867,89.07094713884212,122.3285240193667,Trikonasana,frame_0003.jpg
160.36609048673188,163.98847749663474,173.80415710842348,151.91149478413,144.04575954373973,70.0955428080202,85.8469024077713,126.77366880890564,Trikonasana,frame_0004.jpg
162.38700415440255,168.08559043350476,172.99772849810594,155.09888191664837,145.9068409423199,65.11882336002525,85.72568213373849,124.34234074700649,Trikonasana,frame_0005.jpg
161.54528898125486,161.71332816403827,165.52396152873135,155.59958507570258,140.17282886102763,75.34048857054441,86.65114531369579,130.39293132864495,Trikonasana,frame_0006.jpg
159.48570399197519,163.33979000655032,168.7164924098266,156.42216909045425,137.35519606466374,66.23678388706112,79.96072055978455,123.90265751604784,Trikonasana,frame_0007.jpg
157.8477113987562,151.52709561121915,165.0679895619128,164.01832392822274,133.80559616575502,79.97247133589988,77.28451080394606,139.03247842560725,Trikonasana,frame_0008.jpg
165.5006975305345,170.32874090633766,167.5920041015503,165.2938430701465,139.19903676297184,73.95155227404405,88.61030246864664,125.32811164861398,Trikonasana,frame_0009.jpg
163.63029332719458,165.65289010868642,162.4922639726658,168.92592624168117,139.96457187060918,92.83268871410769,59.6339524158992,138.30144969097586,Trikonasana,frame_0010.jpg
161.76490386999672,166.6691015486782,162.63353490016505,163.32145268687668,139.41206339863922,78.84270767114504,81.78376637539296,129.75058987466636,Trikonasana,frame_0011.jpg
163.98897070344742,164.59628689680991,160.16157880892183,168.15796712516442,132.76276382864546,93.5468096306947,6.294555377580421,148.20709021889627,Trikonasana,frame_0012.jpg
163.47708762483444,162.12658160607307,173.56662293752328,163.17727195942254,145.18465197288347,72.03756406973275,83.41695085780044,123.38930545572377,Trikonasana,frame_0013.jpg
162.8715620752859,164.47664725659024,166.6520919035404,159.8500245714648,140.4099022401769,64.8265884015246,86.42340244341521,124.97747711162,Trikonasana,frame_0014.jpg
158.78802812057523,142.36291855538354,171.48595949386808,157.58456272780685,177.2795766961961,161.55062673593076,81.91845512717833,99.40171760894984,Vrikshasana,frame_0000.jpg
153.36916645682373,146.1403958633042,177.70559065170943,159.97923966174187,162.2817501813842,171.98986764625528,86.32094790013916,99.32045886934362,Vrikshasana,frame_0001.jpg
160.30989886157408,175.00008123772244,164.24378656804907,127.43941758258458,179.05456753398303,151.59572464439933,93.52744662177032,98.15873415274095,Vrikshasana,frame_0002.jpg
149.46570909504302,163.5040058600693,171.28751285171998,172.6056789433919,165.70014315105473,167.8449057354611,86.84794955275562,92.38042260531361,Vrikshasana,frame_0003.jpg
174.97381837955737,166.22425726402307,172.35825023414418,172.38531096840583,160.9846421710959,166.79945006359173,90.6615163266391,88.47705354176425,Vrikshasana,frame_0004.jpg
176.73294822734218,156.59897066962034,166.3427911883152,166.38372975518956,154.2245031165855,151.59259322815072,90.94739213582902,85.38128624157848,Vrikshasana,frame_0005.jpg
176.29140857268413,159.87258582870103,174.76242309624632,143.49332810274905,154.80283701933308,176.32225703574017,92.12754593518312,90.08921655506084,Vrikshasana,frame_0006.jpg
172.54652757172528,120.43924188504218,177.36547654614142,154.15477135244916,162.28116841336885,173.0095978302652,91.15367091885498,94.93512609262771,Vrikshasana,frame_0007.jpg
149.4643367750248,102.44399395076569,169.2294479905588,108.51403379597508,176.27194830862254,148.02363920009378,91.75940231991552,97.91557705844563,Vrikshasana,frame_0008.jpg
77.38573780111696,79.67972138423471,169.40143378478712,128.35646852984956,170.48981450357027,167.184973507278,96.15185215790204,96.97714841366711,Vrikshasana,frame_0009.jpg
52.01453009984966,68.86176509794423,158.07685429549386,102.59707498185426,174.8658445857594,143.99964667553385,87.37555206524357,102.84545179136903,Vrikshasana,frame_0010.jpg
61.03999288993525,73.40708922079882,153.74949601208766,93.63341824328226,178.09781679115068,139.02404893118626,91.40140917504613,104.32440983870573,Vrikshasana,frame_0011.jpg
59.02041020313848,68.93197020271937,164.90001886500283,98.53843977053897,180.56151275152928,135.0942186408751,93.37146382736474,97.8681762382928,Vrikshasana,frame_0012.jpg
56.339623571130595,74.39986507287811,159.9559104504285,91.91876752662763,175.77429052007994,139.09891787721398,88.65447186437227,100.47425426254357,Vrikshasana,frame_0013.jpg
62.34814255409291,85.61910421279954,160.9902697334125,102.73415167146274,177.10857660920834,147.67334507726932,88.13526385401765,97.79949248346377,Vrikshasana,frame_0014.jpg
162.41790948560737,135.8983580939301,88.64644428915304,96.93920630264239,129.21366042970465,125.65136196469466,24.742290136781655,169.62426572213894,Bhujangasana,frame_0000.jpg
161.32786663183535,147.8300363367369,105.80446909223225,105.39702996230393,140.04514265708133,136.09913600209444,55.22579808432185,86.19222130415932,Bhujangasana,frame_0001.jpg
141.07839814294508,138.76396068457697,148.5866285280007,149.20312553430944,176.3207624905654,172.91477632483807,8.068184790887178,140.53004977913372,Bhujangasana,frame_0002.jpg
130.08587223207158,130.08491855463845,170.9963882936109,161.3977877151134,161.74824609410786,172.1085122074599,44.7717718946904,117.48747544383215,Bhujangasana,frame_0003.jpg
120.99118958275335,115.12637689397133,169.67326312792082,165.469061794073,158.07032099837912,169.99818398010927,90.3356329913731,91.4821904520373,Bhujangasana,frame_0004.jpg
92.71646702817876,62.03479272628721,170.39177289122344,165.51773379527577,167.92890852167744,179.41372368053777,134.83202788180247,77.2299493067433,Bhujangasana,frame_0005.jpg
71.67010138635221,50.02840657815734,169.59944995902663,166.03886285835634,170.30644747533026,175.90029588754138,152.07486233300065,76.39003543046111,Bhujangasana,frame_0006.jpg
64.73443875335256,72.20675272468097,166.48940902553278,168.30501872590102,168.12197023239992,175.1294514659169,137.36366076695683,60.42546974547551,Bhujangasana,frame_0007.jpg
115.16307473421371,87.29630046311098,154.84439558724412,155.33284034772598,176.18706105734654,167.24474496768846,160.30716163707828,42.24671264334542,Bhujangasana,frame_0008.jpg
99.71761737659388,93.73061422804494,158.03605228129487,159.6525401024317,179.11182758791335,173.95150753948653,133.4146038287858,71.41038955566454,Bhujangasana,frame_0009.jpg
94.82184466523185,144.56677253675832,154.8899633924494,155.45976522008095,170.86118060815505,161.39852444990956,102.77355305767938,82.04900822762731,Bhujangasana,frame_0010.jpg
109.33582153666282,159.59983129707496,174.3662485908711,173.85103401038728,155.44232708660792,149.00878424270877,102.28805459863081,80.25020442555844,Bhujangasana,frame_0011.jpg
107.35922947531344,169.77585287760482,153.98585189474278,149.04407377776315,171.84596379456258,159.1556254104134,103.8505440167671,82.40279505318718,Bhujangasana,frame_0012.jpg
111.1727237093477,176.99617774169693,144.95049110667173,140.9605914516104,178.8614374326394,170.48987356270786,110.58976644361312,79.32159389814035,Bhujangasana,frame_0013.jpg
114.36312362594506,160.99342134731057,142.03873372477227,134.51687652669204,180.0235015789066,173.9510720022788,112.30663142332011,76.21771342249299,Bhujangasana,frame_0014.jpg
153.1232436581999,155.99726089649488,96.0061256706122,157.38855168602427,117.43960649927017,138.55862485394476,88.24796899644475,87.43269356017726,Padmasana,frame_0000.jpg
148.4214967583362,153.7997084943298,102.93854228175849,139.5230645606418,92.28129670020736,135.47900849029918,84.01225078616658,90.50863291176742,Padmasana,frame_0001.jpg
142.28107522079674,144.37958722459592,135.923472170985,167.67066388478122,135.7972254764907,164.99330283763328,79.11876088690188,95.50298321175242,Padmasana,frame_0002.jpg
130.4659088461036,113.02742020425771,99.81294643526068,167.15558651002365,124.20967749671213,179.03116255144565,83.77735957581721,90.04284383220254,Padmasana,frame_0003.jpg
149.64001662835082,101.55466050940609,97.6408738322083,173.69460203799852,114.82325085495783,156.11054754840995,81.51028373624831,91.83982224480502,Padmasana,frame_0004.jpg
141.64109366961756,114.16735814944569,112.29467835690032,179.6219308499492,125.47033920972049,160.13859239488866,87.0002132428609,97.93036774371481,Padmasana,frame_0005.jpg
139.060027126485,120.94761988850337,133.01564015126127,159.78346601455837,135.16422724676164,151.0835501366961,85.92545373609062,93.10744568113611,Padmasana,frame_0006.jpg
182.43984781792565,171.37623663606888,120.56471460399035,123.04886935906013,120.25287333590099,149.4895075284822,82.7716492006367,94.13507152377466,Padmasana,frame_0007.jpg
175.36967618381328,173.7877431862255,139.94966599689928,166.59918719578548,131.41553449599374,150.65558847751012,83.95059241785201,93.9330952022166,Padmasana,frame_0008.jpg
179.7821881847527,165.59986848202445,130.33882032129196,135.56685925354202,124.5666309541931,177.48113944553228,84.06589218267298,94.71127480427663,Padmasana,frame_0009.jpg
174.81076197137796,112.34237758900223,152.839214444402,128.10427131114471,174.98151778488543,130.1224554200229,82.50886155668903,98.43830483405702,Padmasana,frame_0010.jpg
171.04436989163472,108.70982244784145,169.58173957597037,160.1101201299842,170.31287334727844,129.7635382780786,80.91442574866231,96.36603348439266,Padmasana,frame_0011.jpg
166.65809130930765,117.73734676485758,9.351572493136791,18.748182393917748,175.21143932704524,141.51184996098155,76.17057851297095,94.21261772228425,Padmasana,frame_0012.jpg
167.22826448190446,116.48350297467525,62.28742675300296,30.42238768994059,176.1136303211828,135.90420875224902,78.54302099722662,95.08359691937441,Padmasana,frame_0013.jpg
161.55537074857105,113.97412828551411,87.96697740312634,32.810945316944476,174.8631328818734,141.19737190750942,78.25083383570814,101.01277725738956,Padmasana,frame_0014.jpg
127.290101352386,103.27815743097798,99.61236115382644,118.88969876474702,128.87774726841934,141.50655109727492,79.84522024275367,99.47297993249462,Shavasana,frame_0000.jpg
159.71474897226094,123.32088118431679,106.96668844903903,114.39846137670527,135.54365017944426,137.13158040935156,69.93581055162207,102.75994621967884,Shavasana,frame_0001.jpg
149.66181169788862,134.43100788003693,177.8904520803906,182.15006526050328,177.77125821156434,179.29047716499835,121.584760448396,71.25470653994644,Shavasana,frame_0002.jpg
167.5708600775629,120.8966497859681,170.11350696401007,175.0246229389746,146.60646734375865,157.96849365299434,52.23883530898584,126.3525924348115,Shavasana,frame_0003.jpg
167.425322429093,137.74682931906818,164.2175257361565,164.42971355454532,174.5045238700014,172.63083014549056,35.791403332961025,139.34443933050514,Shavasana,frame_0004.jpg
179.26126680811197,111.80884447199104,59.205319203092614,100.63662908590922,38.31606527076889,85.99358159646627,35.785709505750326,144.53757787784264,Shavasana,frame_0005.jpg
159.98367682268434,131.15577470037243,121.41260554865758,155.26275794459025,112.91300922927542,145.74143593290486,41.681540660374765,139.2341508396228,Shavasana,frame_0006.jpg
166.4236312088806,131.08284361479966,149.9633525742998,155.15823680741158,146.82183636637384,149.32450121683914,29.8540188716554,143.18720449379694,Shavasana,frame_0007.jpg
175.3975746022613,120.78139936942557,117.66180303155886,139.54333621206925,107.11444780499907,132.80491685941834,31.301456792310418,143.21234053052328,Shavasana,frame_0008.jpg
178.5776057977356,124.45048530846589,145.14751405446853,151.46216332703577,144.31178893116333,152.53496011978524,44.122722633854174,135.9003436803679,Shavasana,frame_0009.jpg
180.61700302562986,128.3930630047815,147.62354803088903,153.9804860467317,159.21243908609327,162.72092388549706,46.08904829585594,133.28492097579266,Shavasana,frame_0010.jpg
165.64923267446108,118.97194945780386,121.8527684018963,140.46292629300336,125.44728322739569,143.70946252665703,42.966148511184805,136.03957364466768,Shavasana,frame_0011.jpg
172.318848691516,136.0787532999348,162.79192584541144,159.69206487804465,164.54481733715141,173.34029704815663,88.21219991827951,87.72851388630006,Shavasana,frame_0012.jpg
178.90137649256147,120.33111682428435,27.04191381825887,27.806420157655875,15.326196946183618,17.121116023389806,74.0831656699652,115.77986639069624,Shavasana,frame_0013.jpg
133.7554809094165,139.56235165339896,31.736330585902156,29.88153674846251,14.488222041975407,14.143928160827526,96.29003619064719,100.23216873828689,Shavasana,frame_0014.jpg
155.67961239505598,158.06144430675806,177.37520264734673,180.42096176154806,179.04680650528405,180.21011684809568,88.77770686445817,95.61983042596898,Tadasana,frame_0000.jpg
158.31774792700148,156.03252186777397,174.83962900293037,180.74928414061338,175.73312391482304,176.82487945009296,81.17536082961541,92.12294107106024,Tadasana,frame_0001.jpg
154.37203602919573,156.5753712145968,179.51217533340954,177.0559903177626,170.0406814765634,178.2095461535983,84.98988446382288,93.89857248745946,Tadasana,frame_0002.jpg
161.83369340776025,155.24913517954312,176.26351983166055,177.0117452827171,176.65614878812593,173.7789178158317,86.61497812738838,93.80685416004494,Tadasana,frame_0003.jpg
159.6908560027914,157.0551945430483,175.3522371849074,170.5898157738594,175.1942920712284,172.84817103003078,85.95943030033871,93.48791703191536,Tadasana,frame_0004.jpg
161.71881051843081,152.33810113361076,177.4567715682752,177.39572687088366,174.9465115762161,173.77431683168092,86.58304300827064,92.77192100102803,Tadasana,frame_0005.jpg
164.84374710297232,156.19327391059304,176.2275770309736,174.4653046047619,175.34537618699093,179.13810730465318,89.30725900209818,89.90555944920045,Tadasana,frame_0006.jpg
161.73651576025225,157.23737819254112,180.1689969019105,181.1306776173574,174.38906874756628,175.94957985694427,88.73115309612412,87.52250786360058,Tadasana,frame_0007.jpg
163.62993972127498,155.74324606057237,181.62985139300162,178.5191857100391,177.6211516764278,177.40997470168347,86.24241802902061,90.38170412177476,Tadasana,frame_0008.jpg
166.09648935220193,156.551759787936,179.64326071972582,175.62599649061707,175.7813727512333,176.5641044717184,87.94323368856011,93.54030230131441,Tadasana,frame_0009.jpg
163.08633027723084,155.60758805443118,179.41261116857635,177.87025451177442,175.56749240863576,176.625833839962,85.09822536023769,90.17583702890384,Tadasana,frame_0010.jpg
159.51575221888288,158.54702511183143,179.35550526473295,177.7719675521713,171.52130593344148,174.1044744019167,83.69468854089908,94.82912180420126,Tadasana,frame_0011.jpg
161.74680844277864,157.93903846267247,179.0937165360971,172.80590635346468,173.34957158955024,176.8342140083904,82.21989762281831,96.55016423812187,Tadasana,frame_0012.jpg
159.07553073735812,157.02372172902056,180.20053163139258,174.5537972173076,176.82080523062186,179.28236995691887,81.51839238588578,93.9033438104101,Tadasana,frame_0013.jpg
162.99876728612387,154.46592740481853,177.61613308073808,177.19189041317458,176.18768533454238,178.60845249661352,84.52768553191922,92.7915152957915,Tadasana,frame_0014.jpg
167.90777968693837,173.23228223921964,179.8837853316305,171.49761700473496,173.62119028809357,163.39718227981479,86.4585979318272,96.39866229714603,Trikonasana,frame_0000.jpg
165.76597269986186,170.74089469733326,176.6323339026736,174.48647775341897,164.90897742878894,168.93024792973102,85.39793744422704,94.04189049156966,Trikonasana,frame_0001.jpg
177.102498565683,173.16151339739014,178.15606915823267,175.84705346550632,164.3807738696342,169.41935783820452,86.74684083990446,93.27735034983368,Trikonasana,frame_0002.jpg
176.8545296777085,173.24774760721237,173.61152263976706,176.85346107277763,158.2912768511354,159.02658533247515,89.48351170833858,86.51370453723844,Trikonasana,frame_0003.jpg
166.3670769505264,177.63897290919297,172.1656470516846,171.98140068221272,152.69622446298902,147.81528384458852,86.66923855767523,94.3295820935067,Trikonasana,frame_0004.jpg
163.00034818487552,181.90828286259134,168.67125677307132,178.77305726472872,155.15889944320435,144.50154391882774,92.01935214735565,98.9961500375587,Trikonasana,frame_0005.jpg
150.69824077577047,170.04676361653898,169.03368147093175,175.5605357729808,169.23173316210088,121.95176075662533,97.3048952832311,101.60669542831003,Trikonasana,frame_0006.jpg
166.39572746462702,168.64990309493476,178.48819142168028,171.88633130469339,159.61803616980953,97.7787461910299,80.39826079964573,127.66995614756122,Trikonasana,frame_0007.jpg
160.296558668423,147.04238075022198,180.0417748847714,174.83948419565505,158.9708416021471,98.79592398119091,85.42211175182355,127.54418543671484,Trikonasana,frame_0008.jpg
154.394715032364,169.75075092287148,177.35702213614994,174.80283698544545,155.81623824486982,104.85095954901817,12.986522061253064,142.93248127255117,Trikonasana,frame_0009.jpg
170.25200773828018,168.4861009009481,173.39845285359905,179.50360282538855,150.10281694794705,110.14386749023095,31.581624442510048,159.1688561763358,Trikonasana,frame_0010.jpg
155.45780038081944,171.15929403204393,178.7338041188715,172.4953643308289,145.42719218719958,118.01868756443221,40.035042596437734,171.81565376567534,Trikonasana,frame_0011.jpg
175.49770273452785,178.66949026631804,178.74973112002348,177.6641670824426,144.68052403802082,106.16053638991644,48.35698144740705,161.27150125624144,Trikonasana,frame_0012.jpg
160.46822505375127,161.22555495525424,178.67609700507495,180.03496588474695,152.19283865867254,96.84775063514255,65.25675286215159,139.0861160017192,Trikonasana,frame_0013.jpg
169.25031551401062,159.30063031481103,176.2551843516281,171.01883764469483,159.57867025962923,71.22153868649494,87.82121653688796,127.09534608790679,Trikonasana,frame_0014.jpg
170.91498524351684,168.7501487193064,178.25394292049933,175.7317718425884,175.17523184195875,172.87466137694506,84.48122812955823,95.75850023092087,Vrikshasana,frame_0000.jpg
167.1275699171122,168.37896960729395,175.90101289889148,178.3953241535577,177.58684535658645,172.7018468802181,82.62469959397356,96.31731367235616,Vrikshasana,frame_0001.jpg
154.5858244918126,153.4148018494055,178.11575506623936,175.50001924756225,173.63870057690445,170.8650973021624,78.90054221643587,93.5124905390418,Vrikshasana,frame_0002.jpg
166.57209435137986,159.156655610742,178.20779089549512,172.929629535298,179.3390169394383,172.49687544589406,81.83610528463409,98.5889902189339,Vrikshasana,frame_0003.jpg
156.83420586100434,153.1828952364599,176.4508870922195,175.8903491593247,173.98588101977,173.27667519959925,84.96419875398547,98.573478237153,Vrikshasana,frame_0004.jpg
60.8112565863748,52.59515900837302,118.10404722863056,153.58444896685242,152.101481453952,177.3678617075657,77.29043136039695,95.50327836151924,Vrikshasana,frame_0005.jpg
42.086974454362434,29.486052304580024,84.90946897799608,149.14947209180292,145.38139720295808,175.84576955910512,79.1867604869908,95.05875181689682,Vrikshasana,frame_0006.jpg
49.77698013231346,35.66538922279596,84.23539638439738,150.9124424597338,143.5069848204923,172.40350650954332,76.3352335436581,91.67966037559907,Vrikshasana,frame_0007.jpg
52.14614032144401,49.61747225712817,87.09084695999287,152.9794415585801,143.92590818140224,178.9117391275965,82.06377765039983,95.21307815535745,Vrikshasana,frame_0008.jpg
51.80238474378452,42.62645974189554,81.51574895365532,149.2509068827875,143.88796964572148,175.10897447925132,75.5965570176876,94.70574474627655,Vrikshasana,frame_0009.jpg
55.146178838734244,42.12702056976177,83.62774888778047,151.6105304116774,142.75249391638718,176.25052904159728,76.15699786424734,97.56961030982681,Vrikshasana,frame_0010.jpg
54.87988090160308,43.35574170484929,84.5325450939989,146.4115158790997,145.56527510088395,174.983701560047,77.91051238729236,97.20602189819796,Vrikshasana,frame_0011.jpg
53.094096742417356,42.42766986799843,82.72573601031682,145.49404491721964,144.47361601990323,174.46662394187098,76.79548363184226,96.92799403691437,Vrikshasana,frame_0012.jpg
50.30789831707585,37.90574132447235,87.45337859390905,151.7399696054594,148.26016105899933,172.0214359290166,81.26939734288342,97.48631811282529,Vrikshasana,frame_0013.jpg
50.95947185276406,38.56258267001247,80.26152854362401,151.4366325417669,143.8610678708168,175.03800927101872,79.19337538764344,97.46257938574678,Vrikshasana,frame_0014.jpg
29.305008056229685,34.2500072091429,178.7551301767351,180.82086266220747,181.42538480405887,169.8756987171093,137.59620886652206,58.6302765522908,Bhujangasana,frame_0000.jpg
40.940913341217886,49.31584466088218,170.05065119582534,168.85982146310246,170.3955147644212,168.58907190310856,142.77891546217276,52.95065858351955,Bhujangasana,frame_0001.jpg
50.88645652825901,56.40120990262834,167.9040653368385,164.98971689214417,173.46958457736832,161.658826401279,155.62276592955473,50.61783223906577,Bhujangasana,frame_0002.jpg
69.54378192939271,51.82057924687792,169.49498627260496,166.4744359651899,173.74840409840346,164.18141057377179,170.23524979262936,45.84892918671355,Bhujangasana,frame_0003.jpg
48.49082193587081,46.96327888987471,175.18712272697405,177.07269795782946,179.0069202398741,170.06002045643277,147.51725419535526,54.73335925098939,Bhujangasana,frame_0004.jpg
77.59547072974966,53.955102437027946,173.37618446410187,168.65503385632712,179.97844100724328,167.63914847793953,154.74370697153398,50.70789356929432,Bhujangasana,frame_0005.jpg
124.06813530986236,86.91409235934381,165.1125975024476,162.04727199973496,178.3076029306428,168.68624269907173,130.71668332854065,69.10811374065976,Bhujangasana,frame_0006.jpg
136.57451891602034,107.18313054974502,170.53104006284957,161.92552340873297,165.77343578213245,178.16913543563604,80.98955474020453,96.39768882884007,Bhujangasana,frame_0007.jpg
143.39818846816152,123.76701927693681,172.34655965174883,161.1464927344261,162.30319753619952,172.52820389776932,24.30332513651996,114.23548789841774,Bhujangasana,frame_0008.jpg
152.81848587980443,138.89506897857353,173.15166900478292,164.98626505612714,151.62334881023955,165.23304143848858,22.336166181519168,138.76414540050405,Bhujangasana,frame_0009.jpg
169.62870644835286,153.15791860486786,172.7123023977435,166.9919714204366,146.64738345236398,162.98034494011426,13.221519243202152,135.01518037927818,Bhujangasana,frame_0010.jpg
172.11650701564386,157.3650130193353,176.48413965324121,164.5001859690386,138.96774185660843,154.54188367693126,26.29321413527565,144.46571367248444,Bhujangasana,frame_0011.jpg
168.81163063892356,160.65440419168064,174.99069205926153,168.91446184936396,139.04546018153758,157.5595311408497,20.393533525053567,147.30148069802624,Bhujangasana,frame_0012.jpg
168.90904720173208,160.3495324038967,177.34925889735294,168.6907684421077,138.31830592246953,152.79807947659498,16.986932921558296,142.18957745987342,Bhujangasana,frame_0013.jpg
175.76185688350327,160.96769414035353,168.8801013187193,159.53739039501207,128.07841667041893,145.86611473422087,33.07334551010001,142.26447797059203,Bhujangasana,frame_0014.jpg
175.23801816390596,179.0593369998388,172.7933691773352,169.3729551420459,154.05239182088127,150.7695068533751,84.53299224832122,93.55651580452079,Padmasana,frame_0000.jpg
170.73068346925035,166.18879510069996,181.22703139110766,179.7123945571777,162.1811214943421,138.7879462176539,82.75639058817653,97.61073225209137,Padmasana,frame_0001.jpg
171.8437935292807,165.44779978988078,171.83386287786595,176.0309480580389,168.1578744636143,138.7911298679852,83.02298787645991,98.52380216558124,Padmasana,frame_0002.jpg
171.89081989150154,170.72877800674698,167.0818853966646,148.97574598767628,167.18212131755314,141.0185221720759,77.84485478831066,102.21829758712148,Padmasana,frame_0003.jpg
172.64116352847407,168.46274733753256,175.31371569858024,176.96399782873786,164.06954123013514,140.3551026736777,80.77992629772972,95.44029919126446,Padmasana,frame_0004.jpg
173.32658727304448,180.15646843928042,170.03917626988198,167.4173962723487,151.6543893269154,149.76104741924175,83.02317154289945,92.04996373212225,Padmasana,frame_0005.jpg
176.42490179550794,177.31215327887924,171.17933167657034,169.64291170988778,152.19235755569093,161.4396717501264,84.27788497451883,92.86104841451987,Padmasana,frame_0006.jpg
178.4710395038989,182.69535934635542,169.97634672291804,172.70809194789194,153.34758361109255,155.90029138911714,84.51058218186854,92.99506746318353,Padmasana,frame_0007.jpg
171.06829197178376,175.08053167478366,169.28390472765165,168.33995000031993,151.54921441405733,155.54382742756766,85.99259098418436,97.18096694672984,Padmasana,frame_0008.jpg
178.18951256870503,175.21888744712743,171.3497298404067,166.78733813170834,153.58530491544386,148.14630666837573,85.92427206890375,97.81860169957585,Padmasana,frame_0009.jpg
177.4370989683468,177.6484955658866,169.85552985980183,169.83275617749982,151.25879938413632,153.2099016135219,85.84401768053917,96.62532803704555,Padmasana,frame_0010.jpg
175.9037954862285,175.45750133047724,168.66545455698193,167.95024691203355,150.9687649553583,152.80185429449423,84.20103938376715,97.37142111062013,Padmasana,frame_0011.jpg
175.6286299318353,179.01603789998384,174.35302740162197,164.88505723899982,152.4470823060657,157.47466466830923,87.63232746963446,95.90071672671142,Padmasana,frame_0012.jpg
179.6276235308471,174.05252249538057,176.89668010016538,159.709589166818,155.77150808085938,152.68349150964534,87.72905057404087,94.05828564922464,Padmasana,frame_0013.jpg
178.66670119160952,179.62973437540126,173.21962084894096,163.60356322145012,152.92927983673303,154.1248784950002,85.37404190887663,93.5728881047125,Padmasana,frame_0014.jpg
164.61879055359228,158.38156581863814,176.6343795068059,172.7150982618162,174.2419001337604,181.02300566777132,83.78891938648776,96.2632408569911,Shavasana,frame_0000.jpg
168.39865809554712,163.2404730060221,172.2847953740662,167.30271831313172,177.6073575279459,181.4397763017499,89.3770709882528,94.4729617895882,Shavasana,frame_0001.jpg
169.23012205302882,160.17974709363932,173.5676130746494,169.30369301749096,170.07432979841778,180.90621897560274,79.18328010710727,93.03449472186362,Shavasana,frame_0002.jpg
168.9043875588138,161.7570367326502,173.83066737237573,169.1589833126895,168.87438572074578,179.6868061505789,78.86549682378298,98.06001990585028,Shavasana,frame_0003.jpg
170.97900139186365,163.4161388157048,174.53072618891267,170.60320848637758,174.89698260473958,178.23862118252742,85.96014374957576,93.29754716498384,Shavasana,frame_0004.jpg
164.23226932246186,161.41548112299813,174.01966942155067,171.07030666749068,174.8019550375076,180.88805117076157,79.53833226016448,95.25282638033654,Shavasana,frame_0005.jpg
166.82836066442206,157.0434204302553,176.1027480201438,174.6386635020878,171.04332234092405,176.42316576077886,87.25391764850526,98.97514261213796,Shavasana,frame_0006.jpg
165.39129418395808,159.45788263411268,170.76188440382734,169.84776381180077,176.654087187522,176.46919525959083,87.32087871699581,92.85904131821665,Shavasana,frame_0007.jpg
165.59885429598833,164.0193521255557,181.53853861411406,175.78258154726768,168.14784063133825,174.11975290485958,77.62740615086665,99.52016480037132,Shavasana,frame_0009.jpg
169.24152501459014,164.3401764072944,173.53131617250185,172.88699763248908,170.229630644428,177.9901191008509,83.24072782144196,95.97367884609062,Shavasana,frame_0010.jpg
170.33403657240194,162.60670173326383,173.81108929311978,170.00813300137077,176.112166313322,177.09045688888844,83.89239322690834,96.34139912914456,Shavasana,frame_0011.jpg
159.8012202441135,152.53845769400255,176.5824506331302,169.8905696811276,176.78082854117014,180.37437623553382,89.39494076315137,92.9247849356879,Shavasana,frame_0014.jpg
167.24765736301944,166.90504095629157,181.6653915217722,179.0154877947187,177.97108375412324,174.48857400347956,83.33423269519882,98.31763999364675,Tadasana,frame_0000.jpg
139.20751036809023,152.51258200525137,180.74078194419255,181.4583779477536,180.16826808628335,176.34858457524683,85.32763817145626,96.60137376588192,Tadasana,frame_0001.jpg
113.35699599524727,101.18209604487748,179.0811824366803,175.90092005888872,178.5110691666047,174.74586315775275,82.58593361187913,98.1775714695393,Tadasana,frame_0002.jpg
110.38775971285321,104.91977783058849,176.30163265929957,177.3890887023534,177.5595457961557,172.89080745560605,82.2011339875071,98.75999511156465,Tadasana,frame_0003.jpg
60.67896275977324,72.95145691708613,176.04315236814895,178.91757934171864,183.61605220309696,177.30948261311048,86.7547357921111,95.34183205037934,Tadasana,frame_0004.jpg
142.23532351751652,145.04053247098676,176.1281242066748,180.57997296085978,178.62810624605726,173.45724631826616,81.05152672313277,99.81082808375237,Tadasana,frame_0005.jpg
152.34102987818054,159.24145994092765,177.85301395492826,173.06463816816918,177.17811909767264,175.89147987528503,83.05344037334666,96.21370493114468,Tadasana,frame_0006.jpg
149.20514624511935,157.65745816147253,176.4668339166778,177.1897588118041,176.53906566679356,176.36847802129796,93.08287223149675,86.55277152613266,Tadasana,frame_0007.jpg
154.66164411483484,144.61880615411692,176.42003283249693,173.10075183096924,179.00918134013125,175.20795264390622,93.7977944055125,91.57547393445097,Tadasana,frame_0008.jpg
157.39344743144386,50.48361977002229,177.3418467140934,173.32587814495,177.58220459140585,172.8946046494534,98.80960502627914,86.75286885218131,Tadasana,frame_0009.jpg
149.76821288910992,30.262803869127943,172.9016074137492,175.61437117941793,173.17211722103505,174.40700291663651,96.82449188800396,87.85506673753932,Tadasana,frame_0010.jpg
153.47394904254992,44.287964355060396,172.40572924966344,177.78097576043638,172.69594725061114,176.5059075987829,102.12558583364151,88.46237592288806,Tadasana,frame_0011.jpg
154.12673754638382,39.839797221520115,177.11754201993205,175.7031960880935,174.4107659660253,171.12537243985255,100.73105501634655,88.36581584497162,Tadasana,frame_0012.jpg
152.7594984023197,137.0901969631385,173.14360550802397,171.51069905180893,176.34209941564103,172.55104568414296,94.90412050171264,90.82588516875228,Tadasana,frame_0013.jpg
154.65898733728747,138.580997237594,177.31482661068716,177.50452333953902,176.3206289425232,171.96907612685197,90.38888498907924,90.69495930370287,Tadasana,frame_0014.jpg
169.9565226273141,151.79427715254636,174.96957936265548,180.08404447169963,92.55324087285517,158.89456981392038,70.68819968435893,72.74829947790839,Trikonasana,frame_0000.jpg
165.05946109307794,148.24996423840878,174.86476163735102,177.5238679627315,84.05271803802799,149.10792851013255,72.7699648843167,73.43758430777417,Trikonasana,frame_0001.jpg
174.74756122521003,142.7666574885822,178.7816182670548,181.46337089344087,82.21842844942144,144.3687180826882,73.75968130302824,71.2237286280562,Trikonasana,frame_0002.jpg
170.76376025269604,141.93424144241018,175.73958684682475,175.53461439117217,82.79892845773249,153.53946455894268,73.72888203428604,72.69334642213553,Trikonasana,frame_0003.jpg
161.53086555758526,145.66054766285265,182.87863858356877,177.38214319032446,88.93753885288979,154.51875677917684,72.7989804544432,76.14375660752073,Trikonasana,frame_0004.jpg
173.2206377746186,135.5518973043449,177.23082515648804,179.22929089101763,85.98489822961108,149.23484854930012,72.28769711416724,72.0698155210135,Trikonasana,frame_0005.jpg
165.84544030531177,140.7325002349621,179.06103595557522,183.09851499171538,91.65441742350329,152.84395598337923,73.23786364550917,73.25905803958446,Trikonasana,frame_0006.jpg
179.74390797036895,137.00963606092088,176.5289896415218,176.99127417307656,87.89152845679054,148.94811373463875,70.19283430648201,74.84282334184746,Trikonasana,frame_0007.jpg
167.6360314807438,142.65453890881798,176.93231812137319,177.17418738765227,85.28629172745275,151.94011001775274,70.73256860019747,74.6764976320723,Trikonasana,frame_0008.jpg
168.02781129591298,142.35649139432815,178.72958425346275,181.53861696692195,89.40072470772671,151.36850229764397,70.80517634543916,78.46605394891446,Trikonasana,frame_0009.jpg
165.78004105130228,140.2024037728904,180.77570899698048,182.6516798439155,87.65404413589987,147.6148775083342,71.85394008958332,78.2287215134283,Trikonasana,frame_0010.jpg
166.59095677362217,144.61898205195922,180.06635641466582,179.5150753031757,85.53287184063522,151.17843748069947,76.67696927481065,78.60456029906034,Trikonasana,frame_0011.jpg
168.78650116079172,138.40067654974794,179.5105840107815,174.40536023704414,86.62763401229522,148.09503199271106,73.29611184215072,76.2395698168327,Trikonasana,frame_0012.jpg
165.89204866829652,143.9568758574142,181.0969233199663,176.91933577274182,87.2911248494608,153.87418433004947,73.04917191737295,77.23817876602843,Trikonasana,frame_0013.jpg
171.58518327364624,141.2079805883344,182.92788180429312,178.542354966829,87.78826423693504,151.9545662486157,73.79529170641574,78.36781790071414,Trikonasana,frame_0014.jpg
61.46545018879686,38.96465600637654,155.95773359734358,92.8766427589234,175.55238793029278,134.81107421823015,86.40370863166966,100.92960084494432,Vrikshasana,frame_0000.jpg
61.743288701738656,33.93795998134203,151.18458822006318,95.6830692793418,178.02321767963858,137.5762709180924,84.30613946642886,104.19785433606636,Vrikshasana,frame_0001.jpg
69.09998151535112,36.92301619172713,153.92513543944338,98.93666479400049,176.7188348854173,137.80071304349778,88.78545293684587,103.66978056594645,Vrikshasana,frame_0002.jpg
64.29589616815147,33.75671840021123,153.19196200980866,99.49583907261031,174.44384635299724,136.38638445809713,84.38507539577596,99.8985827760472,Vrikshasana,frame_0003.jpg
65.55028192586337,34.715939476760454,155.07510073708457,100.27085557025168,177.7323069679837,137.36451239710968,83.38953640776492,101.26352579466132,Vrikshasana,frame_0004.jpg
65.04838560048549,37.607879336546425,151.6003378218414,99.9166646982384,175.1260679873835,136.8696392733959,86.22721257722111,104.52648124872101,Vrikshasana,frame_0005.jpg
61.296202036002285,35.41726558479597,152.03909817912603,98.85551086810705,175.14940298388765,137.00019339710497,83.88400207160672,102.97351800060447,Vrikshasana,frame_0006.jpg
67.53757784874104,41.77266346371993,150.21368260887238,95.34048878211028,174.10909161497315,135.86826099543217,83.40182056223928,101.63924561219993,Vrikshasana,frame_0007.jpg
74.90753693860496,39.10806284800664,150.15025450102328,96.91792282147193,175.86248861755274,136.40211781912473,83.73529884591474,104.22191293170594,Vrikshasana,frame_0008.jpg
72.803482066804,48.35805445458287,152.46410119539377,99.41658969394736,169.83460079929083,141.64935625153066,84.85978398439478,101.60509076500367,Vrikshasana,frame_0009.jpg
72.76185258088486,37.54662485334088,157.00852442022247,97.63314289854384,176.97239848759088,133.83980744100978,87.60942330048931,105.9681327115811,Vrikshasana,frame_0010.jpg
73.70358256571129,40.61861993416572,156.61996297636546,100.29306290485243,175.11803630391242,136.82906848524775,85.48353144931232,99.79130062585146,Vrikshasana,frame_0011.jpg
74.52606374903682,44.43157224840004,153.44283052767472,98.28661254703555,176.141162749807,146.0134717518747,86.36327822955425,104.10543714248027,Vrikshasana,frame_0012.jpg
71.0724472938454,45.23968856436866,154.76914284628006,97.09067474412973,173.1193961055616,139.29560448850015,86.74983141184646,103.27484411377101,Vrikshasana,frame_0013.jpg
69.95230309473703,52.52989391046254,154.14089453539788,96.24518739523397,173.88184032926986,139.2255759313391,85.51345681551776,100.22668348359582,Vrikshasana,frame_0014.jpg
152.354040916701,157.42357916825745,112.9193991277342,119.47286375124732,150.87678569314494,157.6275983023949,159.34089438487104,54.13470240347088,Bhujangasana,frame_0000.jpg
158.36282700623238,153.56450140441183,106.36044695619935,104.68897899196945,147.71194348492955,149.84934241262383,160.02217803315213,66.89606810965337,Bhujangasana,frame_0001.jpg
144.02758493065252,166.75902046891983,137.32528364809662,134.11886129420157,183.69367882952056,178.1025576579313,160.45397492708236,77.36615084979125,Bhujangasana,frame_0002.jpg
149.65548733781995,167.5441028864685,143.27199991504767,139.5282228289237,165.74798589527043,177.74135743755687,137.2175640437789,99.56772317211181,Bhujangasana,frame_0003.jpg
158.2550207140896,164.9517642029637,134.01163579717837,128.90477515967848,169.26536915839847,177.59934036392943,151.2159087678972,75.34691811980738,Bhujangasana,frame_0004.jpg
155.51000903711025,165.50058783433417,142.3945042530973,133.65394216638757,167.81998313463438,181.39412626630198,145.21460536952011,86.45212641615905,Bhujangasana,frame_0005.jpg
161.53413147978915,164.18604799645715,141.87328441917228,132.64815632400536,163.85022678426301,178.46082824740577,88.8385890925403,100.38349035038277,Bhujangasana,frame_0006.jpg
164.0057925272287,175.16089563030263,155.9671943204537,146.46799174682178,144.76157376608106,158.52409492217092,77.74722938655104,134.1766280551839,Bhujangasana,frame_0007.jpg
160.4336064877002,170.20515107318445,144.89985717842234,133.55476802431184,159.9900432938249,175.17412839567265,69.24193512994262,112.54375208652576,Bhujangasana,frame_0008.jpg
166.07564093391886,178.74373907914602,158.1538956285564,153.42531722097561,140.8194621743076,156.71185422505593,74.29162725233596,138.56737730074101,Bhujangasana,frame_0009.jpg
163.63987772626695,168.17673995493288,143.809493957165,135.83369514518324,162.23774274758378,172.66284841161294,158.96710295217582,91.28361106683685,Bhujangasana,frame_0010.jpg
161.04956580257286,167.05694278510134,141.2781877329411,136.11804899087,165.0829049304983,175.44910135400136,141.72589826421657,85.88939343783801,Bhujangasana,frame_0011.jpg
162.9535323610932,163.23739562272405,141.35557327217285,132.505492475857,162.45776057392914,172.69520464234733,136.23289460057345,80.70534140493271,Bhujangasana,frame_0012.jpg
163.04221161107188,162.8895173672639,139.20678217083892,138.42144814566564,171.68162441670938,179.11784586210177,132.82433267004797,78.23990085136188,Bhujangasana,frame_0013.jpg
175.2382564083153,169.63980201166711,153.5482665804263,147.2050843610785,154.03976888281838,157.85252320488323,134.64504410484093,73.80267069307367,Bhujangasana,frame_0014.jpg
151.7718173474865,135.576753593237,43.4912116961118,84.01340498771695,72.87504845435384,44.28773241369532,89.19382405119798,93.45851935707562,Padmasana,frame_0000.jpg
152.23845136064634,140.5199444541679,46.01903961277576,100.84825097598987,82.55288954404786,58.811508739901996,88.41649736705403,95.47642949568146,Padmasana,frame_0001.jpg
145.87341811459265,140.23196827936982,53.06117026256718,140.70975096721892,88.69267951157676,91.4770123939179,86.88959590127695,96.46239731724592,Padmasana,frame_0002.jpg
152.6070123279965,139.39495759855745,56.36665253965816,136.15028409224985,90.27490594667908,82.68026598268943,87.62798609004957,92.10854238617776,Padmasana,frame_0003.jpg
169.95779038015968,179.16107382298546,64.74181998123233,53.99791380948227,51.62369853404381,33.47990174656012,84.48712995370043,95.62522704627865,Padmasana,frame_0004.jpg
179.3582277914448,174.64128796736202,145.6605472600123,163.5789557503308,146.63926079534926,130.8087871214431,86.49002719406073,92.54297766105417,Padmasana,frame_0005.jpg
178.39047284420548,174.54588844950553,127.24029579815414,104.11893820246186,164.81604796466576,139.4365962110481,86.74482190425249,95.92459809424602,Padmasana,frame_0006.jpg
177.9890161220389,178.22508845030387,126.26266314208628,95.0348341507943,166.5165747317669,147.00182391840133,84.49536786490413,93.51985471460101,Padmasana,frame_0007.jpg
177.213971797229,174.2775331765102,132.45994668072188,120.85976408166648,163.1195176740352,144.3617392691362,88.33115061128959,96.37075822007895,Padmasana,frame_0008.jpg
177.85687969070142,173.07924173756624,124.76786137977872,94.00876275675597,162.5533046482211,139.44688077890837,85.9330058267633,87.92620040232768,Padmasana,frame_0009.jpg
177.4704054156313,168.7241466149294,154.4493783072455,170.71009517846187,150.09651999406384,137.5399684990658,87.01786459286483,90.52796690146072,Padmasana,frame_0010.jpg
178.4011957557624,172.08585419541845,155.77944573831326,171.52443648613794,153.60704753499886,140.65216853146956,84.73081076451584,94.33168288515364,Padmasana,frame_0011.jpg
180.31164267939505,174.88542094986633,154.5732176362409,177.70977997789404,152.0730772496043,144.7251218571555,81.92292287722334,93.36323634259408,Padmasana,frame_0012.jpg
176.46526185690854,176.15510180155303,168.30519288480448,169.70939806038422,163.40447664363785,143.34464754334655,80.89986377405714,98.22484822382515,Padmasana,frame_0013.jpg
176.94250023119992,177.6381096960405,161.67926996583049,166.94705142333575,153.5726872573621,142.6477560767178,86.40651292718174,93.75916598274218,Padmasana,frame_0014.jpg
147.90615552665471,162.44875417130143,177.81098088875825,176.579861603562,178.4479228777721,176.14494616412793,130.95895312633922,64.14436631127205,Shavasana,frame_0000.jpg
153.21133584666586,163.07687829233365,178.55971938042737,176.18889551294902,178.6260521526672,174.84360337473888,125.38055718006872,66.85673654880391,Shavasana,frame_0001.jpg
151.97908993159533,169.44599194962043,178.8196910646894,178.04795315250118,176.36835489189681,176.48658400072478,127.36913498638653,65.75532888969313,Shavasana,frame_0002.jpg
152.37923845083358,148.13638310257622,178.57085267603347,178.21079756423651,171.8572353450181,174.08949466417488,120.80330897340528,64.47186255392529,Shavasana,frame_0003.jpg
154.84240512977541,137.33324671298385,182.7179882551579,176.68272269387805,175.08919834226535,179.37943861465237,120.71391809438474,63.93078135780543,Shavasana,frame_0004.jpg
152.15148812176218,146.4057026958306,178.82102922415976,182.15484754576613,170.17414769043916,174.58724898326662,125.40703046096442,59.32223864582798,Shavasana,frame_0005.jpg
153.8471872060071,163.73816213110297,176.0024035572738,175.85819633072305,180.22218737128833,176.7515484056884,129.89012236919234,64.65745643306214,Shavasana,frame_0006.jpg
151.26478008635988,157.68217181262025,178.1443717858038,177.4982869866865,175.68509819388908,177.48834801372615,126.17076702786551,65.90993916736196,Shavasana,frame_0007.jpg
149.5874211491473,160.13050789494744,182.8651790809225,174.58980378257237,177.36025744648447,173.25793488913064,127.12759655283209,61.10923383211172,Shavasana,frame_0008.jpg
152.24200551975548,159.00895996453474,181.93601149761025,178.83172063508252,173.59173177982706,176.3391207493856,125.64775231082473,62.89483577943972,Shavasana,frame_0009.jpg
153.36506927951794,175.38367820474505,172.34555546457028,173.48839400942114,181.65791924984356,175.6746597493955,107.83030401133898,79.27429552135331,Shavasana,frame_0010.jpg
167.114292660053,134.55588095201355,170.70287605011183,173.57639898054478,167.36433705484515,166.85172153080364,105.92695246324561,80.14704879111228,Shavasana,frame_0011.jpg
165.10591651488008,182.71037756794973,179.11290594039463,177.51784080887955,177.91685576869494,177.97673979019007,139.41531496324686,77.04837462352636,Shavasana,frame_0012.jpg
154.94261445853928,154.66966653174012,178.66343127031337,173.17550784562525,177.14261763884295,175.2652777404067,117.86037698240068,71.54532296017902,Shavasana,frame_0013.jpg
157.25006500567568,134.91353974854798,176.63831497637403,179.59990014617387,178.28066908630467,177.44046600397985,119.1475035077645,61.857176189140176,Shavasana,frame_0014.jpg
18.44395843628284,94.00852605673113,178.43906485187313,176.06109792245886,167.80819165947835,178.72993606309208,88.74622602170743,94.13006625938827,Tadasana,frame_0000.jpg
60.687909232285776,65.33879380806295,175.1600750609332,176.61487413997426,172.30558989124944,177.72340250817982,80.0570399480322,98.99746304336415,Tadasana,frame_0001.jpg
126.78801261011591,123.99167948459957,171.81571786420002,177.42800213377896,175.6934776814188,170.63651834988332,79.16120685177802,95.53513578739702,Tadasana,frame_0002.jpg
147.59559697233382,140.31662354681723,176.82655750821826,174.89305110257365,176.86869322293504,171.868835566006,79.69228300710336,96.15270310251431,Tadasana,frame_0003.jpg
147.96961821038335,144.7002949392515,174.84372316987483,173.14884286146832,175.04160837267486,170.31248412150248,84.57135619817768,95.59098009753284,Tadasana,frame_0004.jpg
143.15471952497109,150.95088115338444,171.99440387822048,173.56378923072228,175.99865920526273,173.20222202976834,86.37915411447172,97.14251290825634,Tadasana,frame_0005.jpg
140.1630581977226,145.03422934821526,174.9748520975359,174.29469168606445,171.37045696195594,170.8902087720001,86.20800966376493,94.1043243562588,Tadasana,frame_0006.jpg
137.47634864092893,149.78683334230044,170.87969698707798,181.2267800935319,172.44972354404896,178.03329439070652,85.78400897513042,90.51198345264788,Tadasana,frame_0007.jpg
149.47449827835305,141.90483932524867,174.69822433228586,172.13371644985702,172.88058724630028,172.43724171666835,81.72631227162262,91.69752994553065,Tadasana,frame_0008.jpg
147.30457200941038,141.32228432281764,180.3900960136864,173.5271426706038,174.48903692755047,173.30195023862925,86.4082220963528,96.88804215820696,Tadasana,frame_0009.jpg
150.1918761515441,140.5605362558867,177.29528620880242,176.51527462697138,173.48238168864367,174.32927551480284,87.60379412633822,94.31698078320258,Tadasana,frame_0010.jpg
142.3533575347086,137.7241123136217,176.40019709653544,170.145574279285,174.82644399379058,172.82535828657188,83.86064866171324,94.7451536323774,Tadasana,frame_0011.jpg
146.9295101576865,141.69759894355593,179.81662254191806,173.0907370287929,170.8020935911346,170.01786295103406,84.3094389674438,94.45031727113843,Tadasana,frame_0012.jpg
146.67857873576358,137.90348744675947,183.01266211809752,171.21762800778555,171.42573618156194,172.52407389706048,83.15066710194938,96.70206018868292,Tadasana,frame_0013.jpg
144.35129168202866,140.14789265886094,178.01776804792905,172.46819236368745,174.87854205016686,172.55203227306998,80.95874454603617,98.68790948424986,Tadasana,frame_0014.jpg
179.30685366177738,180.26429725487367,176.59131741872852,177.09915195536382,159.52441357161732,167.83071506057064,81.71813200729541,95.80736338047629,Trikonasana,frame_0000.jpg
179.9823524147146,169.75042423814097,174.96990747229881,174.12039640441643,126.7471582047196,163.1103140829015,72.02708308414748,92.22983257192307,Trikonasana,frame_0001.jpg
179.55057641817132,158.48715602965837,175.74251418561028,181.36865090931886,86.31186914515422,135.7679040564649,61.01459067395603,88.66708795414357,Trikonasana,frame_0002.jpg
176.01586919480212,155.41554266709176,169.46502319947794,176.38986566483675,91.93444571319156,136.83827030916555,67.5875194902167,89.48730401355351,Trikonasana,frame_0003.jpg
175.6624649970626,156.34603297252508,175.39691147384158,179.1546627220178,84.9126437438885,135.62919866004881,62.19361423360465,85.54275777838967,Trikonasana,frame_0004.jpg
177.66253191574216,151.05498859381302,176.7362543186541,175.58505106798978,79.92412209055213,127.2648586287054,65.1547742502943,90.43474605038477,Trikonasana,frame_0005.jpg
173.99476207019106,157.36193032403833,183.5369295867767,175.32444949679964,87.4852601474235,131.8197880896846,68.86014740934674,88.84769208222909,Trikonasana,frame_0006.jpg
178.85058383097675,157.19544695420169,174.58727745501133,180.12206726305408,89.72182944334186,135.6663219122342,60.994379531004256,90.15289629640893,Trikonasana,frame_0007.jpg
178.3546941680467,159.30866279955984,176.1972888151102,181.33059966526986,89.17567363687162,136.99329543317225,62.5609424349945,87.83634042535479,Trikonasana,frame_0008.jpg
183.62004956827093,163.832746103198,174.21910670627497,182.6732273214397,92.82280664915018,136.06234412336957,63.40941998734107,90.82473113845535,Trikonasana,frame_0009.jpg
176.12247756909053,167.41989163609526,177.9951063837271,181.25990125502307,95.38784725900172,137.98811598583697,67.48248348890387,90.93793154293911,Trikonasana,frame_0010.jpg
176.61288493449993,159.4352511745374,175.85330696640554,179.7293215115097,93.92048545905325,140.5889885664311,65.1653813458202,91.91371534720255,Trikonasana,frame_0011.jpg
178.95096743895073,159.77219408045192,173.81419150468818,176.40120661620568,102.15069819382272,141.95673856525923,66.63534670723209,88.0708140432451,Trikonasana,frame_0012.jpg
175.5339477276681,158.37254653189373,180.9937669297962,179.88520695667623,87.62919607956728,138.31555315855172,68.20953182006583,87.24128364345913,Trikonasana,frame_0013.jpg
173.7798086247971,156.07069143504364,176.2610475838772,171.37525981342247,83.8355022073205,132.54249737940253,65.41403302933864,85.89102872481665,Trikonasana,frame_0014.jpg
35.73985734592877,41.08650622303112,178.27663872318286,180.16199107788108,176.460491019855,178.19419968619354,82.91696673999633,93.4115299561817,Vrikshasana,frame_0000.jpg
32.84171654171351,34.13359803415202,170.875288560899,175.92193536676533,172.80361994285596,179.105572616421,87.37359231377538,96.95458859708606,Vrikshasana,frame_0001.jpg
36.21322840446536,34.48114948431138,179.67473194141897,171.68024363036153,173.5797497770754,173.30348369341087,86.64414603305691,97.08779508419927,Vrikshasana,frame_0002.jpg
49.41063248011312,36.71423178090882,167.58520265912833,132.07751823009443,178.8881584552575,143.45664092457048,90.02885048645108,102.5261912111472,Vrikshasana,frame_0003.jpg
37.78400522596339,41.60112727525245,152.49572468715147,102.66820084902444,177.97718397645852,142.898520797057,77.76202048503205,104.15327664194531,Vrikshasana,frame_0004.jpg
103.38679336128631,122.69473098312278,148.09173003616857,89.83096500990173,175.06514071995778,136.91357828506813,72.36588218120103,106.74404087245333,Vrikshasana,frame_0005.jpg
122.1302490193217,44.75995402413138,178.63966256004224,156.71423734018612,174.02529468614892,174.12077990852677,80.00687473992781,96.79246953385622,Vrikshasana,frame_0006.jpg
128.28514752386974,44.61929735826865,175.63960106240827,174.94742434228263,174.68101669596362,175.6749119956121,82.4933056138941,101.07530175787454,Vrikshasana,frame_0007.jpg
124.95266417570464,85.06002710183371,170.44533006382485,158.4958970036601,177.7652033561072,180.3235710949426,81.48475715398014,100.15117680781222,Vrikshasana,frame_0008.jpg
30.047988662409104,35.882714394003656,178.6233319659789,179.95674002083652,178.12026114243065,173.05363146591614,87.13835676528302,94.46959998523205,Vrikshasana,frame_0009.jpg
27.566759706582438,29.882464481157818,177.68619370562453,179.41307140053837,172.4752570545469,177.97052069276603,83.75905936463052,91.67226683673762,Vrikshasana,frame_0010.jpg
40.853575414876154,39.76667269739874,158.67473714058679,109.77654084694719,180.6329519094235,140.14689462787334,84.3471203203975,102.33083823033829,Vrikshasana,frame_0011.jpg
39.99555750897125,40.125762315201285,156.70214686875656,104.77906825433608,174.62613006025117,153.39019401647272,83.62308164740662,99.83454330276412,Vrikshasana,frame_0012.jpg
37.06878314844511,41.2925131606426,153.26090575333774,112.65173361536958,177.00505545462525,153.52356266952444,83.29473803339197,100.83443348692414,Vrikshasana,frame_0013.jpg
46.26939670422866,36.228521970739024,153.14196234119424,106.23465548284496,177.8567206662113,149.425466206161,84.41186639682684,100.67150867152036,Vrikshasana,frame_0014.jpg
162.77206342194287,159.28270901999855,160.03890931287194,150.16611415346682,150.49653352567944,166.19584949792429,6.998381067473049,119.98936514936054,Bhujangasana,frame_0000.jpg
168.78271101438276,150.8530175573588,161.51522565248942,152.2818308251409,154.16902795320902,169.61312351187684,28.00983370702433,162.73381704470268,Bhujangasana,frame_0001.jpg
164.76229335148358,151.5497960888206,159.0080456283946,150.8268334197121,152.0363372410289,165.3152684985434,27.665421998710528,153.86686064918527,Bhujangasana,frame_0002.jpg
167.42640188945413,150.8463816340583,166.20449528982806,157.45156717209156,156.22335363932598,169.0973028735035,28.02375442039585,155.3668877543627,Bhujangasana,frame_0003.jpg
166.30401685706892,153.73354022610857,166.78476403721544,155.49210950552748,148.73603012987033,168.42622761158884,26.650035439911022,148.63343138393574,Bhujangasana,frame_0004.jpg
161.66312424889256,151.10141398336071,167.28409769005884,153.45954733032505,147.99265884122346,167.45993592046526,25.678869787565617,144.69897178628955,Bhujangasana,frame_0005.jpg
165.99819041062244,151.9130095668848,162.73309930218346,152.21351625126624,149.92984191397994,164.42489464507042,27.102898450050816,139.73030224808312,Bhujangasana,frame_0006.jpg
171.40031614123004,154.86726167023272,159.97780531323374,149.21656201949295,154.81557502431608,173.31348768415265,16.343139809400764,136.70944827889602,Bhujangasana,frame_0007.jpg
168.8518935692942,155.59556069893083,160.71638575330502,154.00982385015564,151.37604618802058,165.67398318280274,19.201807031490517,141.03627231533878,Bhujangasana,frame_0008.jpg
171.0028816812954,153.85176086150275,164.74358499738025,152.08454873971496,152.94348440932941,171.14201357533665,7.914243643337051,138.06425122810518,Bhujangasana,frame_0009.jpg
170.0422167018161,152.21137160046914,166.7530714362077,156.2528883538012,149.5500338497816,170.17378332061517,22.908114447369556,144.9153822219817,Bhujangasana,frame_0010.jpg
168.0716117828477,153.2190326942892,164.3049011807967,154.41417941525103,150.95030767069684,168.3431990294561,22.976370937693073,146.7872367781199,Bhujangasana,frame_0011.jpg
164.8659653355231,151.2839572004486,165.04611747755888,158.0080386245877,151.7056431845448,169.42004860015274,20.843580772199545,147.5912555278951,Bhujangasana,frame_0012.jpg
166.5681577450182,154.55745103776542,162.64781624735863,152.43368799728617,150.72981401513886,165.4720875900357,29.416295959584914,145.86884589797597,Bhujangasana,frame_0013.jpg
167.83508223431778,151.7109148927478,163.23248192094186,157.00404727164883,150.77616726631302,172.0809650171157,25.25673271920354,147.95192648054885,Bhujangasana,frame_0014.jpg
170.91850906130898,177.74200249685316,146.2710535240845,161.62073187903266,118.86016988620453,124.1013917662061,90.03081203447961,92.03712191469013,Padmasana,frame_0000.jpg
174.26776966385117,173.45013218487614,163.87019594032597,161.34330748916452,116.54773906990809,127.19448183030588,91.57520553385231,95.89182430735104,Padmasana,frame_0001.jpg
176.15106389603775,178.36381496873472,147.51794943283073,167.68486221893514,113.31908812429462,125.39689070891967,86.39222426214731,92.61061280735413,Padmasana,frame_0002.jpg
176.09272039981124,179.40848777559228,119.25817812830135,161.72418950083028,115.73849656656095,130.14182766919046,87.82798418447418,91.35941181893733,Padmasana,frame_0003.jpg
171.61628764814623,179.92920189409347,151.3110829739123,158.03829926380521,118.13194539150098,126.54339386139516,87.44830115032683,90.92152128929631,Padmasana,frame_0004.jpg
169.03832128216015,178.9528251341889,158.25347787048622,156.81540368184878,116.24071861533427,125.67794343754254,87.75621784893136,94.5587524768265,Padmasana,frame_0005.jpg
170.10671967445612,176.54634739489398,165.59742430752775,157.141652571799,121.66864812209772,129.4075657630074,89.15034448549845,92.14280604963919,Padmasana,frame_0006.jpg
169.17593703739072,174.21188497524895,152.95864078363886,163.9442965013768,116.06940828979833,124.4742679990653,88.25388693278765,90.89894594695281,Padmasana,frame_0007.jpg
169.88024621359574,175.74989997921637,145.12983391072416,171.84768124332308,114.69692440442655,119.89163122954166,91.98333718016193,92.15251606080267,Padmasana,frame_0008.jpg
166.85372898666978,177.1949386281432,154.04003079245442,155.20310433532316,113.1498977171128,126.32017735864429,91.00433522720596,93.0440585811867,Padmasana,frame_0009.jpg
169.28958996399783,173.3302637112187,163.51272866145197,155.10707566805766,118.51530780571568,128.32018988123167,85.5123724642695,90.57666142097511,Padmasana,frame_0010.jpg
170.8323762001087,178.35683603641252,163.85625070220073,162.06175451579455,119.15112634719033,126.9854035412452,87.697576720108,90.59751151375504,Padmasana,frame_0011.jpg
172.7938738789694,176.40877278066145,155.66329543325122,159.02562820493847,121.12269230618189,132.18914338628306,86.76140428677066,90.98797064005517,Padmasana,frame_0012.jpg
176.04673976226363,181.67122459796937,159.50017628921407,149.76870480657448,118.82130357252049,133.8165242162033,91.5848302117558,90.79329832720654,Padmasana,frame_0013.jpg
167.658060033149,175.37183859062466,158.031383634236,164.2847335762722,115.8555849786098,124.69476661349927,85.75674456357929,90.434163662214,Padmasana,frame_0014.jpg
167.09882278255392,173.9956279739184,178.41441719737415,173.90777835159037,176.97500912416103,173.1249396600586,119.35040982260134,64.2611704911474,Shavasana,frame_0000.jpg
167.08882857478514,171.30561742459344,182.32240300492256,181.91805924533637,174.533308008053,171.30836105504326,121.76233856181699,63.74893409753067,Shavasana,frame_0001.jpg
166.5467977016186,172.6460312004745,172.59869380205947,174.21533216044241,177.18912926576056,174.7182937974055,120.35515409016985,64.77546723017616,Shavasana,frame_0002.jpg
165.60107409666236,180.46332844378708,168.89998227863376,172.5752626209857,176.99603412227597,177.9717881803777,126.5819511791813,63.626382658080274,Shavasana,frame_0003.jpg
165.10910113739686,179.31228296676844,174.3902225026253,173.1426313888758,178.34320631994615,174.3669691466706,127.14298907940227,59.95228698603574,Shavasana,frame_0004.jpg
168.81987415785096,176.04310880159628,171.9740721443273,171.47652712763872,176.21710578456745,182.17060811719713,126.27851791009832,61.90365105518345,Shavasana,frame_0005.jpg
166.50480058944436,182.38984752621474,174.8451573817786,172.96076173811878,174.11730854810955,176.30399049638459,125.21017933303646,66.4313985616153,Shavasana,frame_0006.jpg
154.46450516229328,131.9995304205698,171.17793166726318,166.69093404877097,180.13462216147113,179.06643748862268,87.86142374326622,72.74076395610662,Shavasana,frame_0007.jpg
167.65966760509974,19.841821359871428,177.85895296774586,179.91241785452445,180.5689756358619,176.60730690318005,89.65991573560142,78.13149264712347,Shavasana,frame_0008.jpg
145.7660388244576,31.55725579082771,172.597951809954,174.51475028512425,176.0011584118961,171.256928408166,83.49144800265346,91.31496481189404,Shavasana,frame_0009.jpg
154.9827673410639,99.60155671030074,180.74336905889265,180.72315206046187,174.61490724454802,176.53631661107835,88.81438482008816,80.62911291687364,Shavasana,frame_0010.jpg
168.95983064984196,177.46889626485103,171.90582781200948,174.95853587107433,177.85431377177392,177.10116352660862,123.29329295746105,62.27226953139912,Shavasana,frame_0011.jpg
165.30920922018055,180.35522687556127,174.17176737253507,173.45144396722372,179.37636305781683,180.32438350551908,118.3417102929559,63.016971506908426,Shavasana,frame_0012.jpg
166.70076450494733,174.0261184502054,168.41520387345926,171.74828667723932,175.46878546395084,176.90887014051143,118.17669482151456,64.12901600899458,Shavasana,frame_0013.jpg
160.9063420908911,176.8776370070885,175.02040896859057,173.94209486013156,175.6159571835794,175.88138283236026,102.3982944593631,68.04545222804444,Shavasana,frame_0014.jpg
156.1831843001604,165.33517599254867,177.96766376746376,174.61947637624993,181.72582882618772,169.57066658782404,86.8017434975551,97.38544982016121,Tadasana,frame_0000.jpg
152.60168087661245,164.77837129761807,176.69703223246626,167.64140551555047,180.46268848067106,174.0315236588386,81.57646224396223,92.18472224436327,Tadasana,frame_0001.jpg
155.35888637960065,165.79544169770548,177.04865484148021,173.57682737084366,179.89100900652892,170.84460730018588,84.92904250462666,95.74014713760543,Tadasana,frame_0002.jpg
157.49270145176982,158.95041643274388,177.00743802037985,167.29725932494506,179.0868483339365,168.58797083165078,91.60048075957175,94.3972860945379,Tadasana,frame_0003.jpg
153.76313579707156,159.6515688948741,174.90679616122398,171.66859514325503,176.37140685614094,168.34049570711454,83.77151212961093,99.72302275165835,Tadasana,frame_0004.jpg
152.3803506954828,163.12707287983582,179.19761450700767,172.74545014903444,177.54836869564602,170.93251893152328,84.58877140685874,98.38682001424513,Tadasana,frame_0005.jpg
153.90143509876347,165.57052258108897,177.3661763250644,168.04871512634523,179.2124950359239,168.41388762508575,85.74365879403426,98.92955338631025,Tadasana,frame_0006.jpg
154.40611714841842,160.68140157028208,177.9755906389307,170.69319872971982,179.74299544299575,167.71006233945639,83.35026988620145,95.62182735769606,Tadasana,frame_0007.jpg
151.80996996628144,162.92575264214327,178.39551182324706,173.0392805503851,180.1103917219081,170.47035733125333,83.31992178118615,96.61075782597754,Tadasana,frame_0008.jpg
155.76110492308644,168.43538921292372,179.28707624883378,166.10852678468035,179.65352647847678,168.4818159965287,86.68867064274669,93.59290659900212,Tadasana,frame_0009.jpg
149.33926509307892,169.5341420210867,181.97952822341549,175.14123105882678,178.73628006640593,175.0208143624281,86.11588882729836,94.33074089404622,Tadasana,frame_0010.jpg
148.73731770384921,163.01098759028835,179.3103142349364,171.13834926409658,178.9091687687741,170.90025704843774,87.41068579419237,92.70730309957615,Tadasana,frame_0011.jpg
152.74194712842151,165.22668448548382,177.41159025027983,173.98710609108068,177.46883639509346,174.79308588607228,86.91761588286003,95.39269560823207,Tadasana,frame_0012.jpg
149.29104396503644,169.5851651218589,174.57051146140012,175.0142723267815,180.05007657267925,168.59324121452988,88.30281437857577,97.12820563862071,Tadasana,frame_0013.jpg
150.5986772725008,169.48367254147442,177.36520988404868,170.8179455689535,181.03507357172484,171.5192435503845,84.61728585122819,96.11391690404146,Tadasana,frame_0014.jpg
175.74680380218442,162.93828114453154,166.80288799717871,182.39437782447348,167.4954494270771,72.99077679748895,79.49404238328081,128.66103934048363,Trikonasana,frame_0000.jpg
166.51683692482777,156.0421840540675,164.00733078548586,173.72241972047988,164.0422092018134,75.81381367824359,84.54293087131173,126.67066720432003,Trikonasana,frame_0001.jpg
167.64118521204048,158.02939088700856,164.55218435176425,176.18872321083273,167.48560043702372,74.47077288122566,83.9708042352494,126.06427399501385,Trikonasana,frame_0002.jpg
176.03295083981476,157.5739720333776,166.02021763468568,182.66670038226246,164.20027831853653,73.12480962443058,81.25863761591236,125.31419591498222,Trikonasana,frame_0003.jpg
174.98254475171305,157.86823535124194,167.24507612281394,181.8989172847052,164.7600148841172,73.08743143712566,85.56037402980408,127.80182712542062,Trikonasana,frame_0004.jpg
175.7531662363783,163.95610821263986,167.53000510604002,174.9172911184516,163.18534674384492,70.54552408885569,84.28888431654455,122.45852369880558,Trikonasana,frame_0005.jpg
170.5427381312256,155.94582680703988,165.92243240767473,175.02110808523022,161.0548550553164,75.27372716764584,83.42416152494755,124.15499096889657,Trikonasana,frame_0006.jpg
181.7507976652023,159.10222835210175,167.37368408799412,176.43609367438881,161.79619181457073,69.46140674648407,82.73208773446244,129.16515863808442,Trikonasana,frame_0007.jpg
175.80647189278412,157.90889389268204,165.73925191636928,177.53965791587493,158.98876897925408,73.86230823293094,82.57297511279775,131.47304165908045,Trikonasana,frame_0008.jpg
173.0969480421715,156.90506507977832,165.99498285210794,181.82871816341364,163.56275835086495,74.01600745437482,84.15063953376378,128.9069054938237,Trikonasana,frame_0009.jpg
176.40647280394182,158.98495211481762,167.36631231992075,179.6897230937796,158.24790726488354,72.3004316203728,84.42200471625483,128.04287430292052,Trikonasana,frame_0010.jpg
176.36256767420954,160.02061258723242,165.66298913752863,180.7174001865907,163.02611100239326,72.58162080321082,81.73599376094374,128.91799388552639,Trikonasana,frame_0011.jpg
178.90961446073257,164.33132355985472,171.34071120838706,181.18017601278646,159.4104246335133,72.63946801734426,81.68471216958376,129.17668418598066,Trikonasana,frame_0012.jpg
174.66287243730775,156.6118831651924,169.46516385926634,179.4604200757248,157.12278977684304,72.438245189748,82.7401356274857,128.97965082710493,Trikonasana,frame_0013.jpg
171.49945506391984,163.56485148300666,165.98303336640126,180.69231120088796,160.25610361422346,74.50552139540582,82.39573278862261,129.9188322266997,Trikonasana,frame_0014.jpg
52.66592020634199,55.48331057224339,168.35867261205513,121.14574940648966,173.21449268436712,137.76107786784135,89.02086611428932,97.96716474448968,Vrikshasana,frame_0000.jpg
54.87445050053774,51.388976383093166,160.89804700049817,107.5993863259873,177.6827471959211,135.62881168745653,91.61110049166572,99.73685824308123,Vrikshasana,frame_0001.jpg
51.80439588723603,44.98554881910976,155.92175102873716,95.72595251736303,179.68964940337173,131.29278913306598,83.4313154044506,101.9766702252514,Vrikshasana,frame_0002.jpg
51.61109649166354,45.19968728826862,155.57961029629456,83.23388593819367,177.99305017895688,127.70277683119342,85.82947932150411,102.65535944380835,Vrikshasana,frame_0003.jpg
53.110685460711,55.94076764782996,157.50993449297135,104.64799462285423,179.48512434246743,129.24563069161007,89.61672449029317,99.51392548179649,Vrikshasana,frame_0004.jpg
48.599886609652295,47.61980276145574,159.9221330858398,94.29386917823841,181.76138552422,130.93984060542866,87.19115419964531,102.52206438496037,Vrikshasana,frame_0005.jpg
46.85966470395364,58.32427832465651,166.8386582845191,120.71752993637263,177.69190987551414,140.7405591127306,88.24432719985579,98.73215178118423,Vrikshasana,frame_0006.jpg
47.41631589922452,58.44791011190468,164.2562221156383,116.70396441272422,175.07054829537094,140.70273842623138,90.83230815719014,96.48408489245358,Vrikshasana,frame_0007.jpg
47.62832460987606,53.39790117861402,169.78745169247222,125.1806881550037,173.14542407932584,148.33252289273602,90.26543295335395,92.29279580932582,Vrikshasana,frame_0008.jpg
51.118266341168564,50.59346972228525,167.68330013358676,122.97056875878263,173.2122321955136,144.98175132636203,91.37138118565083,96.06312946291023,Vrikshasana,frame_0009.jpg
51.00955139754631,51.41002146135679,167.09600518475546,118.66444896759542,174.5723398085114,136.93056819374053,89.61293035564418,99.02161361986235,Vrikshasana,frame_0010.jpg
48.299482637576816,44.454570225001206,168.04036681220168,119.68411228021806,174.38554707596478,137.625666709788,88.20225573463318,99.82091459628299,Vrikshasana,frame_0011.jpg
51.04088923567088,48.36546917216232,168.45096082068042,126.24307415646898,175.3159795293015,140.50306499758966,86.799143569822,100.09395245260076,Vrikshasana,frame_0012.jpg
53.14480438610268,50.26628458870681,167.31804766480616,120.98313089310481,172.79225839986998,138.76664566493847,85.72978459699549,99.35667305150183,Vrikshasana,frame_0013.jpg
51.61063857139902,51.027325592400004,165.30331270322063,121.3736231333018,179.13682517816193,137.20439340784816,88.50444710222358,99.45390941225523,Vrikshasana,frame_0014.jpg
104.58129797346614,104.56166544651443,152.79640118417632,148.47873686071748,162.94342522531036,164.09224356068685,137.84784898639094,58.731519293081966,Bhujangasana,frame_0000.jpg
87.37196180116072,58.16903284434906,170.4492471372259,172.5826703635015,167.64781132438054,168.8411134734863,126.56566395031352,47.65933940176172,Bhujangasana,frame_0001.jpg
173.95210902385966,168.126668973049,171.04036827847062,168.85359804844174,176.54689221846647,164.77192845576408,0.5869758806972589,141.53437282817214,Bhujangasana,frame_0002.jpg
68.8610823325631,53.5113606709788,174.57462994363627,176.49339313438668,175.99227222783858,181.54646100398065,92.76833558329595,88.0881617664283,Bhujangasana,frame_0004.jpg
150.0772430117274,82.70308083351895,165.14822814485265,166.50272961349881,169.83223906583444,172.79690264459114,129.92783208490698,56.05222483664178,Bhujangasana,frame_0005.jpg
147.95848925204842,78.72860971625312,167.13345877550435,168.41071781900965,169.25961237624125,171.96243812873712,126.15127283209439,57.91751893023693,Bhujangasana,frame_0006.jpg
134.56349270633893,107.55414477554427,154.8754603674829,153.76408846785705,174.93207196381724,165.80362082840531,119.84205502820274,71.47246300646499,Bhujangasana,frame_0007.jpg
119.96123586681396,119.79363147971212,158.81649758986805,152.00878252095356,175.7941079291265,172.1243047569039,18.415215687470635,123.30846788237032,Bhujangasana,frame_0008.jpg
157.85658281397264,144.17340147558775,158.27789213397287,153.3890625742161,160.44040698726016,170.88108490016822,132.2812048326172,86.9918653393561,Bhujangasana,frame_0009.jpg
179.38013038415488,163.01782385550453,154.44304230150283,150.91871451043406,156.4457959405949,160.30876943070817,136.40729476899844,88.32954376384735,Bhujangasana,frame_0010.jpg
175.85786653896724,163.0934875488921,159.70504365611944,150.26788338943643,153.18056892714347,155.86956393518858,139.4547352050418,87.70665371812426,Bhujangasana,frame_0011.jpg
174.79081137339568,166.27771456286976,156.2690813153757,148.34722869078394,152.11147136204355,164.0541734870076,149.38674955400043,95.2694635547402,Bhujangasana,frame_0012.jpg
173.6247678057051,159.003852609149,158.11345185206937,153.09301931479374,150.81447645579408,160.2846750038576,147.25028608617012,101.16337041652014,Bhujangasana,frame_0013.jpg
178.40841043596157,156.29037038176062,168.18172543830573,156.18349123874637,134.8459387044393,158.68456302456764,64.34120297305732,144.60131925156472,Bhujangasana,frame_0014.jpg
160.4848676517426,70.70464994111882,52.33718647272233,57.374922468560065,111.61051893523465,121.58232993419136,79.78506099184702,93.99105729205179,Padmasana,frame_0000.jpg
103.77669127614836,61.08058359567146,15.164998502708162,37.21926802635411,60.84370293864544,90.86525621027948,75.64973231278387,100.54797586603858,Padmasana,frame_0001.jpg
82.71413756614747,79.23922510341365,39.822156191898486,76.5134898292658,103.35884770397645,136.8887859042385,80.91415362139348,102.86687740151929,Padmasana,frame_0002.jpg
138.44330228904082,101.81686314170777,56.50494990703843,96.7621056206481,101.7035707504085,145.80903911753245,77.26280762037821,96.8636025403241,Padmasana,frame_0003.jpg
135.21944119328424,89.11771026571792,57.18351289309186,73.09581324064008,95.79890124263201,118.02933660468511,75.73620331281103,99.56209272292736,Padmasana,frame_0004.jpg
123.00369772403334,101.09797447426945,57.27371537713715,118.6418227085476,94.04389147770365,167.72753577088062,81.56497892890395,97.12654346169263,Padmasana,frame_0005.jpg
145.21977598543066,162.04598281407107,65.10709976883129,78.27058322755386,99.85401751130274,130.79902639969717,79.17468006210339,100.5993461439924,Padmasana,frame_0006.jpg
133.75091370362819,161.7657690945684,67.21447604513278,98.86846031364063,113.81926972149762,157.51606399165033,82.85316285499344,100.14198264197849,Padmasana,frame_0007.jpg
105.89233897838821,133.34006586257476,124.6674578461857,157.72807116616713,138.72754900061705,119.56428696107731,81.10417998474811,100.42417619570996,Padmasana,frame_0008.jpg
91.01518651342671,107.70188095665728,105.43451125721494,162.42815502592654,135.16275421031116,137.93029066205878,81.42678418391057,100.22447776111395,Padmasana,frame_0009.jpg
99.46924218277348,154.04320492307235,87.18070894774853,159.1239464930592,128.22498928909064,136.50667781852852,82.68316946636226,98.3480249685556,Padmasana,frame_0010.jpg
99.86697943062829,175.944802781032,51.95254561941409,171.7126118515289,100.12645823314143,106.64012810935604,89.84441841926535,99.78313326336165,Padmasana,frame_0011.jpg
122.3723942218869,117.96908283420964,59.910460959778305,139.71971461132233,134.46333602332942,131.37962747692248,81.05687225478685,102.79878283544588,Padmasana,frame_0012.jpg
167.665342357557,80.30771300108104,63.427293460020486,130.51448144368578,123.31218121619816,150.5940394611013,82.79211624882491,95.65907719445991,Padmasana,frame_0013.jpg
173.36980328181227,179.5578932111475,165.01521579239997,105.40164070257639,133.15663462536872,132.05434141408367,81.33773962999382,97.36832155449997,Padmasana,frame_0014.jpg
146.3057752833968,168.34013354578573,167.72414260901576,170.42883927477004,180.45673740847747,167.80588756965196,159.58193319837014,47.57776649125838,Shavasana,frame_0000.jpg
151.94833034016926,170.01723646765157,166.99685505191727,167.8974249862209,180.06082780904975,171.0953349215007,155.28764597978355,45.2629967883005,Shavasana,frame_0001.jpg
154.6478951916919,171.8921395110576,168.83061611215246,170.3371500373141,177.96929731450976,165.12358879276576,160.83251217573905,43.10586253343587,Shavasana,frame_0002.jpg
151.76883259971905,167.71855881730104,169.18355891135266,173.9675119317718,179.25233329092438,165.17272658596193,155.93502291902487,49.0808186858547,Shavasana,frame_0003.jpg
152.22136898025616,178.74265486883746,166.70120215786102,165.34929016925759,178.68444273963846,167.5994274688617,161.73687503196075,45.288885502860985,Shavasana,frame_0004.jpg
156.51288697168397,168.84717280165532,170.0305353806785,174.9350459566562,173.8860431743067,164.8744180568425,153.35086761782617,47.348482422877424,Shavasana,frame_0005.jpg
155.2770379005616,173.8146178851293,167.5274474831088,169.854580572848,182.4756373241526,169.4278783586878,159.5670365077154,46.522292804526124,Shavasana,frame_0006.jpg
153.02522982428613,170.2936217810233,170.49722990393042,173.09677374734449,177.6567263347909,166.78710906896816,155.28068909458815,50.0689409496901,Shavasana,frame_0007.jpg
155.33608282938926,174.4739111803714,167.52948472783535,174.65320234294188,177.40566462004796,166.80938947227756,165.027298705942,41.90478927508281,Shavasana,frame_0008.jpg
152.9445095615708,169.98183759643763,168.9113981592008,169.56305772305507,181.29758814157336,172.10637475546434,158.83899380996556,49.735815696485034,Shavasana,frame_0009.jpg
150.30857484645435,170.87973601728442,165.73630823874282,167.63569084900269,180.44587222500232,168.54612060926496,154.59102819565734,50.04556988243081,Shavasana,frame_0010.jpg
150.64695466010585,166.20091952520278,167.36069674613867,165.28281990080058,183.09255140769145,169.93052066588976,152.24141885856352,54.057584815347774,Shavasana,frame_0011.jpg
152.684531679923,174.4886201716125,163.79944679467604,171.10080924358263,179.77256139101948,167.8535418961014,155.13099236329916,51.79267496030979,Shavasana,frame_0012.jpg
152.23337028376358,173.50096620065287,165.44100163128357,172.44376418005726,178.2865946717748,166.8951265282786,158.2458777530566,46.57348598196954,Shavasana,frame_0013.jpg
153.3495591492895,173.52780760517027,166.15394351192504,175.91989217663024,184.87808171824713,169.5636729012319,154.58682021554,54.26216542526939,Shavasana,frame_0014.jpg
149.19308617217476,155.02989644899444,177.44282672003467,172.14437704985025,175.90052979067175,166.45080459303858,83.1873823147423,97.15600798789988,Tadasana,frame_0000.jpg
142.30921431590295,145.05431355205997,181.9005296748992,171.55697235671667,176.18086288355013,168.76763482736337,83.43725667157167,94.4241339778014,Tadasana,frame_0001.jpg
147.93508350844618,142.29834953514228,181.5902568232541,174.69939564096688,175.66050226439327,169.5322773476996,84.42181041565058,96.56336205629843,Tadasana,frame_0002.jpg
148.81804126387897,145.91408072113663,180.2601277167361,171.99620663313294,173.3178645218071,170.27052538095592,81.53798348876958,98.17033442209616,Tadasana,frame_0003.jpg
148.97577125606912,141.75783757930722,179.22364519021252,171.67696730833808,178.63247866237612,170.58040862868353,79.92256841091994,97.49520281435386,Tadasana,frame_0004.jpg
151.30339966270094,142.99581595550472,177.70888615423348,170.30134174828345,174.96444361982813,170.49544773522751,81.32466858578645,97.54902686244115,Tadasana,frame_0005.jpg
146.61285657578085,139.9738880212612,184.2288586807098,173.26083835659608,180.1510494017532,169.67977691761152,80.91549709588504,98.79893491966358,Tadasana,frame_0006.jpg
145.13787339718635,140.65347158678924,177.06014335795987,174.0809863620689,176.44890079490835,168.06199946178285,82.9838937677446,91.9187603932871,Tadasana,frame_0007.jpg
149.65337808239195,141.0034274210549,176.3275824219887,165.90361083800548,173.9885943888359,170.4015858888198,81.81635100514113,98.5242551397832,Tadasana,frame_0008.jpg
154.4376120361356,153.081249130073,175.98700774456142,175.17883954415396,179.23964002134903,167.1286159310057,82.11373932255438,96.8063786136087,Tadasana,frame_0009.jpg
148.34198844920894,160.70186155082388,179.144423505657,172.9674174318077,174.77704941953576,170.5108075056073,77.47094251844305,99.31277544796065,Tadasana,frame_0010.jpg
151.27441839729627,161.1213146991688,178.00809102313863,173.5399310555182,181.569848392777,168.99665050659553,80.83480857401842,101.45230083033879,Tadasana,frame_0011.jpg
155.89045856498768,155.71765160799376,179.29868179746583,170.24587219094516,179.20059476340984,166.1878815297631,81.8862759606621,96.91391084676043,Tadasana,frame_0012.jpg
155.07496387290647,158.38065197277058,180.87304823057354,173.86365410139246,177.9954899407285,168.8407512632059,75.38854426653253,96.40897293539011,Tadasana,frame_0013.jpg
151.46322764823051,152.5513773855639,177.59994317153655,174.05791965373677,176.48786505649775,169.342148335357,78.04283654502566,97.39111017527026,Tadasana,frame_0014.jpg
164.27963725289004,176.89384225400593,178.6277274143668,167.0732984148625,170.33882189212335,165.20448836420732,86.14379380722576,104.99862424895845,Trikonasana,frame_0000.jpg
162.29467262218532,175.97335524814673,177.92832780988263,162.96022348734405,172.2313775632257,159.03904705061086,85.69746247315484,103.18902777637445,Trikonasana,frame_0001.jpg
164.75953319050333,176.91846246125033,181.36720663604794,165.55733482303134,176.88237309149227,167.82322331700234,88.79361463236967,99.16839063993767,Trikonasana,frame_0002.jpg
165.41248796686503,175.6535591912072,178.4511096361187,169.80322793171482,173.7932743565324,164.7422557322221,86.96395840722829,92.90584202473418,Trikonasana,frame_0003.jpg
165.8748681187654,174.03391814185585,179.1574486580533,174.44738221301458,178.32978628608404,154.89338029876993,87.21622730041433,95.13414871071996,Trikonasana,frame_0004.jpg
156.93848957018244,173.31608172508024,180.5471966420642,172.73802092897878,171.82617342689616,140.23950360463755,84.46103744521362,101.59356731383183,Trikonasana,frame_0005.jpg
171.68057510037394,169.4229445759822,174.42469948394228,176.86412439271683,170.78920452609253,119.36619037554875,88.60817861016392,110.35459373869038,Trikonasana,frame_0006.jpg
178.36499054988647,172.24668919068174,176.85778229556308,174.7037204049288,159.70181423169396,106.05619778761648,91.04360554354234,107.88376007108388,Trikonasana,frame_0007.jpg
178.70412573981713,176.9338711285792,169.46286827425604,178.69798264095775,153.36889593898675,91.93348110972345,89.27785964132123,115.09600584817044,Trikonasana,frame_0008.jpg
159.57527115068504,173.08687011807444,177.81090509578388,179.36564882477225,144.9555734208879,119.95388859495651,39.00658900858162,166.51156100015947,Trikonasana,frame_0009.jpg
169.7214470725174,172.40500376227567,176.67150747811024,177.39195094291782,150.98897782151022,89.24221589765918,77.24787867149759,128.11091259725507,Trikonasana,frame_0010.jpg
178.1016222711515,160.1524362067589,169.72303260019453,165.28028671718852,153.68119918867956,76.69481680687207,87.92392149148664,118.46802456757504,Trikonasana,frame_0011.jpg
171.87718538279046,154.99284223092988,171.39653773987268,171.44150805347584,144.27148183114824,72.34337409938826,84.99067985214134,124.71228665591646,Trikonasana,frame_0012.jpg
172.3985251221086,147.97239705500735,170.88102514579444,171.861827915974,143.08338929949235,69.53770733950891,77.99991665765363,134.13706098591967,Trikonasana,frame_0013.jpg
175.0891146966524,149.21176328030032,170.73424851965538,171.5727728056563,142.9365747876593,72.03862790159887,78.98769989100707,133.52366212969036,Trikonasana,frame_0014.jpg
155.32272825526738,156.82492668859177,144.34469719736254,170.30733507105572,166.37419169744678,178.7332874097299,83.86580527886997,95.70729979133804,Vrikshasana,frame_0000.jpg
139.33573132796187,133.02138570149825,158.98839240174723,175.98635807872296,176.27834814820213,170.81611021785199,81.12027244089465,97.72439680336511,Vrikshasana,frame_0001.jpg
85.52480890680418,60.861123240238996,76.62111040808601,146.07578839355116,135.59248614885593,177.36004628162462,78.95792393671542,93.29389507018172,Vrikshasana,frame_0002.jpg
62.41206958597082,43.33805904404199,63.54355242280472,147.0592082373443,128.4381292141942,173.70692069468257,79.2097023407424,95.05775221289535,Vrikshasana,frame_0003.jpg
52.75659145162999,41.77102640685065,68.15256771531688,144.04781101835752,131.10937353785383,178.7865851952288,79.51854103483255,91.60597652802132,Vrikshasana,frame_0004.jpg
54.24726612650885,43.192745807791496,73.76161441000617,147.0145207517978,129.8220000310351,173.81466896051737,80.02618632051953,96.31117602499089,Vrikshasana,frame_0005.jpg
57.433225271220415,43.40021345305106,72.09241008899257,148.87524312084025,133.3768800519897,175.85297013573398,78.62002209094726,89.49591111688424,Vrikshasana,frame_0006.jpg
51.50330346978039,41.05578328959335,70.73767264319659,148.67178125266383,134.49675293190296,174.78469861345178,74.53672990684223,90.33103618719369,Vrikshasana,frame_0007.jpg
60.06620282542331,45.55194913343118,70.18665405574461,141.56215656945565,131.75857081029687,176.07444585686076,80.3091868802318,92.89071636130461,Vrikshasana,frame_0008.jpg
57.74842068053497,43.83539560720919,73.09488813432162,148.38498205831183,131.64742067473622,173.4156225353078,77.72622628671967,90.01671212255724,Vrikshasana,frame_0009.jpg
63.76464021582014,44.25797537711929,70.93095022836113,144.73813418950587,127.36421848035998,178.03333086503346,81.00467442885531,91.17441499294954,Vrikshasana,frame_0010.jpg
62.82099106283648,43.48437567875836,70.97827019281007,147.61819628409148,131.20554918655773,171.92573169311265,79.96645364139901,91.41922520374476,Vrikshasana,frame_0011.jpg
63.10156798301848,40.71081912435794,67.40079141365895,141.69595193924854,124.68029797612162,169.68959333082523,82.32361969641786,92.77088548184032,Vrikshasana,frame_0012.jpg
59.521021980491966,43.20709514279223,73.74061393825181,145.02497612174628,131.33382459459182,172.79645062048766,75.89034377890438,97.14275502141615,Vrikshasana,frame_0013.jpg
62.66085683126785,45.56793413744862,68.55143520795563,145.04938231192924,129.39364896297676,175.91317937688822,79.95522178155588,95.11967369056397,Vrikshasana,frame_0014.jpg
135.22964422394682,68.56381651567594,161.29453286558302,153.61007847368103,175.47706042825223,171.34950638713275,122.77301518681084,63.0269258245863,Bhujangasana,frame_0000.jpg
156.88190361241706,47.00692842254973,165.50652338469274,165.82929531894146,170.52027852112425,166.27345871475262,123.28240842876211,58.84347413342662,Bhujangasana,frame_0001.jpg
64.53403814010407,35.235857699952334,171.1393413597683,173.16994234695255,176.9819498868011,177.17698435374209,143.00364396898235,52.14981536225852,Bhujangasana,frame_0002.jpg
27.501804488338774,49.76756691558934,172.905322839504,171.48267706984734,170.78288605577592,164.6148168933306,136.23733797325556,55.25104957520744,Bhujangasana,frame_0003.jpg
93.08677752401516,41.86500301982416,175.56780458203454,177.37378712027294,175.17658700178092,166.30015602659785,143.94109108125465,48.121371013661026,Bhujangasana,frame_0004.jpg
7.693597504482815,40.77150205130213,172.0141589433094,171.37400675256566,169.87452841098653,165.40095601833218,135.13819728416678,45.41265662982878,Bhujangasana,frame_0005.jpg
72.90637007903452,36.73349347078266,176.27035730758612,177.34136705487603,185.41634374436842,170.73313105655058,141.9788527606846,37.910449338796994,Bhujangasana,frame_0006.jpg
54.59686562391717,44.61447525167516,176.76562228621486,173.6302005160636,174.5508312990686,171.2790520324981,146.9089910708324,44.15905028091552,Bhujangasana,frame_0007.jpg
37.98841624646897,42.221378136681444,176.6531561688928,173.33565676223174,179.48330858728508,171.99705601343385,140.2272519011992,47.32761390478493,Bhujangasana,frame_0008.jpg
20.11289533875694,44.997423629723684,170.3209692195852,170.27777587456305,174.25099373477263,161.7435629602141,138.25859554005362,44.805320870060754,Bhujangasana,frame_0009.jpg
40.858285903286124,41.67638370356025,179.62906013043715,174.77660086244785,179.46358163351474,172.00089551512642,142.76091164045854,47.23504567548238,Bhujangasana,frame_0010.jpg
69.57287148170094,40.214434206788106,178.14923071645947,179.6352228817107,176.84711102816124,170.11079395562106,145.05479596465415,43.429344410138505,Bhujangasana,frame_0011.jpg
8.1216006065475,41.21336283079388,178.55522157569166,177.71697374202174,175.45385310783638,178.06864909371038,135.6876293919571,53.10409330871589,Bhujangasana,frame_0012.jpg
21.717759572353472,34.92120697874935,174.70549327391043,171.9783084289895,171.83901322019253,167.22886364737468,64.25081378265104,104.30336456795015,Bhujangasana,frame_0013.jpg
25.335601780757003,46.07120530749489,175.41546029382906,172.59788263411218,175.11159468827032,179.50671455784368,74.6500216989529,105.48961582857441,Bhujangasana,frame_0014.jpg
144.00108153204036,176.12214532840025,151.57708819295024,177.3111127779374,151.16092733594226,117.15503967181733,75.36858959031258,107.5364274092969,Padmasana,frame_0000.jpg
133.63227693161014,174.31989038898564,173.26431646593883,148.07965881205118,158.81462693254915,113.51884694871191,82.75632713240866,105.12809595148947,Padmasana,frame_0001.jpg
126.70166108060882,165.11514658364854,154.9980338333296,155.35038186048945,122.73646260767792,102.75157351663425,83.73948973932877,104.69817620021782,Padmasana,frame_0002.jpg
112.10801411341397,168.565452388884,148.74711306800864,129.1898806865037,115.99754052977869,87.48805386635141,80.69012277212246,103.26558356756145,Padmasana,frame_0003.jpg
103.27573504933163,157.45173965339904,177.09122367619312,135.3156428157505,118.94049512485425,98.67424772922055,82.1609888099383,101.8351030963173,Padmasana,frame_0004.jpg
104.2171615578671,172.1786177528939,141.99500270126921,102.39322218007447,126.23964139473892,105.27197524817862,80.30525467152133,100.52077556687709,Padmasana,frame_0005.jpg
96.90662521796314,111.46721242092472,162.3677516107254,126.5678568178515,129.50902225606612,98.01924175000264,79.74235564727873,99.87195012489471,Padmasana,frame_0006.jpg
170.06524610970956,177.1488642724618,137.18358661286737,171.30758277662025,176.97390002749358,141.20663671657593,85.71246462567676,97.9349317221444,Padmasana,frame_0007.jpg
166.47256716850328,176.2974539111033,180.92662979024004,150.53620130990663,175.52431435735758,126.39944765059217,83.35590686541535,93.8589194762261,Padmasana,frame_0008.jpg
155.78633085039715,170.5041322170358,168.1859069299113,123.97284612412138,147.89852631249533,120.30656066066867,73.3706580242928,104.25631999027927,Padmasana,frame_0009.jpg
166.4019781092866,167.75305626977746,98.60442275857045,114.31136080016384,147.46016939419223,172.4776363581791,84.44042735281465,95.6295652780698,Padmasana,frame_0010.jpg
155.63051026597438,166.77367327854714,129.48570095350308,114.02576883455158,137.62144490745277,117.83544879086348,81.67966978477226,100.10043611681233,Padmasana,frame_0011.jpg
166.21896653944762,158.79527856913526,121.23839723384955,100.88757601365542,127.32074312564161,113.14576809538232,80.7102386694943,101.88319938766496,Padmasana,frame_0012.jpg
163.86810135976344,164.87249029573908,119.59739853246919,67.04569226372593,136.03995899589813,119.57873689214665,81.87415593844693,100.86253832276525,Padmasana,frame_0013.jpg
169.4727854001686,168.37354181339154,127.189526538782,119.64337134441851,134.46267800181698,113.87256093037541,80.02585204213128,98.09215574157386,Padmasana,frame_0014.jpg
127.79845855578304,164.6968662804054,170.75647180359056,179.3467036103836,118.57265067275007,124.2132308605684,43.356599328841135,134.59576336244132,Shavasana,frame_0000.jpg
126.40852637913908,165.4846621217258,172.79755416389924,177.32490898293923,114.70974527889322,124.27679240119815,43.970408899155466,132.5426326416882,Shavasana,frame_0001.jpg
155.30880374291766,179.4614408059609,165.53881413469435,170.1063852218818,126.69152768128848,133.11331041474045,70.03377598462855,121.02883072339817,Shavasana,frame_0002.jpg
176.4497883113903,179.14246213999056,171.64143607774105,178.88020199638558,142.25699390867481,153.53155040551272,44.01477989712171,122.16058442031948,Shavasana,frame_0003.jpg
12.312483476324214,7.308643199802163,181.41927347475598,174.25945250035494,174.17572146515326,176.64450713506207,94.10209524716736,89.16630665604623,Shavasana,frame_0004.jpg
178.63211364419095,160.53715290728368,163.96245484624518,160.92215474770438,174.42279438360234,165.5035923640755,104.48641571872236,76.59055865777957,Shavasana,frame_0005.jpg
176.67683134591124,150.12832142469722,173.42714611438078,171.6395348933049,176.7107282584015,170.68372925844062,98.24277019196506,77.31838493688211,Shavasana,frame_0006.jpg
179.10713685959232,166.6194623572989,158.15936738237312,157.48709741774158,171.3660877186715,166.6962257025044,109.35899481481593,70.04835865119401,Shavasana,frame_0007.jpg
174.13173121569957,158.65907378606943,164.357688661399,161.3309970117182,175.84598620198605,164.8940424312635,97.39987372743074,79.10964083967872,Shavasana,frame_0008.jpg
175.6206287871144,151.68875693412187,176.83255219791565,178.06898756370458,172.1271390645778,180.94521474448644,93.31009417877758,80.53142912715705,Shavasana,frame_0009.jpg
176.8708610476309,149.6236489117642,174.30111319243343,179.84446523348987,173.8094620515661,177.19286427231614,94.20412468192642,79.86399631870161,Shavasana,frame_0010.jpg
178.49680377213812,141.91969390887925,169.0298932878176,169.29275102001682,172.23544256669152,175.95516571776838,101.3042267157995,81.2899657051182,Shavasana,frame_0011.jpg
181.49017301892957,143.30262496077202,163.01499648460288,160.1550534243127,167.17857460682177,157.60771541315503,119.39185691129916,60.51673685959555,Shavasana,frame_0012.jpg
170.64881087894315,135.98191228877874,177.607488786031,180.38566215832068,181.50330499653055,178.49181267844583,114.54114497267236,64.60270293645226,Shavasana,frame_0013.jpg
183.9813358254109,136.7072885357658,173.17818916244545,171.49098816871125,172.98125756397428,177.17054579822602,115.96942484168419,67.87253227535054,Shavasana,frame_0014.jpg
58.47024524563224,66.91545971732236,178.09828543213132,176.86989452458698,176.35082052490282,177.61838893211979,85.89631579658695,92.03261082416888,Tadasana,frame_0000.jpg
59.640150607647584,75.33205351679729,178.15032701356728,177.91974140718602,172.83019694880727,178.3331461691414,80.61859630028113,96.1527480210073,Tadasana,frame_0001.jpg
64.11449894483324,80.38636413523204,179.2887327379211,177.1712516994067,172.06834533422946,174.43011255298447,85.6394379547086,93.36261757203172,Tadasana,frame_0002.jpg
58.410664331045965,82.33797352643326,181.1635754334213,176.53286002787286,177.93259381344146,174.58876995259328,86.76949444286359,94.51843279983113,Tadasana,frame_0003.jpg
117.20430184932552,109.19070985686368,181.26040148482105,173.44630061826362,179.3111267244126,175.91687860815804,85.41842650777754,96.24251083631735,Tadasana,frame_0004.jpg
138.97442837085708,145.5158421242406,178.19358145153737,174.69087011853546,173.52213928441242,179.85083646506348,84.70501757291503,92.08510728210152,Tadasana,frame_0005.jpg
139.0199241143857,123.76336708012899,179.47578811079876,179.66954724206607,178.87040726296922,173.33152608782734,86.95598078584408,90.63285151434103,Tadasana,frame_0006.jpg
152.27290383879287,145.31338704654394,181.15415031634325,173.2207789168582,178.37350948936663,175.77671463634593,78.30467160644103,97.30551135237052,Tadasana,frame_0007.jpg
139.38294310180018,154.91513833009128,175.55635257917922,178.86651776711784,174.2593359887632,181.4762977565385,85.7988548245774,92.13287405267259,Tadasana,frame_0008.jpg
157.29998327854994,149.2010134830232,175.30548899339826,173.54378074538653,178.68100044354227,174.08620675257166,88.53989321815547,94.25637843355081,Tadasana,frame_0009.jpg
154.5022925381808,157.24070772115928,182.18310653935546,175.2311979619191,179.22973047281175,178.4196463285127,84.58247811509167,92.47778684530545,Tadasana,frame_0010.jpg
152.01980840624205,154.24031172636793,177.85885288586738,176.61017719543636,179.28962847185704,181.1543837111222,83.38866395500878,93.7788792028476,Tadasana,frame_0011.jpg
158.9798121351415,157.70129507982443,180.75054102809602,174.5098406605174,181.8842627093558,175.87369614255323,84.28607061778729,94.60091612872455,Tadasana,frame_0012.jpg
152.4765413017286,155.08089437388054,179.29126322059122,174.8567887215461,182.630111561582,175.21578884169847,83.90680498599123,94.05908499551431,Tadasana,frame_0013.jpg
155.69030091157273,149.77673174489385,178.20757568911546,176.06224566882915,179.69162490004925,174.27064611882565,80.20421274471386,97.47289850033756,Tadasana,frame_0014.jpg
106.84826689702189,101.93947695590451,177.51211040762556,179.4001418384999,170.84228595806246,176.7932886099475,88.64889852501348,96.93533592338926,Trikonasana,frame_0000.jpg
98.55913461979105,98.95870855259673,181.15025683474735,178.09388900656037,172.45913321517853,178.1264617798833,87.34834169367464,91.89237347576649,Trikonasana,frame_0001.jpg
144.0199262441195,130.7704858535735,179.5486376089046,180.4758034447439,172.0230635510793,179.25165936305854,86.72789647750824,89.50641373862784,Trikonasana,frame_0002.jpg
164.05687730292368,158.93045841525515,181.66813925953878,176.34439365728286,175.16961745004363,170.83250272135595,85.8813750355263,95.02248011776416,Trikonasana,frame_0003.jpg
180.19366896864486,164.36921433146804,179.64165764358174,175.5662671804953,170.8035001216311,170.58277242825645,87.11611602062216,93.64360734229292,Trikonasana,frame_0004.jpg
165.89675576648685,164.44383464952483,178.2840910382745,175.50195514439451,164.60565399234466,170.36074186181884,86.11662533911357,92.25324397911602,Trikonasana,frame_0005.jpg
171.8963436052442,170.82030482547106,181.23167158171236,175.04802961239807,173.8716172337085,165.1498340437873,83.27855314138442,91.02888489272993,Trikonasana,frame_0006.jpg
176.73633529740096,174.5095281893548,179.7721432652493,174.84242716446295,170.75809801692225,163.6045506069516,88.92101591666312,95.17518932367553,Trikonasana,frame_0007.jpg
168.569877924533,178.84297281897352,175.07571043834548,171.25253928698797,174.03708001149073,155.07687214224077,90.08900476922484,94.26396984710188,Trikonasana,frame_0008.jpg
176.70608276007852,174.43492912116645,176.56134906841604,176.7532511256568,160.21414131785008,126.41909977804589,94.09097673910176,101.26661650010612,Trikonasana,frame_0009.jpg
161.44222344649052,172.98054872118567,176.07525593052682,164.48605461216022,133.54134275793533,83.33967091616266,77.34707109938216,127.46137754626506,Trikonasana,frame_0010.jpg
139.37091701880792,179.84865728474807,173.17401496887595,162.4630814092011,121.88530955999073,74.26366307403858,68.78192881626487,140.0121338455351,Trikonasana,frame_0011.jpg
139.19075166356242,174.01467849305865,173.27361629962894,171.10571768000707,118.68276739221926,70.60404413083849,70.40808463159433,140.81339644530664,Trikonasana,frame_0012.jpg
153.7737417920209,164.06225659214988,177.47310254927496,171.61992784434753,131.13962745378865,74.44055973866782,74.01654993605463,125.57983734628507,Trikonasana,frame_0013.jpg
143.23825315057286,175.27420198758503,175.16535100354412,172.62189600230008,119.06810368360962,73.9267206186746,72.52406061510146,139.07342965785642,Trikonasana,frame_0014.jpg
169.24907096698155,165.62445447968193,175.26862465665096,178.00141027241398,172.78379220213913,175.09790405422714,86.6638135560722,94.02262841397035,Vrikshasana,frame_0000.jpg
173.16717163501914,163.63182569837085,175.51156247468666,178.1677330252883,178.45428891276944,175.29385129617324,87.39387463501164,95.04082777391682,Vrikshasana,frame_0001.jpg
170.79879259898894,162.68201502430833,174.34573177723178,181.63310566236882,175.54869513297785,175.86560450782767,82.28025959991486,93.11642848237568,Vrikshasana,frame_0002.jpg
172.9729202550296,170.54942043888968,174.04209191022153,174.81802883435196,172.28348421765656,171.02068289794795,86.02846185099855,92.63975677525818,Vrikshasana,frame_0003.jpg
169.18501223858343,174.53095126868973,155.28699412932332,104.83184888947072,173.37137148304816,142.4672462046774,88.98458019614243,99.58218496264935,Vrikshasana,frame_0004.jpg
167.60969467528858,167.31053870599428,157.44438571236745,89.22973218457554,177.69778882828322,137.02798186211507,85.56955018178314,105.44489349976845,Vrikshasana,frame_0005.jpg
171.63359289480834,164.44500182967886,151.62063182490778,76.44695976506817,179.79158262012967,124.15715756232936,82.22243164700791,103.24130134287783,Vrikshasana,frame_0006.jpg
171.603327976576,166.704328289207,174.48806663742783,180.63029430442046,170.68875218972028,174.08301016996782,82.70924675833487,100.31468877035792,Vrikshasana,frame_0007.jpg
164.61620856450412,158.44710205108746,171.23433320040664,169.24074285841402,173.76826656354845,173.29549586424113,86.27103265355659,97.91916899432758,Vrikshasana,frame_0008.jpg
162.1289112879167,160.95406401991315,159.61840656066792,115.11145267469782,176.69392444682788,144.52388986567556,87.60537032676787,99.87385979210329,Vrikshasana,frame_0009.jpg
38.81786315932045,5.178087322097444,150.40761648625522,84.63137523427761,178.38659192666935,133.28176173140827,87.36099083509959,100.62328301220234,Vrikshasana,frame_0010.jpg
49.353397996355625,36.38342336396116,149.51345090428237,83.34671040633233,178.01094189444686,128.18064544630855,83.75185962265546,102.47395916223432,Vrikshasana,frame_0011.jpg
50.736367108024325,47.56056896470134,143.82608308362103,83.53924307838284,179.99413574625243,131.70793642774933,85.16076219663859,99.48399583081473,Vrikshasana,frame_0012.jpg
51.446617878832,46.519776678622954,147.68645504117885,89.93292108789583,176.34565821963722,135.09878914991737,87.39885186434684,100.01445173297674,Vrikshasana,frame_0013.jpg
55.913576210894696,43.118773189472094,147.3521287978492,85.2335760736945,180.1853238993381,132.07784250259968,85.98225593632034,105.2395527693811,Vrikshasana,frame_0014.jpg
163.42299270849298,155.10646925538867,160.28217292587064,149.6730010047485,133.43360577813485,150.82106837933696,15.217022389639132,126.74921971236802,Bhujangasana,frame_0000.jpg
161.9887978928756,154.76925950825532,162.85814414535747,151.60094932082913,135.37653810291303,151.49365909364246,7.284274291747746,118.46323072332457,Bhujangasana,frame_0001.jpg
162.41548745985796,153.00502551636063,165.4730253356688,152.79720534089105,137.5300900401299,150.52191510328106,3.2172905412376442,118.30073367457597,Bhujangasana,frame_0002.jpg
157.59480948120296,153.17938622453426,161.82079541298936,152.90044756255392,139.6830590086601,151.2150370446868,17.133566171270832,116.85649172884052,Bhujangasana,frame_0003.jpg
160.68799545993016,150.6515527054609,159.48370814654783,153.47840540160325,134.45287057660207,150.42535385851022,41.17063579584751,109.72111346970296,Bhujangasana,frame_0004.jpg
160.54656135381526,152.86507151870063,163.08048898753748,150.79186084017437,138.30374419357574,152.31481824509856,68.40649493743875,106.17170330681081,Bhujangasana,frame_0005.jpg
162.80363474964054,151.9331834654272,165.80756335900466,152.69932946485622,139.72875519405943,156.2281145168171,67.50370544099609,103.78633564828732,Bhujangasana,frame_0006.jpg
166.6903618579528,150.66599770423207,162.4643329090073,147.09192475730376,135.80161619743137,152.55789162491342,19.9098133830957,127.00615659731369,Bhujangasana,frame_0007.jpg
167.63903943046176,149.3293272297484,163.96072500852023,149.79068180586498,136.15526003730173,153.5980110397103,17.291793735149206,121.13569134219705,Bhujangasana,frame_0008.jpg
174.10199712190771,143.73232248008713,169.1581598463814,154.23005978667427,139.0943233141177,154.0011813374579,60.86471217872964,171.11237286175015,Bhujangasana,frame_0009.jpg
173.6350598058745,144.34154781127145,174.57349041336977,171.1068120377398,137.7721777950146,151.03180754249726,48.80432639461994,174.0264170005546,Bhujangasana,frame_0010.jpg
179.00390933182388,140.89256394810198,164.65495285350949,153.07730244702776,140.63636621295765,156.87142017124253,60.56396840485288,167.02817531674356,Bhujangasana,frame_0011.jpg
174.50174919845423,151.63068137931648,163.9257788168345,150.2855950502097,133.70093269031955,155.22819535408837,48.95137790587145,144.01596916545216,Bhujangasana,frame_0012.jpg
164.09671689072826,155.21462634987122,160.10114866658353,145.9818928536502,140.0246733274805,151.46432423394253,4.758260502038064,116.54166525164311,Bhujangasana,frame_0013.jpg
157.64902597422565,154.56037389265177,160.10967489195997,150.41304529035764,134.77935942512153,155.09141507932037,36.045957139781635,131.91963225703344,Bhujangasana,frame_0014.jpg
174.20505224523112,115.84719011114409,160.93353523573558,163.70920012867836,165.0011870506232,175.5195166834501,88.55175031290584,86.27727634658038,Shavasana,frame_0000.jpg
167.20041256653425,159.85309610047156,165.99008449919762,163.98470329501555,164.10832534246418,171.98330027058867,92.83670256765839,90.06082904233818,Shavasana,frame_0001.jpg
171.18211582917894,164.71289853386202,158.53807644832818,161.32787142496778,165.1631431262436,169.4100921678536,83.03376229165593,96.96475353364569,Shavasana,frame_0002.jpg
165.9519455253056,145.65840424610067,171.48927112283323,169.1678055772251,177.17686009133035,176.6213183524769,101.41464489433444,84.05056579989186,Shavasana,frame_0003.jpg
163.1125664018924,151.28043967420908,171.20961396978672,168.0979791122284,168.7449122295988,175.20401855664633,102.21695901651829,80.48326420421274,Shavasana,frame_0004.jpg
167.1957351250262,148.28023603163982,162.65235299753598,163.6887413259337,168.16053617454003,174.68826962086825,101.1671915252445,86.9845825766964,Shavasana,frame_0005.jpg
183.95175129329053,130.5914110265036,168.70442687937896,169.73711724303158,174.23186853685158,178.54045679543552,105.5398975490543,70.87530887085849,Shavasana,frame_0006.jpg
168.51757558628677,163.328085516456,162.70264297134582,167.03625600398175,168.5656324842994,174.38455627680395,99.80471198911579,90.69706095888486,Shavasana,frame_0007.jpg
167.50495565229357,173.80578436569678,162.7435394384795,167.41668710057678,167.29652842642184,175.32335941216581,78.89885331538822,99.48880677733526,Shavasana,frame_0008.jpg
164.2550255377031,165.66877130561582,162.31666612295888,163.6112099666198,166.294351431933,173.22675274706643,84.47123154866502,98.17660955707422,Shavasana,frame_0009.jpg
166.3164961331786,169.6599207872981,160.53182290040306,166.45801405656974,166.16806041840218,173.45780567976539,80.10179092182007,98.93724131703024,Shavasana,frame_0010.jpg
160.53835629609853,159.44268945268806,164.23679650504934,166.80396974194593,170.20864616570114,172.78781099505522,100.36456825956832,90.25093651675556,Shavasana,frame_0011.jpg
168.6374040956341,158.85042855435327,161.91404941020105,167.4026244061266,165.67202087896567,173.33880283141355,92.83764154259347,95.1813081769712,Shavasana,frame_0012.jpg
167.97102810287623,153.71180918341113,166.26084644538318,167.86470017255866,167.63838144815728,177.34384296847298,95.51889938672043,86.20710090666411,Shavasana,frame_0013.jpg
166.06441838926176,167.11623993380465,163.17048537765461,163.0453713534153,170.5261792034819,173.57005817485336,87.68149553969415,93.3316091364245,Shavasana,frame_0014.jpg
159.0665790203874,155.4521740275997,171.1685436484812,175.91951064241042,177.5292253909149,172.61716663095464,104.41074472396562,92.24768724821239,Tadasana,frame_0000.jpg
162.24586020338987,156.9354414244145,175.06582284242728,178.94650634478882,171.44835750466478,171.0890998582648,103.70632138589463,87.93182211007297,Tadasana,frame_0001.jpg
160.21591131564318,159.92070936865244,174.02067338661152,178.11269960050768,173.89641712488674,177.4977984985622,108.08815194221171,89.04128080947508,Tadasana,frame_0002.jpg
154.9890385907378,153.68868592068605,174.50433207203494,178.47344860681085,175.7064078240904,172.59326425249654,103.59817159734703,85.24460003534776,Tadasana,frame_0003.jpg
157.45846944811362,153.7902796519505,177.87962141797718,179.66502479482722,178.62872811372074,169.82898889880767,96.161390454083,90.1957707021745,Tadasana,frame_0004.jpg
154.72220885422226,64.44428887463066,174.210388121256,176.99535177295104,176.07816708013212,172.50426663712489,91.9567548771493,92.05277784505297,Tadasana,frame_0005.jpg
159.9614516895813,91.51306864280855,173.6516941326947,178.2589949089457,178.3448251960511,172.3297317977159,96.8014778655376,91.50204883163232,Tadasana,frame_0006.jpg
157.8120426033445,12.274425808086349,169.87662222076082,174.23662619022772,179.42595331058945,174.5473622159401,93.73311852516713,96.27496060161131,Tadasana,frame_0007.jpg
157.16203718126104,154.34587591440496,176.172927695246,172.20358195719956,177.08952469947312,169.35176871884073,84.29770575824679,92.63509365892382,Tadasana,frame_0008.jpg
151.86584456627776,153.99781471994686,174.58245380404563,178.066926356881,178.4863127989852,172.8824458224283,104.25231143273444,90.40296120194819,Tadasana,frame_0009.jpg
153.6959189355003,152.81562411187986,174.74811296936446,178.66970068440563,177.80821102403246,167.57856758663112,103.37300877680929,88.85143596007843,Tadasana,frame_0010.jpg
159.61356699064925,156.3783039264366,172.47365677396255,178.46475801409238,173.27399324903914,172.5618508287397,105.35764565288522,86.72400586512016,Tadasana,frame_0011.jpg
154.06731539811264,156.93681571365966,174.07129537765542,179.39720450081953,176.59417127039077,170.68350988217523,101.2775536771972,86.1921685706125,Tadasana,frame_0012.jpg
159.80563609221917,158.70259089196495,173.96501833454963,172.20155434359555,176.39596689260839,173.37150065300494,102.11648952298005,87.37488826773185,Tadasana,frame_0013.jpg
154.99513782920187,146.74853578638442,178.50490501388717,175.63167346654495,178.58887397586517,168.44720046251388,102.25584065892699,88.42497492492156,Tadasana,frame_0014.jpg
163.81153114319085,165.56101557707788,176.80562560766006,175.4095467921805,179.98485836122052,169.6635031581812,83.73646419794589,96.47826938242189,Trikonasana,frame_0000.jpg
167.26256925161056,163.77141838917592,181.58580059182339,176.6898342222815,173.46424935297543,165.56779483691597,87.12003362315438,95.16717886892721,Trikonasana,frame_0001.jpg
168.50092092377065,155.55375895088648,177.08527218570794,180.28190118573391,170.68666783100963,164.52067144906857,81.84985168727519,92.56989230571646,Trikonasana,frame_0002.jpg
170.2596733592366,169.13916844653613,179.36192610362497,180.21021072936404,164.87434699172508,171.63590750984537,88.9703313559051,94.61104953988274,Trikonasana,frame_0003.jpg
173.90196367266068,179.11479322503797,176.61471676681035,178.0331406638639,156.94288908895183,176.94473216738962,70.97006361812986,101.57900185581958,Trikonasana,frame_0004.jpg
178.45416248435026,171.66376727487432,180.34624434903634,172.75502307467568,137.0245166810929,165.8839407024887,60.082105840537245,94.98324864913806,Trikonasana,frame_0005.jpg
172.04932285445938,170.75614359006323,176.0331036341535,177.31187018256193,88.85882262826404,139.7038288305093,66.11336464834046,90.87609368765338,Trikonasana,frame_0006.jpg
179.52466494927617,159.24362375917653,176.36793672517655,176.79076142388988,91.104820590912,135.42888831485993,69.73296214142086,79.32980232472177,Trikonasana,frame_0007.jpg
174.61043245969026,164.9419941613558,175.55800683047565,174.40863331528942,92.26076068417173,144.36414288300466,62.52956039848066,90.9671149906595,Trikonasana,frame_0008.jpg
178.55847065721872,154.16600392406303,169.85701268120948,174.32657994628573,96.02679658295055,137.10019542792418,62.31896293054917,89.43739233183582,Trikonasana,frame_0009.jpg
174.67113154419803,152.54015698737354,166.4567030058563,169.70222057868668,101.04404442955725,138.1967811983841,66.42819340303579,89.41513716514469,Trikonasana,frame_0010.jpg
175.6594607682895,158.325588785586,172.8040547231993,172.36197656856035,90.94001013467627,138.5045539713796,72.18702181763041,83.68004202257883,Trikonasana,frame_0011.jpg
158.63884985012155,121.53912404781002,173.626165928073,173.628159490887,104.79256539413745,123.68955120725822,152.33050640178092,31.15027602607375,Trikonasana,frame_0012.jpg
170.89444748112874,177.1261242531244,178.68967105681713,175.69533328507805,104.3861919606851,104.53333129978742,137.32322002137013,14.812063529075372,Trikonasana,frame_0013.jpg
181.1856095945233,159.06752157591794,171.70196030636217,175.79452397471005,84.48574720711888,131.2932395874736,77.3189771698208,75.38270578678355,Trikonasana,frame_0014.jpg
152.43844620152865,164.73736093276034,176.31897661481233,169.31124183291877,178.8784774680402,174.76728198087494,86.61128191904007,104.70959128433451,Vrikshasana,frame_0000.jpg
123.81995700717252,176.72902589059882,168.5546586007885,153.93480601757196,172.17831288686045,163.1720483135796,81.75430468668742,105.45223096923259,Vrikshasana,frame_0001.jpg
83.09583597059164,78.60277474710547,175.07067546770975,173.0318489447457,176.85279175645147,174.41289760640447,83.40656031229899,103.10522729585426,Vrikshasana,frame_0002.jpg
64.69022160970259,64.19093083861577,170.8279669069561,163.36687680239106,175.73796756211954,172.94089409094855,83.52531988268116,104.55655510577245,Vrikshasana,frame_0003.jpg
70.66446750059465,73.08586611922377,172.1624326247605,161.68720353365796,174.05937093343803,174.94171816142693,80.55609818692096,103.16167290388829,Vrikshasana,frame_0004.jpg
66.44146352826179,66.42336830922106,176.49697642341854,173.06084892835412,177.2734975127715,175.22758948061855,82.99722270872803,102.79628196398144,Vrikshasana,frame_0005.jpg
65.05676255375452,62.49255694720087,181.39815689322688,175.17787655089546,177.11529590029053,179.58497638954978,80.73025693766459,102.71809218574832,Vrikshasana,frame_0006.jpg
62.301755366075035,63.34925982393712,180.42654647052035,176.6222136628406,179.52513784659158,180.05226013330167,79.4180799236439,105.98672661613652,Vrikshasana,frame_0007.jpg
60.38471737205642,63.59471396227671,181.37555889127944,167.29407738837773,179.72211894585897,182.62329600980482,80.54801695777675,103.43945515532297,Vrikshasana,frame_0008.jpg
67.04159035665778,64.43067243376271,172.77810245600924,175.1090318023634,178.50298952183,177.96914307524025,82.1468917391207,99.09680127638711,Vrikshasana,frame_0009.jpg
65.15985596456146,63.15173981800009,173.22720308200743,163.9357809462963,178.91382588122042,178.75048676407187,82.25763857207477,100.05459459191395,Vrikshasana,frame_0010.jpg
68.92353240176134,69.49914570042515,174.0055703828372,165.7621772715346,176.15912206891298,172.84913354601184,82.54860002452934,103.37550597676623,Vrikshasana,frame_0011.jpg
66.06990408218272,68.45662655372949,171.75798855000252,159.87776044659108,176.4560849493536,178.40518481511242,81.83099554378497,100.9956631730453,Vrikshasana,frame_0012.jpg
66.76552269339645,71.21962455665349,167.85485008250546,165.10276073636805,176.19011104066183,173.59608755128227,81.51221351939093,103.87733869663647,Vrikshasana,frame_0013.jpg
66.88445010796758,67.14278012942121,167.930260649255,158.76409558776174,178.5973796592449,173.28215352424968,82.34839323881332,100.10574849979443,Vrikshasana,frame_0014.jpg
142.18653666356178,155.60107418620387,160.1512506311663,149.66361979659467,152.76757228916586,166.55847074085872,17.105486280011313,144.98401717185476,Bhujangasana,frame_0000.jpg
139.28685670528526,153.09710000808425,161.3650919066479,147.79587963529906,157.53233767174487,171.2655907787337,13.513587337784024,149.94681347197678,Bhujangasana,frame_0001.jpg
141.45055293007871,149.99591004433927,156.2592794066998,153.84310639593448,153.6525691960639,172.86317575678297,14.93039857543191,151.28223521133899,Bhujangasana,frame_0002.jpg
141.57025809526374,149.88264720005645,155.46196150488208,149.86139127311978,156.26187148140636,175.33764512642816,16.79841811142,148.2428479838339,Bhujangasana,frame_0003.jpg
136.5723396625314,151.46245065787696,163.82107138840968,151.4639501882992,160.35764528457534,171.23766922337597,12.593292254720685,151.2421924701304,Bhujangasana,frame_0004.jpg
138.74952732426476,144.04263676132743,154.30670041912094,148.78644131128974,157.84130154450796,177.17945307571173,14.371880927010753,143.74536627795476,Bhujangasana,frame_0005.jpg
141.0374905426585,149.29637969175727,152.07408156452757,146.6097507669917,167.61326624277564,181.18135339420562,15.086736281500555,146.77225299371952,Bhujangasana,frame_0006.jpg
165.61235078999243,161.75752159840815,129.501615956131,123.47710067656654,174.89132158781084,158.5953892900444,0.21319032171889918,110.3840737454987,Bhujangasana,frame_0007.jpg
157.2176704917537,162.20393691166848,94.89730688546108,103.09693117031257,133.37102898683662,129.42592335096748,28.67367911054035,135.04097092795578,Bhujangasana,frame_0008.jpg
154.90150874443992,161.1573371704348,88.18869864440485,103.38165916036135,120.4789375013994,122.44155418445818,21.798816746699174,134.2990963751615,Bhujangasana,frame_0009.jpg
160.1270719661124,159.56885745562386,115.63615523370792,114.71731173194408,148.19389818527767,137.84363768429276,29.441895785385906,135.5957902960684,Bhujangasana,frame_0010.jpg
146.87245117376236,150.95724443416324,133.8921332003765,130.60767657181225,178.05561482179306,162.88542278350357,33.94039266765308,169.8925437705435,Bhujangasana,frame_0011.jpg
149.01982690786934,160.89725398454786,140.0654150266935,135.6032208318676,166.5747404780727,176.13643624770802,39.21434402987119,167.40064632617967,Bhujangasana,frame_0012.jpg
106.97419522178869,117.90034208345588,161.1899470130478,154.05932421275438,166.9278628807334,177.4511959479057,15.23193969756715,150.30421155472553,Bhujangasana,frame_0013.jpg
72.05927516657087,77.37774005055833,161.36874664924724,153.20190394237108,172.44011772195,180.9628072484035,101.71330345267954,88.52814092698993,Bhujangasana,frame_0014.jpg
171.39889964799622,168.70790244682985,71.52467728122068,56.53399448034934,175.89991817170343,152.80143084287303,85.09944031373544,94.77054157473695,Padmasana,frame_0000.jpg
137.38530781766815,175.17491688608413,142.57341118926277,61.500959697849034,167.81176626354105,136.0135069611343,85.13045812236713,97.71861359766051,Padmasana,frame_0001.jpg
138.02047861394215,170.65585095781634,91.38236839648167,77.28282061293899,77.40107107595901,68.38428157427343,84.43507128679549,99.30156203915087,Padmasana,frame_0002.jpg
110.20674166643754,155.9541893206106,122.82093903514865,59.0588219716133,121.47425087878672,80.153475363022,86.95970443083554,95.28091898336304,Padmasana,frame_0003.jpg
118.12360305515288,167.50064394330553,110.22675288674378,109.31837594544886,121.5746775898716,85.14528744206952,81.10070372877003,92.16184678393459,Padmasana,frame_0004.jpg
139.66919129913342,173.4145895499378,65.64485805411286,58.47095636134855,42.67297321591687,37.09271604600533,79.3099497826676,102.88437887199446,Padmasana,frame_0005.jpg
119.03937953197202,162.44868458075769,140.76788174903865,126.94729759268913,94.95439022073859,84.63608325710271,81.30466706984906,97.9593226940477,Padmasana,frame_0006.jpg
131.8111534971353,164.27980962613742,46.876832719526,56.99020063637755,31.880230767574982,42.03445873046837,85.88124404609427,96.57775224284886,Padmasana,frame_0007.jpg
142.8008861376541,142.69219751143228,172.3246134459819,125.10461507632282,172.22733596230614,125.42792884314306,86.73423166048494,91.22871974690979,Padmasana,frame_0008.jpg
143.65129922370912,136.89036166063823,71.76151503937992,138.32419061695325,129.93443825769822,150.07770123848212,88.57335704280699,94.08749232386324,Padmasana,frame_0009.jpg
152.31852327689708,155.43588281541096,118.05002361368004,146.51279300257295,120.55915093536947,117.0676505319331,86.28542095688488,96.11692120960122,Padmasana,frame_0010.jpg
135.96259197780157,156.43681188636157,54.61123628338836,94.69961702214025,127.08377223976075,173.2748443816397,92.61684534693289,94.0393255532818,Padmasana,frame_0011.jpg
159.9300922340089,143.9276685057888,63.232624403965545,98.54512434307736,113.25564018296701,158.80589502345802,87.67794893059136,90.31656790101064,Padmasana,frame_0012.jpg
167.9196452293819,108.13873928417742,70.27069524885981,157.61902959289952,104.66189469248118,131.3599469127413,82.42479130216526,94.92490501596268,Padmasana,frame_0013.jpg
140.3549835270164,150.31628711441806,120.465738494032,161.64919213419003,139.86290431898655,153.2605662155897,83.03253717755551,96.06320516939276,Padmasana,frame_0014.jpg
174.29165738128563,118.9009514681476,168.25143959213614,161.46295131596068,160.59908021626796,157.05593157095416,131.05418563213553,49.510305743684945,Shavasana,frame_0000.jpg
180.77161080020142,113.77000974481919,167.26130549302113,169.36193655695914,159.0487509655015,160.20891933962704,125.46017467232966,62.28509925534096,Shavasana,frame_0001.jpg
167.26075687409093,112.84425581932602,166.3269633695685,164.55257251523525,162.0494267836039,153.89267771765265,124.1069650405812,66.07666798680687,Shavasana,frame_0002.jpg
166.4263030764824,119.27930608294032,158.81983728537517,159.60319940151493,158.61259130839196,149.7657146521747,119.73162712334359,65.99816523621745,Shavasana,frame_0003.jpg
169.73890554083783,119.37014846159543,164.5063048659163,164.6806429033948,164.31132814988115,157.54738775150113,121.3113895996201,66.75189941621278,Shavasana,frame_0004.jpg
168.4367214986568,117.05614548718228,162.54831436491372,165.49368743990257,160.19901812948837,158.29780908768882,125.25311143552797,60.458749996771644,Shavasana,frame_0005.jpg
169.2792453762226,118.34966701334243,167.34059202726974,167.37571084270456,164.70029381511574,156.54859444147053,115.03215902087527,68.08628647583316,Shavasana,frame_0006.jpg
170.40641304223294,146.41032517654267,171.60144439190842,171.3591027926425,171.34808369758602,169.71001952157556,103.96835084228518,71.24830221931093,Shavasana,frame_0014.jpg
108.03537532000885,147.93039927665978,177.78365874323765,180.31091105971274,173.3369889285088,173.3993260999419,79.52048212770829,97.97957944022211,Tadasana,frame_0000.jpg
131.82660269995574,131.15781483312907,172.5702068265486,176.9951442902175,176.8335503335999,175.4299828860551,87.44536981763042,95.35678099248322,Tadasana,frame_0001.jpg
114.62954760120512,109.57041880209817,171.46522513704795,177.84007383663138,174.30600569569089,170.72600470201087,84.60346128221872,96.4862372888695,Tadasana,frame_0002.jpg
105.92581050085272,103.78440178652765,177.68572699070234,174.20226126907966,178.34433367413237,172.74728890547289,84.51425824773365,98.47569001431162,Tadasana,frame_0003.jpg
123.21079071370949,112.43876121782858,175.22748026057712,178.1735038234599,176.30614466197136,176.6504461491595,84.5038726938988,94.87345141450477,Tadasana,frame_0004.jpg
165.28669797603183,167.38623378114022,177.53915457069434,173.2678439820081,178.6227621069398,172.8138838871319,91.4958280255788,91.57467191287039,Tadasana,frame_0005.jpg
168.92182714770283,167.50318367236264,182.60797697463568,178.19891745871493,180.63543190592813,173.0567917776179,87.1821828308881,92.49754399174458,Tadasana,frame_0006.jpg
164.8823271497802,171.6729295695962,181.01167167763091,180.04525431824868,182.12396604993805,171.1754481830101,88.76844816570339,92.83425410754029,Tadasana,frame_0007.jpg
164.54188977206076,167.39471009925487,176.56402301878367,177.10253497904742,178.34794997086286,174.68234978912596,81.60854009131397,95.95383085959067,Tadasana,frame_0008.jpg
168.5372019054306,171.6282229343121,177.6056523329372,178.6022416829867,178.0459341642243,173.15661640927664,86.9850736697879,93.96453750560784,Tadasana,frame_0009.jpg
164.58289589914284,165.89107741896484,181.9841097383234,175.78674026504365,179.230254447408,172.72460604641898,87.1792300826002,94.34837356772388,Tadasana,frame_0010.jpg
165.72805498406078,168.92527524785794,180.48931447520587,177.34537988162324,178.7304964116857,173.49094419385534,87.42317326521807,93.41817282701838,Tadasana,frame_0011.jpg
163.54566506049625,167.74601688566077,181.5753769089651,178.7113935863583,177.13185856387963,171.49428430334225,90.7028964862123,93.03865705952015,Tadasana,frame_0012.jpg
165.52869458876475,167.10423136550028,178.28960216267689,177.16129898628,179.75724630302048,173.77378264266792,89.12098744981553,94.62870035154091,Tadasana,frame_0013.jpg
168.12736680708613,169.2630927221962,180.3266469780107,177.91066477071072,178.9527068455077,172.74953233154497,86.7477105658428,90.50587800787899,Tadasana,frame_0014.jpg
165.38670023751376,151.71783111884977,172.63237980201086,181.38811613609946,166.26051409036742,166.78292437474275,82.41511289107481,98.5685308382177,Trikonasana,frame_0000.jpg
167.98428006079428,166.4717980995702,175.6112259045439,179.6111288520431,166.95022383985918,164.21485815421553,89.0565940183561,94.54377440246513,Trikonasana,frame_0001.jpg
172.92065538724503,175.69509552917972,176.69651493564692,177.43434640424636,178.00246727111102,137.91965710555155,86.44999954355113,101.02698153474701,Trikonasana,frame_0002.jpg
171.69735138092392,168.00328012525156,175.5825068822571,170.08616130646888,150.95763708123386,91.85634601954506,90.8740079260507,105.74997150681317,Trikonasana,frame_0003.jpg
157.63540725269007,146.74195378500582,173.94701328164442,164.76956357794828,119.74573884353678,55.83347273200787,80.25098283776582,121.39777295443032,Trikonasana,frame_0004.jpg
167.05350618344212,165.8768250453584,162.57545833199018,152.6066088069307,112.92155504666657,48.97565204652502,81.2174071435499,123.99778325415369,Trikonasana,frame_0005.jpg
165.97843266516438,173.20916388162382,159.4981810889596,147.7084451168332,109.03049183275212,46.753213250920176,83.21656782952707,123.13934321480465,Trikonasana,frame_0006.jpg
154.04210145392668,168.30046704261966,155.26657968883507,155.79150856655525,105.8714935974607,41.32056890755805,64.72514892541338,136.36185573066675,Trikonasana,frame_0007.jpg
148.8082822946262,170.21047794812404,150.59798622573936,156.41622944068678,101.74306611643004,40.97522223973123,73.8181580178268,134.9422074513087,Trikonasana,frame_0008.jpg
155.1060719891976,170.7997500984461,151.2994809637611,155.81943400801032,102.33009947759297,43.50996475826457,76.33367480381416,130.40587221130005,Trikonasana,frame_0009.jpg
155.11268693930575,167.2448472365161,178.47392554396504,167.94190023768306,129.04648956285848,62.752874972651355,76.5995846521957,130.26706956751914,Trikonasana,frame_0010.jpg
174.19889093269634,177.5743232853389,180.31189310127465,179.6158979424679,134.68558239475823,64.70907367029474,75.46597249528016,130.48122938383756,Trikonasana,frame_0011.jpg
169.48210348647714,177.5723738094208,172.1564517436773,171.85533168508599,135.2169114660796,64.596800135454,74.31676288487772,133.7889207055508,Trikonasana,frame_0012.jpg
174.5375028200951,173.6412921140287,178.4187510987806,179.78572732759034,144.37764565573457,73.95942789200554,73.9235726295623,129.6484596145561,Trikonasana,frame_0013.jpg
167.71349711355188,171.48383368797266,174.68209743634958,174.8755839148591,142.30417786659933,59.39173272556244,69.52458347419612,132.45139237056597,Trikonasana,frame_0014.jpg
39.30161391932047,32.724882489174085,145.33543185861313,71.0427278739438,173.32685341729015,121.3376563834191,78.45268905899732,105.12946653397492,Vrikshasana,frame_0000.jpg
41.48301742116381,41.92143294697174,144.85593206461752,53.531907947252606,173.5410820606956,101.9632743209454,77.64206476159885,108.64195217457319,Vrikshasana,frame_0001.jpg
51.25307279826505,35.53203778926992,145.02171697576316,46.00665444661959,168.61537727519664,96.25361356769801,80.87089645087129,106.5640169695892,Vrikshasana,frame_0002.jpg
52.52554394039295,33.70145050179097,142.70108248083477,50.16584665312082,169.8753186047508,102.38652588672417,79.28281908286618,110.60810984424951,Vrikshasana,frame_0003.jpg
48.25768213916739,40.43124009948877,144.77510825477628,53.039574069359,169.34525009671555,106.76113899944066,79.98982105345469,107.04028277147911,Vrikshasana,frame_0004.jpg
50.198136381939364,32.58583110953614,145.5828503251975,58.52254776229348,169.54876723798415,106.73419308813607,82.41798881285855,108.61168057383057,Vrikshasana,frame_0005.jpg
51.94050878190423,32.01089766754072,143.29460777726985,53.98186779857935,167.65052687740305,106.5524275908495,78.47013636682506,110.0578022009758,Vrikshasana,frame_0006.jpg
49.59876210229009,35.04587205309178,142.72950729785808,53.80123548038411,167.9212271266925,108.65752380063489,82.65970303000876,112.83465615316071,Vrikshasana,frame_0007.jpg
46.27459233149292,36.59043642405129,144.37191615091723,60.384760014412144,172.8667233485534,111.71303539077135,80.64325372597722,107.43989055243074,Vrikshasana,frame_0008.jpg
52.38841140501392,44.9888275260066,144.92201814030676,52.519919338153635,169.34935319964993,106.15849717516396,77.29780058671028,109.70360650890284,Vrikshasana,frame_0009.jpg
48.36516424632404,38.15060703141555,145.0323087587192,52.3893108460899,169.66979706709978,106.9169786910349,80.26706038860532,107.15600270910546,Vrikshasana,frame_0010.jpg
45.47731644690332,37.00773320036384,144.9386381772013,56.871771342531204,168.74012882101326,109.65430162639483,86.4390858558616,106.36605967021394,Vrikshasana,frame_0011.jpg
50.60534705016291,38.76748148375182,150.98516025985538,55.882540259530856,169.34465358119766,107.13736562016162,80.04935697243803,109.74899260709121,Vrikshasana,frame_0012.jpg
47.412734533078826,37.42871227843611,146.99234465086798,59.71737444344432,171.12267260331942,105.64606285978287,79.155794371473,104.62742024309867,Vrikshasana,frame_0013.jpg
43.084259954218055,30.492903208340827,144.2061598951255,56.64597470135615,172.6234581370909,109.33002168348791,82.67685849827618,107.45188537449873,Vrikshasana,frame_0014.jpg
132.12452022545588,119.8933052368246,141.4715532999146,134.51370068071324,156.93779883831314,161.56335085655883,83.71745173117212,89.1386650159659,Bhujangasana,frame_0000.jpg
119.61562122509542,113.6435450125065,120.61793533383846,119.84016489651289,148.63381530740895,165.22850094409867,81.98338172531341,87.09008962877301,Bhujangasana,frame_0001.jpg
132.7403421194891,141.98411334047844,146.70324486371496,129.49309332225252,142.5077623602379,155.53998999362278,93.92408761058142,79.06150120788354,Bhujangasana,frame_0002.jpg
157.21132614220718,147.13652839933522,68.66527651459022,78.55858557876739,119.31385281113171,133.94943121948612,119.64618078863978,58.328537073102005,Bhujangasana,frame_0003.jpg
148.95914625025466,156.7600521628201,70.26823336771567,81.12946914811411,109.99748174355027,114.03112316721503,50.482915771312996,96.14181998630401,Bhujangasana,frame_0004.jpg
135.68979354325114,150.77322317698156,104.49029812832403,108.18525621653298,133.6426581094577,130.075197766209,146.9693265958623,64.54546000324152,Bhujangasana,frame_0005.jpg
130.91093782710055,138.906238593288,128.01175706610027,131.63695544274745,160.03651548318282,159.93363867264577,106.36936115715541,85.59388668311236,Bhujangasana,frame_0006.jpg
60.47298459117897,76.53482067754007,151.55161950629466,155.47348193422394,167.15691990506107,170.39010397641823,51.98333291526162,104.43242200263234,Bhujangasana,frame_0007.jpg
170.44010848958155,155.7535244240127,147.52237399749987,148.42567754478057,174.73495218814264,168.52241177283656,118.93584716502697,74.52999668951088,Bhujangasana,frame_0008.jpg
157.1348844717415,118.75703597066195,160.38328580974945,160.44209001242209,165.69176425375423,162.35470545145594,136.95692441163857,56.8388790506445,Bhujangasana,frame_0009.jpg
155.1436040299862,143.5945226267468,171.7903848886997,173.10767370203803,176.27888081773688,172.42434978835067,116.97582104295552,67.69747496012587,Bhujangasana,frame_0010.jpg
169.30240727155484,170.84350659693115,158.58699115423423,160.22435429894878,169.09879050609018,162.59214564918454,146.90497529938256,54.03021113801107,Bhujangasana,frame_0011.jpg
149.4481797200964,152.0962268356697,179.71049528759676,177.14846968913474,184.08746051532947,176.28206798736744,125.94356041414741,65.91565122355186,Bhujangasana,frame_0012.jpg
171.29191442865508,150.12231966981574,160.58025756447347,155.31665015763465,165.47565664246375,160.01888446224083,161.43255516248473,38.19810158792576,Bhujangasana,frame_0013.jpg
167.3280798429677,154.18310324796346,160.24020062707515,157.6921402581906,165.93701323461514,157.653187707776,165.72134573335356,38.166067459168595,Bhujangasana,frame_0014.jpg
134.2218288028402,145.84430600768175,132.83179310617143,127.66593654600322,174.20448862629146,170.59001938567607,90.56797827134626,89.32867919199725,Bhujangasana,frame_0000.jpg
119.62010464427155,127.78946182230342,155.10604549296778,155.77095949271745,174.90057997282267,161.31581245292017,14.93700050761081,121.96300998268674,Bhujangasana,frame_0001.jpg
150.01693312872865,125.15143500916132,154.35413515785328,153.9254524534845,175.19090548988717,176.26178067535218,104.13089959204652,79.0732866769919,Bhujangasana,frame_0002.jpg
155.36506287179665,116.0587500522223,170.32339603969885,167.63815627514262,178.99254262836217,169.14562234216083,123.33409551033564,67.52885616739644,Bhujangasana,frame_0003.jpg
88.89508955203593,34.819710196297805,165.3048101442026,169.84106422963464,166.79501801804366,172.65220850819134,106.29411849849944,74.3474758855016,Bhujangasana,frame_0004.jpg
117.04088279835842,71.41698422781977,178.92768525962123,176.9374442395194,176.45233862359154,169.5635884725311,136.10649378445666,44.090402841064325,Bhujangasana,frame_0005.jpg
132.48500818066532,69.82942271942723,159.14417421527983,168.7098901854891,167.91645171171567,170.9083076374434,115.12612149242167,60.72039756244893,Bhujangasana,frame_0006.jpg
129.46287072395003,75.26773511469115,158.8000883906309,166.10414666525227,167.11146817904302,165.37494747214998,123.89919294585243,57.26401569069253,Bhujangasana,frame_0007.jpg
143.1257234452021,154.09076721404284,160.28182463203882,165.7493269569053,171.20308294928776,167.9485349447171,123.45560552142568,63.49651115620773,Bhujangasana,frame_0008.jpg
131.57245446309247,96.75125386569087,159.5844105263268,162.99784066767236,172.19788267754876,166.51129533581522,114.01238367300665,72.72470525533645,Bhujangasana,frame_0009.jpg
75.17297324878876,17.6165617726321,167.74398681203144,176.1899615370427,179.6934767558844,177.58533571860175,93.42160542539699,81.64614088337886,Bhujangasana,frame_0010.jpg
79.20249367754596,16.486147850907184,179.84532838275163,175.8125883083876,175.55387216442236,178.6162088064537,85.8734674177342,94.49429962950758,Bhujangasana,frame_0011.jpg
142.68225220931976,66.1498260313549,165.05403310402343,166.8564869485595,169.5777546519514,181.1564948721031,83.79104380505642,98.38258855451251,Bhujangasana,frame_0012.jpg
117.47507369047699,109.56185368647466,164.8534712335338,158.99064329991913,156.96693661145014,167.9978169409136,30.776888910855845,116.01621135486339,Bhujangasana,frame_0013.jpg
157.99707533457084,153.7369013839136,167.64499083267833,153.58894568913348,148.2485646115711,164.04298892145235,45.23385710522587,135.9749132207011,Bhujangasana,frame_0014.jpg
132.21897352493738,108.61911363763308,88.23700292285268,81.85558811209184,80.26774363319666,67.28051682769826,79.82279824859783,98.1713705878089,Padmasana,frame_0000.jpg
142.48450931994867,117.4173362722336,106.78128030563705,102.40734861587144,90.93102577313755,90.18348076058862,82.77261021951051,91.61706180537738,Padmasana,frame_0001.jpg
142.4143128407771,114.85831610930109,94.14873456816375,98.70245199477237,84.03330067654585,75.99825916652856,83.94424273407728,95.04984746959117,Padmasana,frame_0002.jpg
147.90494529552825,98.52328681083678,61.320418660726304,48.59658577535637,40.03894989260492,58.80054024892159,80.58940017107905,96.45676887882091,Padmasana,frame_0003.jpg
145.96634252883203,101.22703925512326,52.18733978569222,46.734575115670495,37.110602170339774,57.56930182346466,82.4048507763194,96.15312872040343,Padmasana,frame_0004.jpg
152.88883990539549,97.32216732942469,58.911515724369835,42.887503989211,61.05845165011479,53.2629346794145,88.48827236280482,100.20650159878623,Padmasana,frame_0005.jpg
140.31143130553028,124.68424424719022,80.06749269168816,88.2033661531321,97.03014748158061,78.13521297471863,88.47977761108646,95.51837539604917,Padmasana,frame_0006.jpg
118.36468741087441,130.56274622674815,50.808159045804736,19.824786720412153,67.04201211103033,4.47277457337117,93.18705880897842,87.50562519089924,Padmasana,frame_0007.jpg
128.7475748886284,141.11063161226207,74.04713663405562,171.73987993923677,89.78255835529133,142.57527450846405,95.95476467823408,90.65375138212205,Padmasana,frame_0008.jpg
126.0694695082778,132.49804353750508,75.26658846365325,156.95272821017844,88.16745007227922,130.1600033550685,92.55784185574163,86.83027392155122,Padmasana,frame_0009.jpg
125.71696672116356,128.0619060276157,63.51914881195432,147.8766106332896,84.34498444594814,116.5751451055245,91.54848299368533,91.67466743668446,Padmasana,frame_0010.jpg
136.5628502930736,131.10515915727464,79.17487608580976,164.89184515457003,100.23369752830355,139.57946024491415,91.17955481055169,90.98819324184169,Padmasana,frame_0011.jpg
154.05652986063131,120.71327829380884,49.93435773859425,4.903853312699852,67.04617035231136,8.374972745944156,82.36589943817435,95.12894616159736,Padmasana,frame_0012.jpg
102.98717174175904,105.76065254132818,47.03177092039308,49.41878291461678,45.6164462514601,34.46006750306887,82.03328331100059,97.96722734936002,Padmasana,frame_0013.jpg
119.4203248161608,118.38853973602559,42.932873659778345,33.76899941106456,23.407327671442605,44.50256867894911,79.77543661333021,101.11267828666763,Padmasana,frame_0014.jpg
141.20284133864516,173.63218804895843,126.59057841042625,128.43817099408943,133.9804411447488,132.43192824870303,60.95318357997813,120.35645659828823,Shavasana,frame_0000.jpg
147.0430681837968,176.84929961451343,133.80130892987165,137.21229619967218,119.0592673256354,127.26606907873337,48.32775101768735,137.72963363023024,Shavasana,frame_0001.jpg
170.64184101589962,175.49427656860146,116.08968134761814,112.74107682312763,71.41477688044546,73.45490047574586,16.841251509414658,171.5284026715113,Shavasana,frame_0002.jpg
167.0158602960138,171.3177003825526,106.47289143121947,100.3421321054012,47.33736171444846,49.64576600688992,171.857026327158,38.19667214515698,Shavasana,frame_0003.jpg
173.56754439661822,133.34734034615303,97.11293407536631,107.37181154812292,52.15871724146011,54.54255544991928,63.91103598739415,125.24121804512973,Shavasana,frame_0004.jpg
137.43667612573492,158.0428109455385,138.76964264613127,143.72254617405332,124.14699723234644,134.0846214955204,77.13183633403416,106.95285351556845,Shavasana,frame_0005.jpg
134.89542266778045,172.47254143298593,157.71448684313737,155.33467923720949,162.5332899986079,160.51426123938083,86.35681007256233,95.0918181313519,Shavasana,frame_0006.jpg
157.06607447278319,113.95209381733795,163.17932481412805,168.13536241274943,160.19050228261582,176.25000668482866,16.20935200787322,148.23170905036287,Shavasana,frame_0007.jpg
146.97101349708802,130.8182380835598,170.463687323972,170.24874038475699,177.00155966886396,176.85302406023112,98.3095216838141,90.90897554664005,Shavasana,frame_0008.jpg
154.25550386379328,143.53823911160868,173.24132221809174,173.73567802466252,171.95028184834456,169.811621787937,107.40032213113894,82.08297772233993,Shavasana,frame_0009.jpg
154.49407989575454,153.90314868737258,165.03369245594723,162.38339787930792,161.39428288562397,159.75047357996968,104.02414440709481,86.60006663070173,Shavasana,frame_0010.jpg
155.88496929820735,138.74925356307054,177.74069976895882,174.84002624515819,171.16023256547504,172.29337916193361,112.8194895762196,77.9563268456057,Shavasana,frame_0011.jpg
156.65221532532124,150.3952960038659,177.44324902915758,172.72610431542537,180.74872627211883,174.55911906954287,104.38114184360123,81.97064173131683,Shavasana,frame_0012.jpg
153.50891446337081,130.5097886310469,177.45696484464497,173.34988127658374,176.99167307121374,173.06888649720784,103.66699139636658,87.74339248119263,Shavasana,frame_0013.jpg
159.25365866732508,139.03739676048295,179.31159354577704,172.71075807701465,173.6997983935846,171.6038361358072,103.50361570346799,87.53047705928367,Shavasana,frame_0014.jpg
175.1208623768348,142.43660346292117,181.0210678169624,176.5481960121232,181.0518039404839,168.9237468163873,84.68823503634158,95.203179157398,Tadasana,frame_0000.jpg
166.0920500092153,151.19751935791987,177.60394968173253,178.58976245142773,181.73413484110372,169.9571421146442,79.54158991901389,96.80248357729566,Tadasana,frame_0001.jpg
138.35311961086094,126.38504254841718,179.26508715771052,180.5549107176721,175.69371464766314,168.98267884159515,85.51383407093746,96.81328608837413,Tadasana,frame_0002.jpg
132.64575653740076,127.62396818172039,176.42555916041763,178.0504558788357,174.97407491015412,176.47310440593034,84.16475572960033,97.41360739467768,Tadasana,frame_0003.jpg
127.15936246682723,122.55526620140655,177.31697050083727,176.27416866973383,173.7125825368308,171.53687000862408,85.25538805153008,99.55167540332185,Tadasana,frame_0004.jpg
161.70221934277458,163.2272394244069,175.64468049235197,178.76799770014688,177.04562378897793,171.5022849484342,81.28962605528432,100.81413613819848,Tadasana,frame_0005.jpg
163.2907991535644,168.4639294312423,179.84261821969235,180.66891130942767,179.1781929328349,168.55202147122782,78.55522504103743,98.2598864544249,Tadasana,frame_0006.jpg
164.73993756738412,158.2381905555543,179.72446506063187,180.3785642966786,172.15122699591203,176.95342885281264,81.05890187544179,97.37568196461834,Tadasana,frame_0007.jpg
165.35134531150337,152.59346735353526,173.0548153690267,177.67587073588786,171.3838186215091,175.31968954169216,82.21167113587285,95.22702270327952,Tadasana,frame_0008.jpg
159.7551911957075,151.68485492531326,174.80417429092577,176.90080862270653,175.7955291804735,173.0118806274006,92.36807627385726,93.92136105900592,Tadasana,frame_0009.jpg
145.2834171601091,145.9623945517049,179.40271135912994,179.28870355592278,174.61787798372683,177.40542534502555,90.44810385863612,93.74473719422927,Tadasana,frame_0010.jpg
141.751745733055,143.38220106003874,174.78421235279492,176.61458477972857,174.38127202885153,173.94354072259557,88.7433069264784,90.29102086923601,Tadasana,frame_0011.jpg
150.00028772334545,151.75842303191996,179.32615030852233,177.60744115215968,172.5095634376578,175.95059267674225,92.20886455632281,96.54002369930059,Tadasana,frame_0012.jpg
152.15350936463668,153.79364925017975,175.34940709824164,177.52836801886832,176.9435053298828,177.19286415270767,86.71814372773554,90.92055786355054,Tadasana,frame_0013.jpg
160.0408697565003,152.72796608432589,179.92264320219957,177.89770193277764,172.87469094405935,170.99254086631015,88.56797002278962,95.26795024921378,Tadasana,frame_0014.jpg
162.94587009482203,164.49715230418107,174.03728742816165,180.14389717673342,153.16740082813973,156.45845108554735,83.46580106948872,89.97951012302154,Trikonasana,frame_0000.jpg
164.05953589940358,171.38568317960608,171.5150945331128,172.48460155424243,153.35141837235932,154.53427862093505,78.4100512134878,95.15839611405842,Trikonasana,frame_0001.jpg
166.74113817221377,177.1155559939231,174.4519982793981,172.2108718681269,143.78673852454483,148.4564012977914,85.04309418954833,91.21627726481772,Trikonasana,frame_0002.jpg
165.2715921604744,159.04405079567528,163.2736883642676,171.63200105310858,111.140671269216,175.50033834998476,86.41432147274088,82.12495503226845,Trikonasana,frame_0003.jpg
173.7229129870995,161.9280596626474,171.26181182621298,177.4580262389293,86.80598754519613,164.97761405721684,78.57087666828279,71.66755779812833,Trikonasana,frame_0004.jpg
173.46075603309984,182.5138935977039,182.38415489564042,175.18515159487765,70.40271711936526,146.94462141748474,57.02327979734061,81.31252812422035,Trikonasana,frame_0005.jpg
179.76320142175695,167.49393080529123,167.29316879351344,174.24815717996336,64.45077885476735,140.3114888364476,61.91876667868412,78.56708014139667,Trikonasana,frame_0006.jpg
172.74073388465777,163.05310471562615,167.56531882743468,179.97396906630917,68.316502274696,147.13665400641833,64.46175869491061,76.66206988029836,Trikonasana,frame_0007.jpg
174.73436649420884,159.4121381079699,175.24564045119962,177.59301157945254,104.75743782794248,140.4826757115057,53.79579371362528,106.20303024479185,Trikonasana,frame_0008.jpg
177.42400865263775,163.23193669868323,171.23763459851662,181.96316936905853,69.8734709554875,149.69002540558165,60.037245260966706,75.74855669988095,Trikonasana,frame_0009.jpg
174.40892521252124,148.79788626794084,177.05183696030747,173.99728456306076,64.44388493425012,145.68800778308355,60.80319973508861,76.14405570857626,Trikonasana,frame_0010.jpg
174.8563878147683,146.1368931443244,167.05082257410746,175.8358306982501,60.33298175783372,145.39200849216033,64.534161307792,76.03857311997153,Trikonasana,frame_0011.jpg
180.89362756442227,148.77800198553686,168.57668469242188,176.91332773667204,69.23569306201755,148.20941136089246,67.51519352326225,71.68469122867069,Trikonasana,frame_0012.jpg
180.247909982299,159.6563575559266,167.38094075783656,178.17982177280038,74.10636612001184,156.0011722502712,54.65318761908066,82.43150893390026,Trikonasana,frame_0013.jpg
178.0752530652123,153.29217967672972,168.35739953074926,173.0916619535072,63.84972802003684,144.47812581723366,67.67444616021783,75.41401969561082,Trikonasana,frame_0014.jpg
161.9456343043227,166.91653729518256,179.4391591146469,177.4729769893859,167.23920221082903,173.2497941456957,85.1229618804609,99.25655034373948,Vrikshasana,frame_0000.jpg
150.48143265165083,148.9233316725686,181.26959196709953,175.4437384410964,175.68042409446284,168.4023426319652,80.61316030857388,97.4997460867874,Vrikshasana,frame_0001.jpg
151.85431926912403,159.49429929874188,176.25696921630768,160.2665790190749,181.10226744944822,155.7229680208943,89.79836529536388,96.87412990965369,Vrikshasana,frame_0002.jpg
171.69646551924012,168.4909326880273,163.31467721577988,100.15286527439255,177.02642568067716,126.1312419964762,89.7151345630698,102.07399969705484,Vrikshasana,frame_0003.jpg
176.78944880428435,168.12519311193424,151.3112429521205,75.85946605921072,173.14403709343964,123.9343408922743,85.98254157968591,104.57532253588185,Vrikshasana,frame_0004.jpg
181.22238467266152,177.81626900004545,145.77318223044782,71.45047393431187,166.57446792716638,119.92782452129975,84.47271769821701,108.15653221124222,Vrikshasana,frame_0005.jpg
171.2552322598107,160.36218896113945,148.4609912527142,69.50292133665566,166.16101279624692,117.4937466911685,85.89553464633185,105.99123338760222,Vrikshasana,frame_0006.jpg
164.1800730096158,171.75160530348552,155.1375129633745,84.03875626932127,177.6648697414861,127.53812154385149,102.02826425106849,96.67503903698844,Vrikshasana,frame_0007.jpg
157.5941599702594,159.0588492324231,160.93050522628178,117.49489540757787,169.32512074620394,133.4157364044757,101.05077476374139,96.42481162250861,Vrikshasana,frame_0008.jpg
150.66003762723304,149.02579311483848,174.17895606344737,140.67243778328526,176.14157694795406,145.20053428543687,107.73971975029939,94.13673809360807,Vrikshasana,frame_0009.jpg
153.3490513649481,125.07742466243683,178.6322320173466,158.8137738613546,174.8585743700722,146.0987262082836,105.15178804685888,90.25957231111883,Vrikshasana,frame_0010.jpg
164.22097157585927,182.28060492578663,166.5532107259466,89.21471465056041,171.79349837770516,118.62420775654346,101.02083095746677,98.16351793903728,Vrikshasana,frame_0011.jpg
165.19967771055985,165.38154948040892,169.7942942657285,100.84850069379553,174.02142698160253,110.30125789243561,97.83587539748267,104.3131439761526,Vrikshasana,frame_0012.jpg
171.3725433568412,167.79430520073157,179.76158901205784,129.57459071586908,170.36347095381913,133.38309405815681,99.10813093110664,101.54487811744787,Vrikshasana,frame_0013.jpg
141.50034121427043,171.72299140325134,177.80430028732405,153.81150035551462,171.4854557751689,160.5029198382409,102.23954368217373,95.59767838037098,Vrikshasana,frame_0014.jpg
151.5555570502382,137.8878465278275,141.5601389120455,142.0761045789853,176.270494010209,169.62379791149897,16.878774242929047,112.05674062517201,Bhujangasana,frame_0000.jpg
144.96229045872113,128.08428913355894,166.6091590934117,162.86616820068193,166.13062902932592,177.67879936405765,23.372230404006167,131.58932824195733,Bhujangasana,frame_0001.jpg
65.28384057300002,38.161638179551225,158.97714029077375,164.9687759481528,170.7732520834929,167.77661500974082,119.49978568814741,67.34057311897209,Bhujangasana,frame_0002.jpg
65.03702826946095,12.104545299531676,151.36252743429048,151.5247209623814,167.02714981763478,172.60931672059127,95.61379328721888,82.79302889374279,Bhujangasana,frame_0003.jpg
152.56405469840163,72.20349654752742,148.7614169133124,143.18911298337565,165.95489857511316,159.58757733267538,118.24300843252684,67.01745561918642,Bhujangasana,frame_0004.jpg
74.46047846214837,75.69412529314884,142.68204813791826,135.70598510616804,172.44381888734347,179.80693004387845,87.25725017335773,88.81925424701339,Bhujangasana,frame_0005.jpg
26.714408692389963,53.38559799347114,139.50016064611032,137.22904359773153,164.0558583072524,161.31368865052636,107.75894679221365,75.92356138060347,Bhujangasana,frame_0006.jpg
154.07059201740495,125.47703808895852,177.95873701137182,179.35301525802274,177.28292040870826,176.17069451629303,99.94661754672228,78.23339813962812,Bhujangasana,frame_0007.jpg
168.17233269311106,131.28198150726243,166.61714566939668,172.0854003111783,170.2360182347305,170.00452899494798,116.4042906243239,68.9378338959063,Bhujangasana,frame_0008.jpg
163.59006849483285,134.58869674896766,173.52876695405942,182.9215007489092,177.03938307725164,174.05636597823383,108.96235983894148,74.02830286918423,Bhujangasana,frame_0009.jpg
133.050992861264,80.72091705480709,169.63632725027034,165.8717982909238,176.95547475619222,179.25466729045468,102.13562075477637,78.37957047801358,Bhujangasana,frame_0010.jpg
158.0527710491707,112.22037588743405,172.32671035835736,169.9918989052777,169.70024616749575,179.7733113028962,106.2070353214867,69.40311464531409,Bhujangasana,frame_0011.jpg
113.334923798324,9.886884922366454,156.93534495772576,163.10824148056707,165.60879148406323,169.7353314207817,102.3420961968152,78.06470296886589,Bhujangasana,frame_0012.jpg
156.06718647656507,127.68602668401023,144.3684066901315,142.15688585073042,167.15926773642693,162.01087718119825,93.32997030036513,86.39945469056077,Bhujangasana,frame_0013.jpg
123.97913514952009,63.46968691309329,165.87810307761924,164.47401299590175,174.50046426570992,166.86063654985952,112.95919537815612,70.38894915928186,Bhujangasana,frame_0014.jpg
152.84915369973174,112.8483639555718,86.54822998176768,62.17318577638096,124.15170639754339,100.79345669997176,79.84541356153552,101.8710724701559,Padmasana,frame_0000.jpg
161.17236803055815,181.51293834823616,171.14180303062454,135.4148559814503,127.38532013675145,169.95159959911905,74.93811039702416,98.18709887747814,Padmasana,frame_0001.jpg
156.49832172219985,172.4169136158276,62.93493440490001,43.67129731779201,124.56317982887776,100.03571540295863,80.27460019140145,101.51646451598418,Padmasana,frame_0002.jpg
160.20402071644827,153.01430952919804,65.65425212669089,48.57018350707748,124.74352744671081,106.52269037463832,79.36812216302862,97.46060944957786,Padmasana,frame_0003.jpg
157.784620814367,168.79085497723324,54.27361669741455,35.51325235421218,117.1219250005076,95.35211912440748,77.7239479351617,99.84797229911148,Padmasana,frame_0004.jpg
161.74217912310692,132.5054237712014,44.96792380124498,32.069247969800664,106.72795647677397,90.06424433582418,77.55945981753366,100.16714896007923,Padmasana,frame_0005.jpg
144.24929285452865,146.97706047395616,113.925298823157,54.04646019980816,169.04823352013506,105.24924051322438,77.69214182836964,99.43712709975414,Padmasana,frame_0006.jpg
152.39157614744184,98.55884429638346,15.77318855747199,33.54821691154392,62.29103209904388,68.95771015821848,77.7447499460281,99.73134544310349,Padmasana,frame_0007.jpg
144.30040192651077,111.27258178216533,98.74167901084938,20.667787626556063,68.12209917576715,49.43117938919851,80.76270080485055,101.68366577390918,Padmasana,frame_0008.jpg
180.4298048526222,69.8903525542232,37.05441847420441,26.78680992533915,20.526586329001447,-1.0662511062190483,75.51561751611997,100.92714087851512,Padmasana,frame_0009.jpg
162.7886889015308,174.41103004691203,76.23314636331716,87.2417463551165,68.53424348279854,79.63882602450741,83.11544808592356,97.11384411314164,Padmasana,frame_0010.jpg
168.92749750506187,165.1235786449851,30.5575293580009,38.690429021203364,93.50793275587642,104.58665197014567,83.276521536882,93.45183663572993,Padmasana,frame_0011.jpg
155.57352201298175,171.04847937853268,75.32421825301988,139.13175351590985,91.60480472936304,98.87087309615865,85.73435478304563,93.10052630531253,Padmasana,frame_0012.jpg
159.38916888776907,171.81250950133682,49.01958520556859,2.3872994711154725,51.46258625368125,2.2764951871328254,85.1953896097875,94.82656080571695,Padmasana,frame_0013.jpg
145.31199392652195,164.0828932723706,116.78854690513177,149.6828821389654,110.39521023332559,131.4209725627957,84.52514542066278,94.45720302688777,Padmasana,frame_0014.jpg
177.28191522116893,162.6570996676056,173.15013630207596,179.47756073331104,178.6732418773398,169.16139836021074,84.52005801622296,95.24472507051817,Tadasana,frame_0000.jpg
168.3067437708329,158.296873602404,175.3627713591247,177.08507666239717,174.18067122984073,170.61327088479374,77.57881816809139,96.56611644538955,Tadasana,frame_0001.jpg
159.57856530012117,154.79383290914652,172.62827424606928,178.6144662869833,182.21524365390724,172.8621996800162,82.90543641139509,95.02061348482312,Tadasana,frame_0002.jpg
166.01366248746757,154.91890871011017,174.53405081112726,180.18101336880454,179.61382715144347,173.12564423921023,87.72831075536654,98.00676752732157,Tadasana,frame_0003.jpg
165.01781290434755,155.9759630364384,181.1257604105106,179.2308307311164,181.95908965235688,174.43159710507024,80.81835098696475,97.99674289139382,Tadasana,frame_0004.jpg
143.469557314098,115.4423904227483,179.91057448082606,176.6552834100852,178.32215139344368,174.80643108940703,79.397915214411,92.6181477169094,Tadasana,frame_0005.jpg
20.868404674810304,36.22377341753279,174.18448307040083,177.19358393510157,182.28899564181418,172.88486518820108,83.38681260327368,97.07160708260017,Tadasana,frame_0006.jpg
64.12615867689695,68.63196972996957,175.67261339591056,178.44072889687854,174.3251811422282,177.0269025032965,80.31954873376199,95.75394972931684,Tadasana,frame_0007.jpg
131.5612897435017,125.5987533318287,176.1661533952055,175.398354080839,179.21256978594812,171.2521104248297,86.65981580541877,95.03685916290901,Tadasana,frame_0008.jpg
25.837330596740543,46.439827269615876,177.49417818470064,178.22473630645422,178.24612081028448,174.71613833296982,79.59034969370475,100.82409433663496,Tadasana,frame_0009.jpg
135.61613389454516,152.80944245549384,181.54914572471563,175.89474150123402,179.24973403986334,176.1565293194094,95.68407037406493,87.22942960444075,Tadasana,frame_0010.jpg
132.10004017599593,161.88154261749773,176.60159930876642,173.81868589291028,173.23897093949512,178.63933448421548,88.73391244239707,91.65430306763405,Tadasana,frame_0011.jpg
110.9589718987337,123.5416214498312,179.59770313689114,178.53104158006437,180.29591329882837,177.6920766930647,93.22407403186067,90.85223188444932,Tadasana,frame_0012.jpg
107.26515119851118,132.68523790040464,178.21323066529268,177.37494521847375,180.52552936073215,172.6882261040226,86.05240237571626,94.11978535635292,Tadasana,frame_0013.jpg
117.2775865684649,131.9430204176245,179.50187708767024,174.84089820952696,179.81611531786885,174.70240511260488,82.9366292660621,93.681995939467,Tadasana,frame_0014.jpg
165.47872464030146,157.8218222167783,176.46244629155473,180.3877703448164,181.1420676193522,173.29391008940544,80.72223559245798,96.13320789471366,Trikonasana,frame_0000.jpg
164.07154564602718,158.59723563225248,177.10763232118344,176.11835972838497,177.9120263856776,170.23874439097338,85.58533640422394,97.24966602556432,Trikonasana,frame_0001.jpg
167.0319657899131,154.52289862405726,173.53150452744083,180.21934183231053,173.97534818721664,159.74112512367887,86.04713390515312,95.79901722772891,Trikonasana,frame_0002.jpg
172.4643572855215,154.71141305555201,171.85791180745827,176.6968607851247,168.08105555918547,163.71530873311457,85.23637966569792,96.3520836385196,Trikonasana,frame_0003.jpg
166.4932995419336,165.8845981114798,175.4198007042599,181.2273953865716,165.57673639178375,157.33842598229202,83.88976634672274,98.4460303426313,Trikonasana,frame_0004.jpg
171.4954733115021,172.05288980996892,174.13715121631,167.809518807986,155.59417636217398,145.98991172970716,82.64591375480516,97.61255672634964,Trikonasana,frame_0005.jpg
180.35585034470722,170.43368315580366,171.5161411885313,173.1950799748639,147.93940610833997,149.6188068977565,88.00870379885984,93.1955528989843,Trikonasana,frame_0006.jpg
178.86158886462457,174.10207581524165,172.85102280259466,170.38835011620318,146.80050602750842,149.56736722577867,85.17159870315382,92.50226772401334,Trikonasana,frame_0007.jpg
175.6544039517056,183.79910980219873,180.11386764724668,176.184703316501,146.88944245377138,150.5408006600184,88.47803713683966,94.5766205350635,Trikonasana,frame_0008.jpg
170.622821175954,166.7850347077303,170.4680967671639,174.006939336427,141.4185511616806,151.45699129819695,84.9011727721997,91.14546064431714,Trikonasana,frame_0009.jpg
178.476611298822,173.20424329554388,175.91834198654433,173.71289584589175,133.74582031944365,156.2709190137415,73.32286060835074,96.50441939326372,Trikonasana,frame_0010.jpg
161.9289713291153,170.00844124588835,165.2772912477529,172.2154524170351,119.71435990325956,173.10867809872303,74.00434276348412,85.8401025221856,Trikonasana,frame_0011.jpg
158.42251064028804,176.27896032608152,170.11363993805273,177.88430787034048,94.39826979769137,172.01528158867282,66.31973420134298,83.33210409332487,Trikonasana,frame_0012.jpg
169.93481665110735,171.04320666394088,177.05083531541925,173.72901492241357,78.21872704712794,159.270365715547,64.36306559406053,77.20276943164548,Trikonasana,frame_0013.jpg
180.4989639371004,169.2473793881405,177.35033464359697,177.22402277921375,95.43322468806241,141.8017371400054,143.33304138507557,6.361475483719073,Trikonasana,frame_0014.jpg
159.2150468563695,152.83105204363292,177.37620088921233,178.04505895239708,179.3368095441884,174.32209812801196,83.84642255313163,96.61832801119019,Vrikshasana,frame_0000.jpg
161.87314651639434,151.65715404987827,180.52775785012707,178.86554760014377,176.27654677695213,176.410643135655,80.73828704742463,98.55983059898983,Vrikshasana,frame_0001.jpg
163.05635101625157,154.98092824243292,178.4034693540374,182.49413939766015,178.8869242063274,173.78957529474363,82.83202190138974,94.49744168672349,Vrikshasana,frame_0002.jpg
154.6422424192696,153.08645711714124,178.69338937488462,178.45844440866964,177.08025044035497,175.10850904022854,82.1800637107362,96.82039671985561,Vrikshasana,frame_0003.jpg
162.3032039895413,165.73885647145397,167.67600548176557,141.6993951383828,178.3012010759034,151.35576809093396,85.94378333065491,99.7528118637745,Vrikshasana,frame_0004.jpg
140.26624310267283,136.88132145775177,92.07262913137012,94.91255848760245,125.76739496092435,151.56075860920052,112.7679238539405,81.83613764535055,Vrikshasana,frame_0005.jpg
167.95960563767622,141.42599865803336,180.95506985393962,136.35343902663513,144.66341009580597,149.5769018073699,80.93705939225936,105.77014717432823,Vrikshasana,frame_0006.jpg
170.53162709683627,155.10607435499324,171.12333921414464,105.72945934948314,162.06000206847708,153.8527958216624,84.27036788690283,96.93281926198733,Vrikshasana,frame_0007.jpg
127.9865759463533,133.02001986737082,162.9507070191765,98.09344264206156,183.03871259316944,142.27076225245412,86.3453299249474,102.84792671433915,Vrikshasana,frame_0008.jpg
156.2952607799073,153.6685428636016,162.35945405330796,101.62882156787299,178.04157571568427,140.59285075291808,91.71637976201023,102.01388483497618,Vrikshasana,frame_0009.jpg
156.02473575536234,152.1043025592878,157.44276277694343,95.22499388678847,176.76344509513078,141.55341656950236,89.25390310665347,102.06600519686883,Vrikshasana,frame_0010.jpg
162.8808050836511,156.57233929125482,153.5212920988647,78.49727322815951,166.8729964304244,132.13571853190527,84.31822938189805,102.62717060978095,Vrikshasana,frame_0011.jpg
157.62282452146255,169.01940715611732,158.5188663077315,99.41046161040182,178.9441309380466,138.12835527811487,89.06519850099575,101.94389204086632,Vrikshasana,frame_0012.jpg
159.9064205876487,167.96585411232934,160.2658387719436,99.91006806877006,173.99637616172606,139.43412356933555,90.1014736032175,100.60918918683737,Vrikshasana,frame_0013.jpg
157.88698889300358,167.28422282254752,163.92363587672472,99.2079257670505,176.1652818403105,139.08253631204133,91.33052046376359,100.53052694307182,Vrikshasana,frame_0014.jpg
167.46076014816856,160.31651512503694,138.69022485147607,144.94255718164146,104.83808347481668,115.65671544359677,68.7471579030412,123.42870771402295,Shavasana,frame_0000.jpg
160.50762637198622,161.06214478369435,163.68821262878572,173.38218285580433,117.73109910502151,131.92940193280512,52.48181141632333,132.0578859717699,Shavasana,frame_0001.jpg
163.32923041137647,160.73153780620854,156.6835175633957,165.71254106571294,114.44550015699642,127.97766335574211,39.072271446496025,138.69556276836713,Shavasana,frame_0002.jpg
161.69984713259913,164.16216860593218,159.14560748452584,169.48398651682464,97.38976620058806,109.56677827379785,10.83401630173787,174.063137821774,Shavasana,frame_0003.jpg
118.5239215671361,169.6828578893495,158.47253212588495,169.22796301812366,101.74858239951865,113.94652184019424,7.435192084399985,161.46732515513992,Shavasana,frame_0004.jpg
117.22637298248505,174.51815487199502,161.97534145735386,164.7651347262047,115.19325142553222,122.93406849594959,37.54657133775325,142.49955697024885,Shavasana,frame_0005.jpg
153.25328772226152,179.84075973038688,171.85987700656398,180.418344144971,144.39254999788741,147.4998242186652,77.50476340988592,115.65799842198265,Shavasana,frame_0006.jpg
166.13297298414585,159.7473735046014,175.44591838063687,172.23829302282837,158.88351685070114,180.6383719819674,24.971688240092934,152.22168871279172,Shavasana,frame_0007.jpg
181.0090245564043,156.29595188598717,178.5975405029001,176.23914640903664,172.80120805795363,177.98771441185616,92.85582591701952,84.96689356944391,Shavasana,frame_0008.jpg
165.29172527274974,143.96598718131037,175.69365166394613,179.55406550936118,170.23340030987185,174.0691446098096,104.94559803344008,78.70197032133439,Shavasana,frame_0009.jpg
177.88876468824375,142.23132874067363,172.95284545315948,174.66431336095215,180.22972335681388,174.94051391972806,103.49790028570227,81.73893823738563,Shavasana,frame_0010.jpg
171.82923751831098,148.1223795437238,180.09341950542594,178.66177600469183,176.10901799548725,179.60328596467357,102.49928474206267,78.9357461022132,Shavasana,frame_0011.jpg
178.90715584038824,136.78587538310978,170.9187244750409,172.33273498684332,175.6280362709797,167.4751276595814,118.81727670965017,69.89624615126068,Shavasana,frame_0012.jpg
181.03883275736746,116.65108127729782,174.58064789952942,176.69946582951985,171.45007777063753,162.5979077591255,106.80680592293686,71.59136526708674,Shavasana,frame_0013.jpg
175.62362342619238,100.19536077506699,174.9493317041659,174.81700114612585,171.0046651825292,166.32964679011164,110.94840655077172,66.39006118244563,Shavasana,frame_0014.jpg
142.4956455894274,129.98904069478098,94.15587403691227,120.54058790253568,152.11043604506008,163.6965637853501,89.6445663666184,88.77897138433289,Bhujangasana,frame_0000.jpg
152.06577762117269,107.04728108333002,96.13844157122887,110.48981343879129,161.2917345062888,171.79755211670613,91.40677827546762,85.98303750331027,Bhujangasana,frame_0001.jpg
157.1622457295941,151.34965332054426,77.88187569320131,99.31016733321422,161.29213531719978,171.23492055702394,66.61258417158653,96.95556048580136,Bhujangasana,frame_0002.jpg
153.35745798472982,29.185258017575258,93.92726342515869,97.3113240176503,166.3332126814286,176.74539166285334,73.6424720491922,91.83335434692022,Bhujangasana,frame_0003.jpg
134.92274093402293,87.75139721272271,87.2346377021783,85.80531137053124,171.06926825840978,167.14638014365548,83.40172350012132,89.57126268541101,Bhujangasana,frame_0004.jpg
138.84490475221938,139.47512628836432,60.977552869240746,69.62815796420364,132.53373704620003,136.62301196686136,134.09682845927955,62.88770242163781,Bhujangasana,frame_0005.jpg
171.6661042620407,159.92437689857752,61.36242277611391,70.41822257908002,106.56030917483304,110.67302406517145,29.222779914404303,100.69375274910057,Bhujangasana,frame_0006.jpg
176.50072310046045,152.052038362145,88.24499234525308,95.10965046068743,122.21225945532059,121.93072296338539,45.08441568268626,111.95858886310116,Bhujangasana,frame_0007.jpg
156.00610463211714,157.62179157799372,154.43890716665575,150.42056674335876,176.76864596360915,166.77621552450316,60.52520246123187,97.32499437978835,Bhujangasana,frame_0008.jpg
154.1978295692807,148.58881900214777,144.59421400579487,142.57097638073463,169.02128752347582,162.3050850148733,11.670336233643196,121.2315339859164,Bhujangasana,frame_0009.jpg
150.0779452236148,150.64467429696197,153.150758681934,147.5720744755598,177.30134892167302,163.98394147967093,5.366757236986785,120.68144618751008,Bhujangasana,frame_0010.jpg
159.23472431488645,156.9128085910353,144.22716167077476,145.07916323897734,177.84800943986923,168.90561263577945,16.829297883674897,150.6587696700261,Bhujangasana,frame_0011.jpg
162.8306125170653,165.49008312511938,141.08937205855608,137.87704677372406,179.25742405852478,169.4454359954334,34.13140404847591,158.12303368494943,Bhujangasana,frame_0012.jpg
168.30733040763522,166.56738209253731,142.3516266043663,138.3943665040494,167.09244096842798,178.96442285090632,39.97313102022968,180.55732091831825,Bhujangasana,frame_0013.jpg
159.05142766389363,161.8966292715973,136.65390228851646,137.38065218938593,177.217819993159,171.20437964321962,4.1588045143683186,119.48346909055586,Bhujangasana,frame_0014.jpg
171.32156498241758,128.96494563480152,118.30026838075119,128.5906727424319,81.61890757808416,90.83684631706515,135.78543431620187,36.2682148297019,Padmasana,frame_0000.jpg
152.77777326050835,145.92679599891463,90.30849875974567,112.3030215658597,75.78316209895192,85.40731034191725,119.7515741897519,52.431552107573445,Padmasana,frame_0001.jpg
180.6062237747526,139.9532397754928,50.109535515758594,4.152179668977174,45.03375401621986,16.31952931871508,87.41211050777576,87.78761422802536,Padmasana,frame_0002.jpg
146.9050850672251,138.7372732083304,37.01445388177212,26.22499471185352,35.38631443793176,27.851260210828816,84.48638970995246,98.56439272755435,Padmasana,frame_0003.jpg
124.75896634490059,127.75922420159941,37.6076412059047,12.386652999654299,32.355003808085634,12.762153927864203,83.42337055994622,92.87957973824294,Padmasana,frame_0004.jpg
147.87003780122205,110.78052018037607,62.88380718912132,118.83783384135542,70.15103575537448,103.24188884278388,81.28070074675682,99.25370095949177,Padmasana,frame_0005.jpg
148.13934660713588,111.11144720781856,168.83977385035877,161.92946986562274,165.93921553323443,146.53925435966795,80.55247921471718,100.68110116970698,Padmasana,frame_0006.jpg
159.7257867960341,79.37151176831381,52.33353802542396,136.02817032486422,71.00196203034504,116.31009246770641,78.77959505721472,102.24768277825764,Padmasana,frame_0007.jpg
154.81276143200054,117.46409788477719,7.364686975877698,67.85687003273246,19.861790559044373,64.69043916945246,84.67124222910802,99.69606487984993,Padmasana,frame_0008.jpg
157.65241287741875,116.05997796767515,24.003216060737152,15.583938580118588,22.45512421070031,2.518956642456883,80.24802967966714,98.35456708967969,Padmasana,frame_0009.jpg
117.49421630816025,115.71922372272522,160.46935748649162,158.49508620837008,158.1225465061885,164.3369975942592,79.56060579640318,100.34265312384674,Padmasana,frame_0010.jpg
136.80511019921482,160.43924839568382,77.78085199323819,126.67880930576356,106.95893735330455,173.93099976547427,76.72372756577211,108.20168647358288,Padmasana,frame_0011.jpg
156.65978912807932,164.28234628537092,67.2277311749043,78.27236778159735,96.93898236471632,119.95385590028177,78.03048600709442,103.65065041035274,Padmasana,frame_0012.jpg
136.44642932911322,177.60196133905367,104.30676818119504,174.750289194807,124.334236273949,125.58184603336116,79.76008424088474,105.50016031246076,Padmasana,frame_0013.jpg
131.08207742625223,162.8124713566717,142.6133292213767,84.99188489257838,166.77319935641128,123.64944895213878,80.47170975866932,104.36872257385319,Padmasana,frame_0014.jpg
163.0550589878888,166.4584060261112,48.2302469425736,42.39858595871204,46.59362582201094,46.06256473041697,74.6860852571615,85.73466795204206,Shavasana,frame_0000.jpg
120.50011953282477,136.75837045905084,116.855739750162,126.34921963165262,76.46900698111924,78.51981308592556,84.05215393152217,72.23886297643628,Shavasana,frame_0001.jpg
140.0037204353798,113.15513310528446,96.201604292127,109.81092651448628,77.91963529701644,93.13522662658939,66.05797207467249,97.62013686985028,Shavasana,frame_0002.jpg
142.62453850187114,114.66419249023122,124.21410214555564,134.60368524522815,107.36262901752796,118.63790224737727,64.60826606562013,98.5223383813532,Shavasana,frame_0003.jpg
126.01082084810159,105.2438785308733,149.05733587821516,157.94969910863793,124.53849979254805,127.60628538396648,66.97363485441599,101.82816508980645,Shavasana,frame_0004.jpg
122.05081008845458,119.11926168499913,153.88184064855207,159.48400895080084,115.13889750889986,121.049500209537,68.28356731295908,91.68076192262309,Shavasana,frame_0005.jpg
168.2934794558757,117.08548629545807,166.46083677277073,168.26444842512083,139.27704476053162,148.4391073906736,55.28888484189741,108.98887038950595,Shavasana,frame_0006.jpg
144.30124034744426,132.4624506419582,175.06953309224042,179.07798175952703,153.22248473947576,151.93220302575793,61.92277076970083,112.03393283127247,Shavasana,frame_0007.jpg
149.15052414948264,138.69113765239612,175.4206851589197,178.9424151599293,165.22868068796626,153.03745464537508,69.29695583898307,99.13938405119853,Shavasana,frame_0008.jpg
165.5524608208899,177.20045680884607,167.0933634875581,179.9904870690696,174.93613639002479,165.14283101649985,147.97202910039772,51.14017989959247,Shavasana,frame_0009.jpg
180.01639118302725,161.23552774107392,169.02209983399862,166.36023204515766,177.08109551551533,158.20601077518108,144.96515633485714,33.348235434288945,Shavasana,frame_0010.jpg
165.26667410656916,177.3054927168813,170.58691897460164,177.17078356000766,178.2837305732894,168.4052318332414,141.27123513868088,56.82168618593525,Shavasana,frame_0011.jpg
167.71141063092563,173.81870352325564,177.92563447646674,172.92717324667606,173.40704145529745,159.78583044745545,130.54185348154468,56.93690340246639,Shavasana,frame_0012.jpg
171.83938939495644,166.71843905211458,181.65228515050583,175.00923922915052,175.5816770711656,153.73301886183097,171.20388295072698,27.796169386276954,Shavasana,frame_0013.jpg
176.89920701040052,155.85038108054056,172.98775545147313,162.71725985132733,173.08258336993097,158.04784914387017,161.28529146761218,42.59279441853353,Shavasana,frame_0014.jpg
158.29196029214188,159.534814134973,172.5148824476094,183.33755526348932,175.6856567870252,176.68704264704968,87.94323561567299,95.6830122241413,Tadasana,frame_0000.jpg
155.8728935287993,160.11238208533203,180.30080914177526,177.4271444074737,175.95107286172228,182.07442621352823,85.71696386002759,91.52679234920075,Tadasana,frame_0001.jpg
160.38623614082596,150.34706854644548,178.14991761398292,175.2212134216773,179.39540816287092,175.28986299419807,92.30299749369863,92.59180637965116,Tadasana,frame_0002.jpg
148.66933317364726,155.47130990855896,180.0201273856225,176.15175273164343,180.1430545032248,178.2387081855662,90.34933221431156,90.298702954813,Tadasana,frame_0003.jpg
160.2138844968189,159.7335418815838,174.9872032738466,175.21695758275408,176.72068409604637,173.3285331809915,87.78471757927814,95.20136078333978,Tadasana,frame_0004.jpg
158.39832727947038,158.65892269790402,175.9962075561385,175.47559110154182,177.04502331426855,174.4659017913854,85.5713490793593,91.92212595505923,Tadasana,frame_0005.jpg
154.26502676154266,157.0647796274678,180.70472451549196,176.1987103148881,179.6142450175049,172.91022388756156,85.24283044000609,96.17936311702776,Tadasana,frame_0006.jpg
152.25359248492168,154.41361772729687,181.1392091405458,176.91889118593923,174.3072401456675,172.8936936549319,89.02472368651944,91.35570271369384,Tadasana,frame_0007.jpg
146.20271991528554,154.77863877952285,179.63175735455818,176.1416375078618,179.9848094113451,175.20162519115962,87.1990639475593,96.06585948663526,Tadasana,frame_0008.jpg
153.2531334370606,150.40623308781792,178.44260947024958,179.04125965820722,179.92646927996225,171.64255750724513,86.3513268634555,95.89368196322332,Tadasana,frame_0009.jpg
148.67719309493074,159.948477737134,179.6098394427539,172.50145626024164,181.80957286591828,172.31047046391123,88.619330371792,94.9532272831929,Tadasana,frame_0010.jpg
161.60372452902132,156.62565123121703,177.82608283989813,177.20855376138002,177.06271790164945,173.63408175571624,86.80453391963708,94.97366681347268,Tadasana,frame_0011.jpg
152.71451816644674,156.50513301483699,177.07270641436696,173.3636351481628,179.38157316010054,172.57740271199324,85.59933230890248,91.04329075544084,Tadasana,frame_0012.jpg
152.02619976767284,154.59764789474914,176.82459319103037,174.85194457052904,180.25938971242962,171.10486222193958,86.35134618482105,95.92039620679653,Tadasana,frame_0013.jpg
155.10940014784697,157.11220326811457,175.7094145378476,176.0888718548562,176.18031921477717,169.20527041213114,89.27689743621093,92.45846861179108,Tadasana,frame_0014.jpg
170.54127637219975,157.9919541265566,176.73889254321193,174.5401239344399,162.6180213665931,163.76046163573722,85.38252222121982,93.1949731535912,Trikonasana,frame_0000.jpg
167.68207101355827,157.90966920568346,176.45976526469335,176.42382029697268,157.99356792302916,163.34049562641212,90.27338734981542,89.86094739661452,Trikonasana,frame_0001.jpg
165.3618295134984,172.9792716992707,174.56748474477078,177.42649461528117,172.8133080501888,146.93421921635675,86.39201888418592,99.66799511241915,Trikonasana,frame_0002.jpg
154.79129653923002,176.2199880366325,179.12811604892104,176.68758608946735,164.6571791823447,124.03845060683696,94.0696744379106,104.57048635008377,Trikonasana,frame_0003.jpg
168.51445189837506,174.84168708023677,173.1156325502308,171.2835292170964,140.35039486415607,86.8150736982004,78.71457167465994,127.7712222183846,Trikonasana,frame_0004.jpg
147.2703740671106,175.06698407077283,171.97733897731118,178.06942281982472,116.10288890673873,65.31839320297068,71.46699657635546,135.02524694806465,Trikonasana,frame_0005.jpg
127.78071790584724,173.8075540716749,157.59281900378014,174.94110887240657,146.80224187249564,76.03898074118189,71.89986590172526,135.7376502493324,Trikonasana,frame_0006.jpg
156.69984699914366,167.9477445486132,180.2973830985479,175.8649894614006,126.86943008351811,69.60182450296658,72.66367656989799,136.24201976009113,Trikonasana,frame_0007.jpg
150.72714715151326,166.525532714105,170.88316012802105,176.68906366798262,114.00864521461241,60.710467661378935,65.85511152905636,137.31993085759402,Trikonasana,frame_0008.jpg
147.52728551126364,164.8089638517292,176.2235339504616,177.33621800514084,120.24323598748902,64.95471996998329,69.50994567979701,137.63577079198217,Trikonasana,frame_0009.jpg
125.81108554819922,166.28099994899313,176.9672030454597,181.95247056071497,105.95357860166062,59.685961401790216,59.89937635729005,154.93485509832533,Trikonasana,frame_0010.jpg
141.10764645896583,168.0886512352186,176.37226438416906,178.54406276436,112.0650651259189,62.05256561556924,61.79936209978834,151.20529603571015,Trikonasana,frame_0011.jpg
149.2186478266403,165.91587985096302,172.59328203430468,181.86595655298908,113.76027398903082,60.525932622608764,59.92250399940963,147.09825925745577,Trikonasana,frame_0012.jpg
149.3350504402782,166.32972860727568,179.5753487802836,177.81591512917987,113.88267734417113,59.072252162678915,64.72824229721317,143.41037363530899,Trikonasana,frame_0013.jpg
165.86722295853139,180.75777744400554,171.17292145590025,180.0341396552769,122.37146968351303,63.630196800852225,72.61433223446491,132.93345554898303,Trikonasana,frame_0014.jpg
148.57627492512503,165.23237500869612,173.14253847860084,178.32583774761252,170.08388327472915,172.35854756841712,87.00848034120718,95.9065751692917,Vrikshasana,frame_0000.jpg
153.67072861150288,162.30173838024243,173.54059578675378,176.7425377972341,175.84027675747356,166.1354440174007,81.18756816176376,96.48821064446062,Vrikshasana,frame_0001.jpg
148.95449316509652,159.51938744933665,175.51309580096526,176.9842134817318,179.98572910749115,165.25163260647594,79.02426800047793,96.67259179174611,Vrikshasana,frame_0002.jpg
145.3765908758983,161.42494308147545,172.08007692459825,177.31745168915123,173.7135073103663,166.24617937172275,77.02847351068645,100.2573850300947,Vrikshasana,frame_0003.jpg
150.73740419763033,163.39516052727336,176.96969943531943,179.93086268147155,175.57495302539763,164.6951190765708,80.90514180357037,100.82918210052773,Vrikshasana,frame_0004.jpg
148.96469900646633,166.2151946020578,171.73922060985572,177.49035012402487,176.60996870139164,165.81722350652163,87.54191821222018,97.66959744607577,Vrikshasana,frame_0005.jpg
154.1405599912514,171.64159633708528,169.5280582780892,145.92576379187108,178.7602179832189,150.76317833820963,86.75329040029595,102.98335091851021,Vrikshasana,frame_0006.jpg
166.3691493393129,179.6311079852335,164.25678395931283,146.02346567920006,176.61765063584488,161.9666758829933,81.80792130221333,102.86697312667164,Vrikshasana,frame_0007.jpg
164.29107881330725,175.5640272381088,170.178048098452,157.90135125675465,177.76123405487883,166.85994417715943,82.60013607274693,99.83932735692507,Vrikshasana,frame_0008.jpg
165.46299703775196,179.65516798071826,161.27581487396972,146.14074238366385,175.28252899517096,167.26519848520343,88.97582091755504,97.9321724595919,Vrikshasana,frame_0009.jpg
161.59138793511642,169.62082417869615,179.95567885180597,167.1489289935978,161.93100893185286,180.48515424875504,91.28476736433308,93.39321938925148,Vrikshasana,frame_0010.jpg
153.06687498009714,172.7444225839493,171.33420043200175,163.56207087825115,164.30846426834003,177.4773520175192,91.06131888402734,91.61905227145601,Vrikshasana,frame_0011.jpg
150.9216205042152,160.33878750064773,169.83245957560135,175.6471654613419,157.50125359598366,178.63147766359475,87.62916408328064,89.1295579134524,Vrikshasana,frame_0012.jpg
152.0358028796105,141.65732983354664,172.95762806417073,174.4564791226914,163.49340906629135,175.62684868959585,97.97968843243842,89.74373696387083,Vrikshasana,frame_0013.jpg
162.6615456483949,143.77841314918143,179.74636806227522,169.66940533118807,164.20619921359446,174.18719702783926,96.78153462728476,85.55734083190576,Vrikshasana,frame_0014.jpg
138.60761946580803,137.59102724084102,137.1121224709098,130.5733117294494,159.19907021029115,164.33412362954255,97.64571338921148,82.10046421003513,Bhujangasana,frame_0000.jpg
161.77822998380614,146.42198926060874,153.73184957778565,144.0660222469663,155.07589090834898,164.9270204370165,93.84691710154507,80.56293708969457,Bhujangasana,frame_0001.jpg
137.84773726724538,147.96350205872542,130.8756404454413,125.12145311267618,145.33270834691962,163.1170673462846,97.54954261232147,75.88031772158018,Bhujangasana,frame_0002.jpg
172.18807055060427,160.38088955660945,96.00151901323947,71.87112719873629,172.05946386957763,154.78130472190477,90.2165079166222,88.92405815669896,Bhujangasana,frame_0003.jpg
159.27115919310089,154.78101976426365,136.03677552389638,135.01363499404744,162.61741300859975,180.40201017478157,97.59697334606325,82.86651286127922,Bhujangasana,frame_0004.jpg
165.6315311903259,157.74483403608795,150.50719627052743,141.74961503292354,166.11416245734168,176.4770384720185,90.25747710216129,87.75729124393229,Bhujangasana,frame_0005.jpg
164.28981470466476,139.97436939133866,110.28051283688367,104.02344607465209,176.1631983709521,174.60328864203402,102.52494686479733,84.78584225117537,Bhujangasana,frame_0006.jpg
157.41368257753538,148.5941057947888,172.02260935642542,159.93476987603512,169.3223146367613,173.5708320833092,88.65153334199107,88.5881574434078,Bhujangasana,frame_0007.jpg
34.94410270339676,145.35898531380715,168.69231304912756,158.47085080141463,172.20083657984952,179.1351547460403,89.26151268702776,88.3972749356391,Bhujangasana,frame_0008.jpg
167.91947976350386,178.55982447598956,166.118705960266,159.92116569225954,168.94803054542132,174.2894099419981,91.99271683087719,86.17985112508968,Bhujangasana,frame_0009.jpg
159.2063978337079,153.5581347233476,158.14539924822182,145.0082767442915,160.9456859663462,162.53582684971704,99.55117302781116,79.35652457805895,Bhujangasana,frame_0010.jpg
175.65656965595528,157.81108092480522,155.16149690089418,143.6717568070355,155.8698082581727,170.15186295657472,110.18413658696952,71.1092322807933,Bhujangasana,frame_0011.jpg
147.4825741623037,154.1919153849508,100.59247411180455,101.65911633314384,141.67109181345066,134.6268636886627,41.20022482830815,157.3127793194309,Bhujangasana,frame_0012.jpg
141.09461162775708,141.0527958512821,106.21904221351693,114.73205499834249,137.67924530462804,139.28965431893167,140.6920208205622,55.167395679631205,Bhujangasana,frame_0013.jpg
152.1940244715936,117.39694272102095,136.88912406308157,139.77374473214792,163.11600179801854,159.57021275655453,135.05356891780426,58.81029269035454,Bhujangasana,frame_0014.jpg
115.36619795293662,129.34167093185272,141.05877943708384,143.80498995170996,105.72994070886868,103.99699099046386,72.92219762614069,119.41598058888933,Shavasana,frame_0000.jpg
132.54901119149017,159.41084123318103,145.12691302744724,146.92500269908336,110.3615758261177,104.73016683288111,90.77752285055801,103.91728993632069,Shavasana,frame_0001.jpg
140.61165370645537,149.4322141471457,166.16257632549673,175.4207649261846,117.56399471050244,131.7477425453104,98.64465130088051,106.77039152855745,Shavasana,frame_0002.jpg
128.9621069063407,166.03035467168897,165.77401571368978,160.5048891277559,123.55077312870215,121.08680851509168,107.52192702973268,89.23771288039877,Shavasana,frame_0003.jpg
128.12037014456126,156.46853033807545,159.02416917440436,160.28549335101422,122.84493479528265,118.21791446282528,105.55404957561231,94.08018097063801,Shavasana,frame_0004.jpg
128.92947658948148,163.34744948758214,170.397161684072,175.75808665402934,126.80589902683829,130.87501350845056,104.14039251866787,90.09375167808602,Shavasana,frame_0005.jpg
134.8852325519087,165.94625557873977,175.81171638988909,184.24136917679556,139.8828724968047,145.71731345073894,84.99130905251566,98.44471332041604,Shavasana,frame_0006.jpg
161.81214676547367,162.60614031825227,174.40432373147243,175.52559642585013,140.401232108181,154.63837574194656,15.0986632516274,137.59846480153556,Shavasana,frame_0007.jpg
150.76154669602758,143.35553793176135,170.85426373369447,178.7277237688876,160.40864129695458,169.73296246260728,2.6444400043941627,145.44135255991014,Shavasana,frame_0008.jpg
120.96108216322618,2.6789798332273205,178.10551678773518,173.83463620582856,175.3220513808537,174.5045245262997,128.28065588582226,52.99948285254314,Bhujangasana,frame_0000.jpg
83.0212181703948,41.50430984891811,161.16203411885064,159.83853805899957,169.1925871116356,162.91353037709322,81.24791996037257,92.76734303204933,Bhujangasana,frame_0001.jpg
127.43610077393251,19.922903618517445,168.8891966189453,163.62351110112064,176.92716029584855,166.0750728716832,108.97595531496407,67.66317314402147,Bhujangasana,frame_0002.jpg
164.90093907482563,48.66253112260568,165.61259304172032,164.39532431910376,172.74851900260188,166.48858673987507,124.62084876923522,62.95811389894555,Bhujangasana,frame_0003.jpg
132.18131078001954,52.04033597252569,169.05554499089266,166.21881494848225,174.22821483940228,165.97719127725813,127.60538091596906,57.57696136347137,Bhujangasana,frame_0004.jpg
176.32878535714036,67.0253228634691,161.59358606809448,159.99271388982996,178.28180095901865,171.33024093940395,97.46616896838827,80.96196582725614,Bhujangasana,frame_0005.jpg
119.15924795668268,119.6281981348053,164.21954016943877,152.7618558727569,170.04126898952595,169.21937870054353,20.386775950619118,172.47501046559023,Bhujangasana,frame_0006.jpg
171.64363939827123,131.7222338602542,166.86371054393018,153.44576052204042,146.81061272195166,163.15411224183333,33.11967511780398,163.5874351201594,Bhujangasana,frame_0007.jpg
180.27119383248936,143.30750493142006,157.6223855922559,144.66112909711111,142.397740476373,162.1657310628897,44.885446822034545,170.15462098706243,Bhujangasana,frame_0008.jpg
172.1424770641034,162.05510738008317,159.7404237791266,150.0262246036806,147.08030189316705,165.5508241546594,47.08028453152922,162.83355224691388,Bhujangasana,frame_0009.jpg
169.20430458435473,163.35309181790865,157.7907579494778,147.10158890226626,143.67021846105925,160.22738829094973,44.40019579011974,178.54560239642404,Bhujangasana,frame_0010.jpg
174.5629812051336,167.10982444577718,159.4082621845523,153.0737342282437,146.5019564542712,164.5633790484109,45.384484067958596,178.58087433972398,Bhujangasana,frame_0011.jpg
172.17268096311813,155.586344555221,163.63196210875898,157.32996247804155,154.75379393494728,167.51132023080174,40.5330104731024,175.6265121785002,Bhujangasana,frame_0012.jpg
169.9857631322108,161.08204461496456,160.00815845466937,155.14502088057029,150.83814704157194,169.43835267617138,42.12445370964466,172.7604881969764,Bhujangasana,frame_0013.jpg
166.25895519532853,164.79731226701816,161.89190087540925,150.39637863022514,152.00804878492391,166.14758924227712,45.668815042320446,179.75777602461716,Bhujangasana,frame_0014.jpg
174.07575371049276,167.26507226325305,118.21186824269172,100.64533650653561,169.55289850624138,155.54150893282258,88.30084506612216,94.18762310080896,Padmasana,frame_0000.jpg
182.6863141283465,172.67953077124832,122.02560986040984,45.34977395231902,168.4206826930167,139.44998803211746,84.83772387291687,96.11778227231758,Padmasana,frame_0001.jpg
175.33435244692578,172.56927054147357,112.77356804129079,23.73889229456402,166.66396068789143,139.4817433355732,91.89761252059748,94.32036141968852,Padmasana,frame_0002.jpg
175.12743109988412,167.34224876685502,118.43576449995334,78.26481841359528,172.2350308412228,148.81847294832133,86.42637623315484,98.55658007235395,Padmasana,frame_0003.jpg
179.33438966657832,169.36931006028556,109.24906530005238,57.15530907176146,175.79437868966048,143.81952654615444,88.96924230982845,96.17738287524269,Padmasana,frame_0004.jpg
177.2908226425907,171.89511864904443,100.85676134705072,15.510388688992329,170.02143401743024,149.47525066785843,85.69343043214562,92.83394040213032,Padmasana,frame_0005.jpg
180.30346089189598,172.2394091839861,115.55210058549764,44.574355459448725,167.8637624847791,146.27411616847465,90.61924096367245,98.55626730388097,Padmasana,frame_0006.jpg
177.59521960908822,170.54502177179978,113.33625260430448,30.033866374691584,170.27187886377266,143.32215428166697,91.16076522214432,99.17465510238955,Padmasana,frame_0007.jpg
178.41871968858882,171.2243892872362,45.65039614527324,2.8077544142516584,168.74428215612977,134.58791245756186,85.75457289738009,93.37642667306767,Padmasana,frame_0008.jpg
179.061100784687,173.00332019300194,31.626743627637907,1.8281704583381142,170.0000777966317,142.8677591422608,85.37786378172166,97.54751269645482,Padmasana,frame_0009.jpg
172.999939741683,169.92936937627013,38.77369930967525,1.884783020778017,170.9121531073069,135.98667182128693,87.4963208300448,94.22617825431192,Padmasana,frame_0010.jpg
175.9309978572177,172.4169493756115,72.02333261240057,20.5170604453343,170.52046896500926,145.4099380082303,86.15011429173705,95.50712796496163,Padmasana,frame_0011.jpg
178.31259410411928,173.49878583044034,31.387222420731632,5.349924691075175,163.29148595049696,141.16020345122217,84.35944067326504,94.88705181227051,Padmasana,frame_0012.jpg
174.50358742171034,175.6896558004129,34.98058820460321,-2.155183017550466,170.7643754798501,138.33288125999724,83.22600896017298,96.75605986416453,Padmasana,frame_0013.jpg
181.8101720167099,171.47599404339778,43.37590954527459,11.491736475908684,171.3118775901333,140.1797329310316,83.61704040124178,97.02461228205566,Padmasana,frame_0014.jpg
129.76540833241586,133.3449691917633,178.57205606365213,173.5843944702089,177.04658990504055,172.01128494198014,87.2076504011504,93.14223987157396,Tadasana,frame_0000.jpg
3.573568581768776,18.770889529204695,173.3716003519758,175.69525768835248,176.36148391992566,174.9142169351237,83.80054973941549,97.3634715360357,Tadasana,frame_0001.jpg
153.56086766871218,133.47288650216788,177.48882291398604,173.39493265624978,174.9314732373577,174.7088821101119,92.48492424243955,90.46890831985816,Tadasana,frame_0002.jpg
166.39258977856963,151.53472895061887,180.55942224921145,170.0748209997677,174.88469652761552,172.2414865309568,86.1348676886822,90.35772952040979,Tadasana,frame_0003.jpg
168.17881147983027,152.50358490508196,180.3637769255552,173.15693149400246,175.66505653787817,172.87083831560219,85.8923286955986,90.53746978129452,Tadasana,frame_0004.jpg
172.73898965609138,150.286746913767,174.93441839578685,173.23047146572893,176.17637525382332,173.48792369016658,75.97708527657198,94.86009661400502,Tadasana,frame_0005.jpg
171.71047230777555,158.2741072062941,181.06086172205246,173.38268750362215,180.47663250102778,171.67702714695454,83.68876674992175,96.62351122261998,Tadasana,frame_0006.jpg
168.02944566828097,150.80318524773585,177.83825305357388,175.54251665020246,177.50755273287248,170.96231749859015,85.44588475763473,93.38604407738546,Tadasana,frame_0007.jpg
165.65649883098285,151.4935927542077,180.71451187792115,173.6225189224031,174.83249981630186,173.7237455642939,80.93858565004408,94.73538452857571,Tadasana,frame_0008.jpg
162.22851880873736,154.43542231191407,182.59348292630847,174.02358682777233,176.0848681627449,177.05341694033856,87.34302960157297,93.32820792466362,Tadasana,frame_0009.jpg
166.70348428132684,155.2177353516832,179.8722921086261,172.17300652134526,176.45477921846535,171.35555595551247,85.86081539594994,93.20179503732611,Tadasana,frame_0010.jpg
170.1828710481106,155.9811828948562,178.89495146536942,174.149386979998,178.6408454189581,172.80684594621252,84.12635186481347,95.71167233291042,Tadasana,frame_0011.jpg
168.80336131376743,158.3106421210011,183.75560861527265,175.5223222254841,176.72259939265953,174.21752056624024,89.63640007735123,93.44685003017575,Tadasana,frame_0012.jpg
164.1245919960306,155.90567072800664,181.54807737038755,170.62284310483537,176.35470789588007,168.5337880950991,86.18129167485947,92.55887483687543,Tadasana,frame_0013.jpg
167.85977176242574,160.22991684246932,181.54857645726582,172.36685490015373,174.51605109654557,174.75678128335244,90.5525864534285,91.3358726704129,Tadasana,frame_0014.jpg
171.47598491996413,172.95620246023054,180.85143410768325,174.84777485044134,174.33157798212486,141.1891258462347,93.85582342999587,102.70731409359541,Trikonasana,frame_0000.jpg
172.04344131642287,176.68262890600454,178.58386682431833,178.1410658871508,155.58076296012038,112.6883272045604,101.40711452613816,106.39854351109477,Trikonasana,frame_0001.jpg
171.796396031218,178.45911113116458,174.98450246113487,177.68107753352885,132.2916383242885,94.43923071082149,43.554945827032256,140.05472654099938,Trikonasana,frame_0002.jpg
162.98707068341412,157.11486040851076,168.103457002216,176.10292400327114,116.56319114854007,96.02673844144584,18.880249648440163,155.06110496183337,Trikonasana,frame_0003.jpg
141.6386992835252,162.83967230923326,177.87955833426807,180.95958886566626,129.79181414675705,82.42664784497097,68.16088257345335,137.62635725846695,Trikonasana,frame_0004.jpg
174.83744692869018,170.2013405599249,172.73702760700465,167.13345911592032,137.87331104347004,90.38138635490176,85.67468894952636,117.22589471940827,Trikonasana,frame_0005.jpg
170.51348541259193,180.1714166203339,172.46612005069957,171.93388497653135,134.24218024418167,87.48571168736068,80.68606171533497,125.0806120940171,Trikonasana,frame_0006.jpg
172.93452988171856,165.17169784347126,167.93852530911388,177.11760451385143,142.6187770344614,92.91626696922496,88.64206736780096,121.52306248146458,Trikonasana,frame_0007.jpg
169.3839222482167,174.14158904572224,171.36476468707244,177.8118706460526,132.95708144042302,88.05671596186785,85.66662244838547,122.88334602616268,Trikonasana,frame_0008.jpg
174.07263225399245,173.46723963174333,170.78955787367192,177.66486526765397,136.16400000914203,85.25778297768241,80.36942683255147,123.93636497145823,Trikonasana,frame_0009.jpg
177.2664065239045,176.45326640072557,177.31891768180466,174.00340473456907,138.8485769028261,85.8256949631511,87.69345087589615,118.95092962359547,Trikonasana,frame_0010.jpg
160.6959715811509,170.8283963568568,171.41326011956846,172.60744611940174,136.8649437958297,87.94133711960924,89.91956896320649,118.32118386384307,Trikonasana,frame_0011.jpg
174.1870392400623,170.51652066102446,175.08326771952,173.98391515314395,139.99803886882552,85.52870067129362,86.67296069667803,121.61739139703032,Trikonasana,frame_0012.jpg
169.2468106057186,170.1386053029933,170.16642631708606,176.41345522655467,130.84673628636241,88.34965874022153,82.52189674687881,128.03079912269425,Trikonasana,frame_0013.jpg
175.94111002480383,168.39834109573988,174.1913128495117,173.24146146099275,137.3791957001094,89.51328160850909,85.86065747565968,127.96727073027466,Trikonasana,frame_0014.jpg
172.88533319254563,163.3876717782653,179.65816503632877,179.3684535899989,177.89626630355664,175.77093761526692,81.73464786522818,94.79501039387993,Vrikshasana,frame_0000.jpg
175.86526182905277,161.95130171450177,182.40960747443782,180.90687927413597,180.57707299986996,177.10046158474623,80.93626448616297,96.88122859007804,Vrikshasana,frame_0001.jpg
181.6034805969215,155.74801138357276,172.42493104943077,176.40729974648517,171.83373515644465,171.2628964573197,82.5236744440244,95.50496873437895,Vrikshasana,frame_0002.jpg
29.478798648494138,33.521754370699824,167.45646315720123,179.64588476789766,152.91743111096844,176.03776737599222,80.16884464457087,91.76108686232493,Vrikshasana,frame_0003.jpg
30.743918800787668,44.42388813652995,172.10295137086058,177.69246243693672,178.91609128740134,178.8818249014203,78.47419136586825,98.81231664363531,Vrikshasana,frame_0004.jpg
23.93466065667292,42.796012436301126,173.73559015258132,174.00784251865593,178.5190666044404,176.72483115403807,77.750975143939,96.03668608190002,Vrikshasana,frame_0005.jpg
28.96014127652458,40.72244986235956,165.65604876567966,173.10489124338497,174.38176095062443,180.58553560223186,81.28771703078303,99.09045111240522,Vrikshasana,frame_0006.jpg
29.28009298638805,39.5931375675384,172.2753921380791,180.30886467654102,167.71117456802668,174.74350364241957,76.62274676878263,90.50502716790027,Vrikshasana,frame_0007.jpg
26.14100066930323,38.73110623450279,172.51698373169575,175.90507366070696,167.28472427725902,178.14991750327482,79.85689278456086,97.00436705089818,Vrikshasana,frame_0008.jpg
27.82400860940022,40.55068470095018,171.17729143586823,178.88766007810776,167.9649844771947,177.76573054947468,81.06518966765476,95.5911475572163,Vrikshasana,frame_0009.jpg
27.77066028246203,36.48639871590041,166.5977445279723,179.49514518816125,169.47526355008605,179.04999877965955,78.12886025626868,90.81377095280583,Vrikshasana,frame_0010.jpg
27.75094962605481,41.33772019530757,177.51561265454967,175.52227615561046,169.46163369525505,176.1400067036962,77.22009132561976,94.24028507989321,Vrikshasana,frame_0011.jpg
23.98267950091397,38.80882652522418,174.03544279385497,176.29317032046066,177.4150056825743,178.04107783228073,78.86321479327738,94.45430349479322,Vrikshasana,frame_0012.jpg
28.97777550474976,39.57768229928898,166.30903644749432,180.59404951927158,168.58059267098042,177.39668596451,82.60277389236981,94.09417367473574,Vrikshasana,frame_0013.jpg
26.90372929283958,42.627722659286086,168.94070863865463,178.3577533536636,174.53739379231695,178.81277401810425,81.00908251761363,95.34459837172352,Vrikshasana,frame_0014.jpg
127.45781603588871,96.25211114662221,166.59057552767032,154.61204792113847,179.63450939310476,168.52662480115802,78.3026642555486,98.71170040089861,Bhujangasana,frame_0000.jpg
141.99366032459,122.03893044331095,157.21543385138153,148.03776424218734,173.39690361708443,174.35037863697298,31.832013544291456,118.80300849901077,Bhujangasana,frame_0001.jpg
147.99078300347443,130.94169954573206,159.08092522113037,146.71918519275502,167.7475909666301,177.74286125030397,15.630695900427789,174.01772919890178,Bhujangasana,frame_0002.jpg
146.43810211127465,128.0277822835878,159.00822194453156,151.7789797512963,155.51050851369942,172.83459632265433,21.130421334941506,179.57796657190704,Bhujangasana,frame_0003.jpg
150.61434003343493,126.12369113874195,164.59836854639408,153.61669028491872,150.0359913164765,168.69164363427004,26.03178288405325,177.97368092029774,Bhujangasana,frame_0004.jpg
159.04756666524352,142.91547462144413,155.86596890208972,149.38833169005807,157.48368843081215,177.93723307952303,24.038708871667758,181.18385614444082,Bhujangasana,frame_0005.jpg
158.24768536843553,134.83970594400563,157.67950942616613,156.70225470368186,157.45511761839853,183.402373965428,28.10792017785606,179.22473088578187,Bhujangasana,frame_0006.jpg
159.69533734068347,118.92608249038526,160.9290222397404,150.40988548610585,151.058343393329,168.91414816603768,45.11420252344523,168.3891005943355,Bhujangasana,frame_0007.jpg
161.43219062372444,122.49138897689086,157.75062597151108,143.3293630435,150.00381187015415,168.11361402135134,35.16993137610887,137.87363018074473,Bhujangasana,frame_0008.jpg
163.65582937401263,131.2080423460819,158.66701837033014,147.26937701893758,162.0194858411455,176.12709124268147,26.153502218745174,132.02583142958068,Bhujangasana,frame_0009.jpg
158.37306284163634,134.1666483401747,157.55306508761245,150.72808089992668,160.51674895343785,172.34314585080585,76.88471583055461,107.66856983243227,Bhujangasana,frame_0010.jpg
152.97312040074797,120.65538825962572,158.24291099438074,146.91861535965703,153.2267400764683,164.6412428388003,117.11769908321462,78.99032005536526,Bhujangasana,frame_0011.jpg
160.80525101970585,123.18945055069773,150.98411865422972,144.75085921735186,155.1892235648118,165.77446272321208,119.41324655104134,78.77066088723997,Bhujangasana,frame_0012.jpg
153.45235889633705,127.34675050250246,156.52609367456736,143.07703748154304,156.74140511695953,168.56549725141943,120.42782638742027,68.03429783484151,Bhujangasana,frame_0013.jpg
153.6143200175013,118.65130876374764,154.21207990757077,146.75437542102208,155.4368975983982,164.61521977108833,117.93322106701038,76.41305319636882,Bhujangasana,frame_0014.jpg
169.50134462961975,117.96373423474499,23.16639188924821,18.31138711537668,69.3296235902928,69.12284896586928,85.3188276628315,92.35987920013766,Padmasana,frame_0000.jpg
169.34064376444857,107.71411156527653,36.828616526447725,31.628744308006564,92.80106345675311,104.50854445498088,84.85704884561589,92.28249574738595,Padmasana,frame_0001.jpg
169.21830134594444,116.04761365125854,33.37761663908389,31.366093338103813,84.36258287562964,89.71986486152413,83.51427269561712,92.84295575854854,Padmasana,frame_0002.jpg
163.76162935530758,130.05382027757094,46.05917360262299,38.465291598533575,74.91212342187576,80.19763890435176,85.91542806612723,91.76246767713542,Padmasana,frame_0003.jpg
164.17839748664744,124.49463934233265,36.51642878923758,40.941161633389655,91.67786268805024,109.37439641808123,86.40461756341668,98.6856793869774,Padmasana,frame_0004.jpg
165.51342894643523,119.74163507678466,45.63195287397012,67.25999685263938,101.4078052277505,127.42072178026103,85.98939025797011,92.09726697685515,Padmasana,frame_0005.jpg
162.50564965495116,135.54285052734238,41.526910758235125,43.258449423408265,97.49349813771207,116.7658059315956,93.05703549873414,90.19931929799513,Padmasana,frame_0006.jpg
165.7267872970303,130.89390753815906,62.72513593445542,73.82512708018629,117.66477982721486,149.0578667174278,86.67574087350211,91.11042637926657,Padmasana,frame_0007.jpg
163.9038338365561,139.2900199924914,54.53610118204543,61.063397649109596,99.194701677801,121.91675764251843,92.43335155024018,94.35108896352807,Padmasana,frame_0008.jpg
166.82278431303376,138.6574576649979,52.53492153637584,51.58189906435648,99.17302388360753,114.64354006190501,84.10423219008247,88.74414104105634,Padmasana,frame_0009.jpg
164.8616644260158,140.19620051968963,58.338541384923104,61.05564250376892,109.21670119648229,130.46545283336832,85.84601784516458,90.60076228590299,Padmasana,frame_0010.jpg
168.1008476888655,133.86164428229756,79.35362273916482,90.0927055751302,121.10567940425867,143.9412027374353,84.9450834831824,96.56645639972032,Padmasana,frame_0011.jpg
163.4639802355594,136.92882552340646,59.18300044403202,78.6990475092414,110.75725486933642,149.2478671524641,84.54664061288665,95.52843456987294,Padmasana,frame_0012.jpg
163.7094075727211,136.4373842632066,61.7424805853845,71.63657005933474,117.60114850770675,146.2351561023924,89.29595825100697,92.43366761047646,Padmasana,frame_0013.jpg
166.83655957338857,137.46131368728902,51.46125049008512,46.90029567810278,99.501442628393,111.59753398666054,83.28211609985198,91.73366761099969,Padmasana,frame_0014.jpg
103.56042132019478,82.59667792869264,176.1531368643311,177.0277919427839,177.8215166412394,170.1829748749315,49.56909811235248,111.33813394099577,Shavasana,frame_0000.jpg
94.09508858340413,64.40625547402249,168.4725297761844,175.0860895207582,177.81474465847285,172.86509237236362,12.046296685512662,151.11417447646812,Shavasana,frame_0001.jpg
67.13983966139173,18.19761672238572,161.238970071935,168.0974078708893,169.16709315669874,174.22453415997833,1.3332811737791124,160.1003487259445,Shavasana,frame_0002.jpg
134.06776515553062,8.752406587542694,168.00939635502723,169.70505150985088,173.003313309309,161.94692573150317,5.315303678686,150.44306927071435,Shavasana,frame_0003.jpg
91.76203242140897,37.30689906591598,168.28426051084332,176.619245372587,176.81214391312307,167.8253229087932,3.5978823943280602,152.2408081183704,Shavasana,frame_0004.jpg
89.43523628559798,75.8562505985544,169.93886797314647,175.99690066563969,179.95082456699805,167.3224318694468,2.9642733739402827,147.06691189020665,Shavasana,frame_0005.jpg
91.22637124746956,73.42748181479232,171.54827256377737,175.81884225641883,179.38436236347675,170.156622096848,4.3385429157361095,143.53072840485845,Shavasana,frame_0006.jpg
100.82280555058553,66.47675211741438,167.07546394934488,172.5333011469645,172.63815732108336,171.78769059087512,7.230500345432943,149.82989057041087,Shavasana,frame_0007.jpg
102.89117048621132,66.93256645834074,167.36949685728476,172.19201368456507,168.55504838559042,174.71793178910187,6.9295844424202295,149.06286697979945,Shavasana,frame_0008.jpg
121.40317731334882,63.82710946461664,167.9133305467072,173.36032760672342,176.04880745277785,173.59804438015155,5.960288519337275,152.90352516793996,Shavasana,frame_0009.jpg
150.94108215468214,21.413330369986298,161.45158177584744,169.0109119522982,167.95752618633776,176.42833006171077,4.155135778066483,149.97674933949202,Shavasana,frame_0010.jpg
115.50417093328635,59.2024538732731,162.45169516206184,170.38165134013607,172.1545986697366,175.27217381355942,9.467055869134395,146.22736355222656,Shavasana,frame_0011.jpg
97.42679487003291,18.99360381343623,162.98258057729393,168.30330279007018,171.38572040464163,175.1650966281364,2.5882636292111494,154.45489242035333,Shavasana,frame_0012.jpg
105.28778219092818,60.78993094135983,167.5858746467861,176.44878051499228,177.59664910478406,167.91167945521124,21.04451887416104,132.80335723053156,Shavasana,frame_0013.jpg
90.9071448470227,35.096711607415514,165.8275076518715,165.99608195512593,171.24355785883233,173.60218726465925,1.5242273436541403,154.2442326801845,Shavasana,frame_0014.jpg
110.90969374733591,109.83240801779178,181.43362880861093,180.00342905661273,179.04512360053005,171.00575886975037,83.98634546406663,92.73706477471296,Tadasana,frame_0000.jpg
134.49643081868763,125.75467857863573,176.13080660579956,176.26708595692844,176.35350152474467,175.80848385863277,81.52480083625821,96.12089206465787,Tadasana,frame_0001.jpg
153.41806220861312,157.3728200122013,176.6227462123102,175.72651173416523,175.58791594331865,175.26478989198537,87.65651305065923,90.81334444462267,Tadasana,frame_0002.jpg
154.62507674109483,156.62791491013502,172.02023091184446,177.57394360790104,174.57920985086875,175.75527339421217,89.61021378815092,91.35600688077035,Tadasana,frame_0003.jpg
156.4055261372767,158.0158374144269,177.24847797127103,177.4815681249826,180.02688457680694,174.2373310514522,89.05967251895235,93.14437160227845,Tadasana,frame_0004.jpg
149.07339009818898,163.95179815670957,179.404605303546,175.80420226197054,175.44363941483547,167.8290253483204,86.47013009405777,95.74679147669028,Tadasana,frame_0005.jpg
148.03201086953737,161.8459826275218,176.18067731335267,172.19586751968353,177.8766611893282,170.4342322722287,87.6086916105822,92.30221475717427,Tadasana,frame_0006.jpg
148.19249000215703,164.16935795278678,174.26836637156146,176.2609146756864,177.67357020787398,173.65247819947948,91.7701817525733,91.24864747636943,Tadasana,frame_0007.jpg
147.03051007497717,152.15382510511992,176.5361070072721,174.46316879736307,179.8097342108648,169.33865196836732,85.08475126902874,94.58208946205012,Tadasana,frame_0008.jpg
146.5879916933403,159.0935016619078,178.6167457602067,172.84967971467685,180.56550474382072,168.26910968062748,84.25067184243798,96.03852734179922,Tadasana,frame_0009.jpg
152.33478887092895,148.65115200109187,175.06873339161896,178.83378130772658,178.7467896111545,168.1760797713272,86.33843970398017,98.40900510774998,Tadasana,frame_0010.jpg
151.84523596638027,152.15031175153683,175.52918775034257,179.4510566723838,177.5880366499709,175.51268636821237,83.29019519645959,95.45485156706751,Tadasana,frame_0011.jpg
149.52530353587434,151.11685041032902,181.12625122527425,179.70512311367486,179.21033138200494,173.72193453390597,86.12216782875649,97.30034094550652,Tadasana,frame_0012.jpg
146.07472692259861,154.66824625410055,180.75579874588803,176.15641486877556,181.88153842208322,168.8322707775414,86.11572593765868,94.0152888738274,Tadasana,frame_0013.jpg
151.59637769819426,154.94003976109843,179.01202087214443,176.9043192677999,177.57692287866328,172.83608118034442,84.9890743624066,93.2589781149174,Tadasana,frame_0014.jpg
60.67907534157489,43.731906473674016,97.49477316347087,154.14862468494684,143.88069275776456,177.6725772421106,84.8413569240495,89.188545033058,Vrikshasana,frame_0000.jpg
65.42211874457486,50.10446185854974,122.782714463556,156.29212225987084,156.62547471822836,181.37925817309585,81.66179982078039,95.90497576823857,Vrikshasana,frame_0001.jpg
60.569221169195174,44.54761056249521,103.19908157491787,158.64849930408087,154.38144178401208,177.7533276730889,82.42181449119113,92.00121743512535,Vrikshasana,frame_0002.jpg
64.65967380648142,39.82330634482946,99.49127576336954,148.3090866082027,147.78285263708273,175.36287745395046,88.8666693548901,93.22973871788798,Vrikshasana,frame_0003.jpg
64.28772328454968,38.52231945475009,104.35305842224615,155.5157770932506,150.72516201874376,180.11944488657423,83.92112554571145,93.29688713276173,Vrikshasana,frame_0004.jpg
58.45829947361881,40.84149709241254,94.63964911288389,151.58558383784387,142.01524004409944,178.50981072219062,79.63665758168922,94.44855970913927,Vrikshasana,frame_0005.jpg
67.08109967878258,56.30895905130276,149.8593325706637,166.30506775400056,167.890850092715,174.10909916890344,78.09612436715058,98.86118425730248,Vrikshasana,frame_0006.jpg
51.48511300455445,59.17799083661961,175.04698123038764,181.68181176995702,166.8445896239989,174.19845303088653,83.71862394765378,95.04333201171812,Vrikshasana,frame_0007.jpg
46.7626853056656,55.7917167487065,179.45611386845914,177.23916222058557,168.3356403247412,181.3460870543061,81.49715625829135,96.13455556464451,Vrikshasana,frame_0008.jpg
44.53704968723986,59.46969253181444,178.4101942769953,177.72201685813903,176.89227870221686,174.0248098110768,84.00263232216719,96.56148736460942,Vrikshasana,frame_0009.jpg
32.822692147916726,54.532950414367264,175.18507790408447,164.61887197019385,171.46141866771683,179.6389240041733,85.82929803934073,97.70594554512031,Vrikshasana,frame_0010.jpg
53.19849706241286,62.625791242166514,175.64740359912156,164.99646131231006,182.03496284797086,174.4997027431402,86.28078663494509,97.87069225270837,Vrikshasana,frame_0011.jpg
57.57776994061715,68.03084236956863,165.1857038044935,140.93722247184346,169.11528794026023,153.4181419419137,85.87139321634908,103.45945593957319,Vrikshasana,frame_0012.jpg
58.833629848655995,65.6497510351668,153.1034089448223,113.67446033402187,169.03031795025228,137.13667544494743,79.08633188524806,105.39163224629124,Vrikshasana,frame_0013.jpg
61.37379409404452,68.84988435166343,166.36488585005424,140.81206124030024,171.89551425374697,158.53750634106785,78.16510469873323,103.964201955508,Vrikshasana,frame_0014.jpg
57.59146601185619,124.04072781598857,22.810739242389577,29.421905080803235,26.08670029234535,17.62739250243341,84.39000104008271,98.1419578061431,Padmasana,frame_0000.jpg
113.46522856824366,81.6712850734105,23.76308012382533,1.726348904581233,52.32774790784663,27.86481057645735,78.71604090414877,100.50608779046836,Padmasana,frame_0001.jpg
127.17419487423116,90.25747481749899,8.597379294607045,4.105184432656174,13.608931907581194,6.301554912968633,82.75013937835996,97.61744385444547,Padmasana,frame_0002.jpg
122.94832924109875,88.58824268853361,43.17260723907067,41.91179829866332,112.00639889362388,114.51082441185014,93.90594143989925,89.9023284712016,Padmasana,frame_0003.jpg
136.23118761309445,102.38178996721972,89.28837834801644,74.78693973297993,161.31010776105043,155.11464750833434,77.6072660564476,103.3212688366702,Padmasana,frame_0004.jpg
144.89326941709578,149.76119897366175,56.83305082045582,56.929887935923375,141.78605917756778,132.28400289815625,71.01211108889265,105.0727918486959,Padmasana,frame_0005.jpg
131.30177257815353,163.54380191662793,65.3018096730583,56.569633105005096,149.95331006444357,121.27330126812569,71.54519493622755,106.46219337039831,Padmasana,frame_0006.jpg
161.79357481034137,143.24797820576393,150.641765935149,89.00155204802067,149.45147672686474,148.8385186843126,81.05852225351848,102.4482490312821,Padmasana,frame_0007.jpg
152.27844828106183,169.6008966453312,127.54820019420497,98.6249015794464,168.28666575651323,153.94421991474513,78.32906785925437,102.36144843170149,Padmasana,frame_0008.jpg
135.94932079741457,177.12299531524093,111.40769345293855,127.10605142284696,167.02884389677692,160.47155748575145,85.34005533356334,97.59522064313127,Padmasana,frame_0009.jpg
144.90547494112903,176.91544837217094,93.91574630180457,50.468743511246004,178.73150074260056,137.4024534242267,75.51860543979431,103.5616317553327,Padmasana,frame_0010.jpg
145.23453304665424,169.7832998682472,60.95560965006409,53.95734160987878,129.96790152713064,121.03294990612643,69.73204369153417,107.61066463889536,Padmasana,frame_0011.jpg
125.39655468876532,175.6252030833671,105.11133944053995,85.03773890357077,158.5554176592734,134.85765048281198,68.03457361223573,110.49858158823417,Padmasana,frame_0012.jpg
97.14471115344536,117.44765263192136,118.32599700300482,76.93379025611188,165.93627543028697,145.0277236006822,73.72619679697068,108.72155051829556,Padmasana,frame_0013.jpg
109.31683808320166,134.32477073006075,78.30829016156619,104.42061782711232,177.20880341123137,170.65285072474148,75.95254692268372,99.45105835397798,Padmasana,frame_0014.jpg
150.4593799513026,155.58313266346968,171.82761286873776,172.18954323363897,169.62240797437545,173.6574984333954,85.9673861173303,94.7023150716252,Tadasana,frame_0000.jpg
149.05730366714715,153.38834696645648,180.50769415515404,172.84025403128572,171.11999314771413,168.14699368011804,84.96687724400604,95.32164478233904,Tadasana,frame_0001.jpg
147.47729525582875,152.59412546760248,181.82833750295126,170.27592808186625,171.5444018302067,173.12859931185557,84.50736928117443,94.82998465220288,Tadasana,frame_0002.jpg
152.1896863791114,154.75602093456496,177.51638966600973,173.65807508422532,176.532728361371,174.1553301457139,88.33504629134131,92.1007092229972,Tadasana,frame_0003.jpg
150.72298212041898,154.56880152326957,175.98749865751148,174.59140196335628,171.6059581807977,170.16403977682597,89.51059632931928,93.35148207790581,Tadasana,frame_0004.jpg
144.239637293852,143.35279491704452,178.25929379523615,177.75517780868282,173.50168296491702,175.55911484209048,86.87950299483614,92.56767593605504,Tadasana,frame_0005.jpg
114.43102112116688,115.79559587113441,175.8407637339599,177.16154514450412,174.73749096684185,172.03414262894682,87.94996700080964,95.90852191715108,Tadasana,frame_0006.jpg
52.917640339239405,17.87788657846968,174.63417608422935,181.31809130859835,171.2487837165106,175.93713923356438,87.94096169093551,95.74868631002718,Tadasana,frame_0007.jpg
102.78330923692774,100.18232943381933,178.22772957260239,183.96420444039504,176.94482252059248,177.77625918356577,84.0318672917434,91.98199791117003,Tadasana,frame_0008.jpg
149.59088422246742,127.49563532421803,178.96483838616325,178.74326135678675,175.77918915222173,176.97967270061145,85.71499442914829,89.90534954041637,Tadasana,frame_0009.jpg
146.1495175404019,141.267527040104,179.93403995876892,175.84237741808298,180.5471932573141,177.45452430683733,84.23286643219316,94.08457723635608,Tadasana,frame_0010.jpg
141.947331774867,61.435176207011864,176.79006582375433,176.51273519563136,179.95535503684954,173.12409640463363,97.80185808343455,88.97460129022603,Tadasana,frame_0011.jpg
2.956688960167206,150.54612171266862,179.89090204503543,178.93190038918914,174.98109360162488,172.31795574797746,94.97411467474001,93.89317837342259,Tadasana,frame_0012.jpg
138.06312962175062,146.32957877937395,174.04083240680333,177.3436177550127,176.79442522839574,173.78425098103395,105.10369340099841,89.28719454260911,Tadasana,frame_0013.jpg
155.0977226983634,144.226864846085,175.86730995210303,171.88900886864954,177.62089221513722,172.91382266447795,92.20290667804193,88.60162519119018,Tadasana,frame_0014.jpg
166.94625918348532,157.43383734277114,172.21513676361621,159.74311731687015,181.225956414217,175.69598890775714,90.85848554472099,97.11368029375217,Vrikshasana,frame_0000.jpg
162.0784541774537,158.4256443935298,168.9837743442538,159.34600368592788,183.33830097661462,174.90089519743125,89.77024939568913,96.9943239802797,Vrikshasana,frame_0001.jpg
168.9259791606105,149.82241754055997,171.56549912032153,165.68291527542738,174.34501066414344,171.85962303515703,87.83145621090188,88.98686371642059,Vrikshasana,frame_0002.jpg
171.23190708447092,152.83225598635408,170.58401687118706,161.27215382586903,172.33281969511896,167.1230039999893,88.69296175088516,95.54781746959937,Vrikshasana,frame_0003.jpg
170.25473461216745,152.52545490582483,166.73789283067475,157.91606453328174,175.08422901731558,165.3691004049161,87.06310195926822,96.73985394903241,Vrikshasana,frame_0004.jpg
159.91712909769728,157.0591905774272,168.20150701203235,160.2786484508736,174.48989339473354,169.5504276114501,80.26720238352051,98.64085816546718,Vrikshasana,frame_0005.jpg
171.29830974902194,147.15628382041265,173.6877440183309,162.21646150612526,174.16830774326104,172.5960482944915,83.10525686923911,95.37982191376159,Vrikshasana,frame_0006.jpg
169.95862410659382,149.8246106295641,165.5182094811162,166.43624855910792,171.74043419900528,167.33730996134344,88.2895197068533,98.37185643452986,Vrikshasana,frame_0007.jpg
166.5212514879147,147.42345938346955,170.80348868655625,162.50089981237196,176.39163931905054,166.40004349053518,81.84555380185287,101.44647124212467,Vrikshasana,frame_0008.jpg
160.31981087378588,142.7557404189665,164.87631204670083,158.97689954643675,173.45987375066892,163.06679758802076,84.72014404596193,100.47170045654156,Vrikshasana,frame_0009.jpg
163.0472810456139,143.90572862045892,171.86564896457782,166.49128046497313,174.44318689665175,169.47900038844915,78.19144388290634,99.6854391610749,Vrikshasana,frame_0010.jpg
165.27281784096178,146.88091598392938,170.6083394676435,166.87556671888916,174.82418867827434,169.2331446075725,80.51655726210976,101.12966139750938,Vrikshasana,frame_0011.jpg
167.42033560015534,143.3668976693306,176.1214238216377,172.7705262601766,173.986107405896,174.68935123837116,79.52313493687043,98.9871048378284,Vrikshasana,frame_0012.jpg
168.44390359524627,144.64513034021027,172.88796834623233,169.45105251303144,175.5990693867095,167.60019564643082,85.26174180795623,97.74461377957367,Vrikshasana,frame_0013.jpg
169.03290259152746,142.97294153052394,171.47070013957247,165.0093830183693,175.66648031810556,166.04632233885002,80.24739628044266,100.51875038411366,Vrikshasana,frame_0014.jpg
164.85766356175498,171.52452962501715,166.8930906619489,170.55670618527978,170.5837858134947,163.66203380306808,136.08715749722205,62.1728049701247,Bhujangasana,frame_0000.jpg
161.74862008492562,169.412449800435,169.30166873085017,172.93809284423102,168.4370254310062,163.90320628527377,140.2525895769975,61.023521561620825,Bhujangasana,frame_0001.jpg
150.47135291284204,177.13340282183503,164.7855040322334,169.76074512099717,171.66449336421343,166.68351562882495,140.32498294093506,55.75744853133816,Bhujangasana,frame_0002.jpg
178.12644884968685,175.31463649785277,166.6497190631833,170.92563105697906,166.22738613651526,163.4225774558544,154.78828595246887,57.77204368497111,Bhujangasana,frame_0003.jpg
143.6485986849369,177.08631940541395,163.54767957556936,167.6093716006124,169.51455789920553,164.69721562707477,150.9065873861447,59.460796454415814,Bhujangasana,frame_0004.jpg
149.19462265147573,96.80404848524739,161.17028158589395,168.1167860951189,167.54870948720372,166.29571706965623,109.08450668603653,71.33481871790681,Bhujangasana,frame_0005.jpg
105.34316678424933,34.193309589415925,165.4467147648826,166.65898786451703,177.66909085255512,173.9235568732288,97.87053049918515,77.21797684093659,Bhujangasana,frame_0006.jpg
134.73581231915912,89.63235985047142,174.53442167597333,171.6010358605043,179.45716990024317,174.54977916007505,110.20301933657571,73.09854581564136,Bhujangasana,frame_0007.jpg
127.90477541779036,122.87514370265532,170.74955355202985,164.0737759944715,170.78856931820624,182.6815422483691,24.574551343254182,126.81374525633008,Bhujangasana,frame_0008.jpg
152.14788246671117,146.40947095805723,167.08839016117992,157.91917263913612,160.14122778507027,175.44501201795427,15.984614192355675,131.39840427717465,Bhujangasana,frame_0009.jpg
176.84470646758675,163.10034838905656,159.739430607451,150.2940964932123,134.59967597826872,152.73853618518825,53.680924700501215,168.056429017857,Bhujangasana,frame_0010.jpg
180.16342656961166,170.85889466399237,156.57722515661789,144.92978683410323,130.23025202997738,152.79956075574432,64.05179539604043,163.31919517117737,Bhujangasana,frame_0011.jpg
174.2195885343284,177.60997386404532,166.42306455236687,154.68178168562662,130.66113040816492,151.90661082657678,64.0382794901408,173.50978028542855,Bhujangasana,frame_0012.jpg
176.8902663592132,176.2649205472314,164.2975730552437,156.7354029585207,131.06281602447677,144.26882551516084,69.0466321838912,176.73363440900312,Bhujangasana,frame_0013.jpg
177.0775646030439,172.43144750693537,166.8353859507388,151.6633915583388,134.26597259772672,148.61169844416088,72.51655063451649,173.24483926145314,Bhujangasana,frame_0014.jpg
151.36811956990024,153.96743058490358,173.02434182837266,136.85382948113545,167.32932283945496,131.94432338832064,80.41295994261766,102.79884951857734,Padmasana,frame_0000.jpg
158.3916050717763,154.54982053640552,177.32467370555705,152.03835585790816,175.3932198282436,154.83826882299033,80.53311732594533,96.42344146900214,Padmasana,frame_0001.jpg
159.50506345892134,161.218799218926,167.79453155375418,167.26919186550785,165.7255715628452,163.3602613331738,86.1089997666397,93.27637163737698,Padmasana,frame_0002.jpg
164.34963690692996,150.84241366401702,114.31098048270293,129.52854960472308,169.0380472084627,178.65003715588253,82.22275126346216,100.3030790273141,Padmasana,frame_0003.jpg
172.1301735719669,161.00524224495064,167.71099010623442,170.59694621235283,181.3212668456795,157.38695707711474,82.94794137038363,100.47648138512417,Padmasana,frame_0004.jpg
159.917433931103,157.00897465676348,171.3358730092978,108.02060510426053,167.55298789163027,90.63883875822502,78.34397432825689,99.61730483913742,Padmasana,frame_0005.jpg
151.63927603735175,166.48171132944165,45.35876002755557,87.0956446690276,38.17980850012723,68.79144120812134,77.16613580815257,94.73141422722402,Padmasana,frame_0006.jpg
158.41696148209448,76.95314402863231,10.564470318690429,1.7477321116336153,9.870957036316899,15.588273201993427,71.81252783294501,100.94145019613686,Padmasana,frame_0007.jpg
145.62775929052637,113.68194400316582,21.1577408994707,16.34898528442007,22.201630967570974,15.781217257521227,81.65473538992791,95.16726302632891,Padmasana,frame_0008.jpg
175.33972625081188,154.87621053765548,118.56738863867771,153.60454849798128,136.93521199470555,160.2675656100478,79.37223734876932,91.06245385600381,Padmasana,frame_0009.jpg
173.78772698490604,176.79965712934268,143.3370299936632,177.0210145763959,129.54155749859643,150.31228309351565,82.60116608194312,97.41813150659355,Padmasana,frame_0010.jpg
176.88414764092255,176.3076385541804,150.2677738074086,140.28445805180348,131.1613612998834,163.08409761004958,81.11582585025769,98.18651639908451,Padmasana,frame_0011.jpg
173.4840034104124,170.4854835588352,133.97030673821536,125.97059744458862,134.05247009576803,160.47573204401118,83.08494954793724,97.24414939017325,Padmasana,frame_0012.jpg
175.41913567976974,168.19492040557353,116.34560890432604,117.88016471380043,120.98032648451058,145.64745864676198,75.92627301557378,99.28058465426797,Padmasana,frame_0013.jpg
179.6300149480337,161.99536982032035,100.65240060741165,114.22247652884498,107.12331382084295,123.39918453485107,82.96148575523452,95.27707411515296,Padmasana,frame_0014.jpg
126.15434931258211,142.6439324985436,160.76630804328985,166.91600254342512,98.63842265361927,99.81492926113671,81.29707359941318,112.27371577294466,Shavasana,frame_0000.jpg
130.1058350271265,143.59439248701742,159.84227275802644,160.97946470287349,98.52285124886501,96.37522468317074,79.96833467645834,110.39188083044355,Shavasana,frame_0001.jpg
114.75041302919345,143.07786619152355,154.0311668674972,159.6849920852493,92.07403829245204,97.58694971599117,66.44293195762502,126.55280864079073,Shavasana,frame_0002.jpg
123.3143065204776,175.0740027871545,147.63873942480316,150.06582838486403,98.04226894741505,105.48682400491137,42.16527957164457,141.75290836068757,Shavasana,frame_0003.jpg
126.45667640745951,177.7563938323358,127.71365936533775,129.87659822098348,96.53045869361736,105.70963573319578,110.14815847257306,98.72519526606547,Shavasana,frame_0004.jpg
110.04955241522121,154.21994168731928,124.82999370050693,127.99854301621018,120.60928781974492,138.51192538765685,100.80949620622428,108.80375096565126,Shavasana,frame_0005.jpg
122.21683188500894,176.90292511701358,178.72474636948485,179.69323491533171,169.06133252155576,180.86531259774196,112.18563271258216,78.38639853565961,Shavasana,frame_0006.jpg
128.19045709167995,156.98778959874528,175.24788477257215,173.48599982278927,177.3650582652409,177.150299400539,108.54860052439886,75.37429536850205,Shavasana,frame_0007.jpg
167.52045932320104,145.69893072097219,172.80022982112848,179.62905820249293,175.76877131239115,172.93287461864927,99.50087482688899,80.23032565067894,Shavasana,frame_0008.jpg
161.91829194254692,145.87474579681412,170.6929892880414,178.44182839538163,174.01266342818008,171.04815411363515,97.79442239987286,76.1982917317218,Shavasana,frame_0009.jpg
161.25745147354607,163.27632099564454,163.484446730168,168.92561663655445,179.18905510623657,179.12154984779158,112.60458881154634,68.45853629480276,Shavasana,frame_0010.jpg
158.94803074766244,155.8266431788534,163.61915422209904,163.13895710449833,176.96563450798988,179.41795382792353,116.07790529627279,70.43500556388584,Shavasana,frame_0011.jpg
157.29491306918615,168.00195123811818,163.61015889724575,169.6988324049696,177.81063493732125,180.45355580465102,116.29951972644244,68.80287437722026,Shavasana,frame_0012.jpg
154.76505058100275,163.361979833529,166.3948767349505,170.91046192989452,178.1702196512617,179.96071655687817,119.61948421302347,71.4426337086794,Shavasana,frame_0013.jpg
154.32477331911514,163.5405972857484,161.349859308283,160.18675559410926,177.9414147385906,177.69907189761483,115.63589213215755,68.73691367849668,Shavasana,frame_0014.jpg
176.52101728148148,157.26138885315436,165.24099090108854,176.66122626452295,177.33671894927187,170.29782180919668,80.58221226400195,93.1154891747286,Tadasana,frame_0000.jpg
167.81480555762477,141.20411907262147,172.42150538013672,180.63100626374592,165.15007561382254,161.92554184753754,82.734436909107,95.12883635614152,Tadasana,frame_0001.jpg
171.140581664175,155.83751232849832,178.73783484036113,180.17559859602136,174.06323674199808,171.75355495542937,86.73413225264584,95.28257855259675,Tadasana,frame_0002.jpg
165.09937788763838,158.98154889114295,180.30457485555752,176.92775777437856,177.75704375185856,167.9499822211731,85.92787079609433,93.3607205361681,Tadasana,frame_0003.jpg
167.8868262662017,114.88989314018855,180.84588518498393,175.54058744947093,180.6124084887043,172.72976962985024,80.18339971018078,99.33110414130505,Tadasana,frame_0004.jpg
8.75137530330158,6.044871625227991,178.30358635714478,173.73397906021953,178.0404248315167,177.72527138889927,75.74633801579128,102.01919950186075,Tadasana,frame_0005.jpg
154.12105871599434,129.67395249881184,178.4793847278375,179.27486362542447,177.15625579935858,173.61026940003188,82.96298206978294,99.09824720237985,Tadasana,frame_0006.jpg
119.02987848622047,103.20924998798996,182.11070585707373,172.69844768450662,177.03450057951625,170.10069705578132,79.061371879035,97.98818118035884,Tadasana,frame_0007.jpg
40.1111144453195,32.84784698680675,178.56192638108473,174.67675765241688,177.94879351408156,170.01806427378418,78.98785531911045,98.87860762853691,Tadasana,frame_0008.jpg
92.46733647516592,100.17357766563448,175.78083865002978,173.55312380849534,184.6883386628709,174.4113259723518,82.67189429790929,97.76078796164724,Tadasana,frame_0009.jpg
143.9140706789382,147.01087432350644,181.15957885080084,173.14537027401542,177.55181017769823,171.19104263422176,89.06710966464664,92.66183429024284,Tadasana,frame_0010.jpg
158.00841035098563,154.2521764276211,178.33014841111168,172.47222132047585,176.31728368801845,173.43672918375117,87.46602565638442,94.8992977823007,Tadasana,frame_0011.jpg
155.51197517760465,141.80682350491176,177.46435672710874,174.59838286776437,175.54409985473387,174.36266196680154,93.75281815005913,89.38952595222919,Tadasana,frame_0012.jpg
160.09042776177685,152.21609545476957,174.66361569659176,171.506873689426,175.47074263191413,173.48800742036008,88.07437787568648,88.38452526613591,Tadasana,frame_0013.jpg
162.91736188019232,150.78749726330173,177.5002034119467,171.10261056279222,176.1218119541462,172.76204804575025,88.81934693959616,96.25905852360609,Tadasana,frame_0014.jpg
172.56717751848944,179.5357326843627,180.175422799493,181.15551437027088,169.57642182617369,147.39471013914385,91.30272765728311,96.10765880586122,Trikonasana,frame_0000.jpg
170.08422764047995,169.21196487882688,176.69801380986007,173.87926383496668,175.83567566633354,131.06958016009978,93.99493146627968,100.52771526695061,Trikonasana,frame_0001.jpg
177.1087216676871,180.15289141698497,179.59660459182683,176.02277767514457,165.05916901429353,103.64604010433348,93.44540056519787,110.18023137847675,Trikonasana,frame_0002.jpg
172.69326533747338,170.40411312813941,178.0404058304724,161.9224783010929,146.06067362409857,72.57318805531112,86.71171404373833,119.91206589106882,Trikonasana,frame_0003.jpg
164.53383970448226,164.24203541071546,173.7026964433336,153.77390357834946,144.33711059862623,68.19186215918334,84.37366167475848,125.60392479597363,Trikonasana,frame_0004.jpg
162.5796393818543,162.31507587443338,173.27349171716844,151.27296922672926,144.99394342088178,68.41991493632035,87.6813366180315,122.97892098347452,Trikonasana,frame_0005.jpg
157.62438315792932,163.30146831751668,167.73857122901296,154.83034347614247,142.0435623236527,75.38156094084066,82.82032401069964,127.47533152785127,Trikonasana,frame_0006.jpg
157.79285867920368,157.9565063676484,165.32492266633415,157.53593542636844,135.42276355080875,68.8782740085685,84.89484818610532,126.91624129409595,Trikonasana,frame_0007.jpg
160.10297256791407,150.6392805558674,167.32475083008245,165.75952849431448,137.64983198717852,79.25643854677554,79.95344277268751,137.2509565830377,Trikonasana,frame_0008.jpg
161.833201204668,168.36381180550063,165.97350950318324,163.0843050014517,143.45524860521462,76.55935927322084,87.28450785046229,131.08565649604932,Trikonasana,frame_0009.jpg
167.50070337716497,165.82739374294053,168.13461273657728,165.7337437196699,139.7889888727612,91.54570731978953,57.58051562944466,139.70050349879958,Trikonasana,frame_0010.jpg
165.2393472604097,167.77255484471738,161.9068779698017,165.61647326345104,139.96751655249463,81.45122258407712,80.78339143851946,128.37353221532908,Trikonasana,frame_0011.jpg
165.57032650986844,169.06940842454426,157.16178072708445,166.38089163170386,135.4969601726801,94.80620247434149,1.7526231337043248,151.90392070789275,Trikonasana,frame_0012.jpg
158.90506494443258,162.32261897008908,171.15267517856276,159.2834075427734,144.88695292623095,71.78819069548638,85.73674551182499,125.02472396884352,Trikonasana,frame_0013.jpg
159.64605874673427,166.1256046622402,165.48265926983592,160.4528144381092,138.8971456390545,63.28156416223576,85.80004969979315,126.7529026925708,Trikonasana,frame_0014.jpg
156.5562446454069,142.46451067695213,171.96853535621148,154.1700878606541,173.6809661015623,161.06196047466037,86.67516107797758,97.64739280019988,Vrikshasana,frame_0000.jpg
154.02195140378663,142.08881845974187,178.2968070379766,159.84662830986662,157.85234380885402,171.93299536204825,92.17605823509913,96.38954084261184,Vrikshasana,frame_0001.jpg
159.28472917230218,178.11380035572267,163.27325524685455,130.2038504790342,174.20184952232404,155.5868821414925,90.58335626375985,95.62195713705394,Vrikshasana,frame_0002.jpg
149.45790205422782,161.3198357972202,168.86424891209035,176.64435686948394,163.3316762700599,166.94525530648454,89.90030167412934,92.66950526718297,Vrikshasana,frame_0003.jpg
175.30248266916126,163.3735822758747,171.70054694958395,172.82621383649908,163.08155062250748,167.01080553604402,97.56703287546898,90.43708380242153,Vrikshasana,frame_0004.jpg
179.7815727188405,159.6266798656341,166.769356567998,172.63640043729603,155.5261947207459,153.96888968766825,93.03008463743058,88.34001973833728,Vrikshasana,frame_0005.jpg
174.6272592545957,155.52212216878164,179.2351878482111,143.1199880568525,157.52511804505443,176.4996940996529,94.40684187572444,90.28453037058797,Vrikshasana,frame_0006.jpg
172.27777750940703,122.55734271759685,175.77488639430388,153.37800209600232,161.71046292632764,173.69884965977224,92.44735369330928,97.63334079313788,Vrikshasana,frame_0007.jpg
153.5394541955606,107.36793165498095,171.91716300135812,107.00485869623812,172.93582038382812,149.48373639519156,94.17941228759543,97.42674721967447,Vrikshasana,frame_0008.jpg
75.02031814192507,82.63113453357748,166.45941577678957,125.42065320239078,170.79661057687713,163.94735305088017,92.52713861419794,95.48430698860903,Vrikshasana,frame_0009.jpg
54.983402508892546,72.95122178339291,155.48214894722364,100.76968659071092,180.13228309036393,137.30024840602456,86.48302816737812,98.41192284803141,Vrikshasana,frame_0010.jpg
61.32094696032414,74.43014920468454,157.34639655091112,92.83184672127611,176.17947886034278,134.67919114189223,86.3162140671369,101.26205150298573,Vrikshasana,frame_0011.jpg
58.046166458501816,71.62112999077185,163.90045981544253,96.53617367240659,178.96243682818945,136.5141625433908,92.55911647464274,98.66706994818767,Vrikshasana,frame_0012.jpg
59.50013443486083,76.61601379488879,158.9509195256837,95.27963953321444,176.78752247092473,141.5851499727175,86.82452488030118,104.41727869010573,Vrikshasana,frame_0013.jpg
60.2606915146306,82.69526154492826,160.86866387521962,105.88074897752573,173.3471425762153,144.5231766002771,90.40717788898039,98.35079461361842,Vrikshasana,frame_0014.jpg
159.46575467850798,133.0917499531573,91.18533569272354,96.65618524628627,127.1252099623321,125.27855178913578,22.195080943026255,168.14042685158574,Bhujangasana,frame_0000.jpg
164.71356217514065,146.30477381642405,100.76413022925092,103.66249915686282,139.94340427885837,136.06095069732558,57.47124812243976,86.13445329084615,Bhujangasana,frame_0001.jpg
142.78028309656455,135.83213153133644,153.96047626835536,152.64547736758084,175.37449246521544,173.65101834864407,8.162247467610174,137.65011454080872,Bhujangasana,frame_0002.jpg
127.90306771368365,132.76165543833753,166.97760956764083,169.7654007452822,161.62108342604853,171.43178224160002,47.34671135727525,116.29645681074261,Bhujangasana,frame_0003.jpg
116.88010984502583,119.81436607817147,173.9954267295169,171.24368922952092,161.06857817140778,169.38170584869988,91.64305597252105,94.47994403571,Bhujangasana,frame_0004.jpg
92.56243210018029,63.68948362139089,171.23918547861123,167.20611535797136,160.13260492983866,176.7741216312344,137.81898465002575,77.92949925503179,Bhujangasana,frame_0005.jpg
69.0975102941926,48.02813403651387,171.61700272091898,166.9354006267559,170.08094700461348,177.40318743793284,158.10358829942743,75.55476871555099,Bhujangasana,frame_0006.jpg
69.9372936925686,72.52137010369748,167.05295008029296,164.08241812016232,171.00011532874458,178.37577032261294,142.56239659838047,62.68086875797696,Bhujangasana,frame_0007.jpg
113.86769293180372,92.8726912771054,155.28864466394893,153.31046576021177,175.1909867746269,166.7321947241842,156.96219331067945,44.039811217971085,Bhujangasana,frame_0008.jpg
97.69258780753789,92.29342092329236,160.35317383498324,159.80164537046198,178.1036683141261,172.0880207070511,133.79927372432473,69.42883947396068,Bhujangasana,frame_0009.jpg
96.4571127175107,140.81305912326513,157.1664450479741,154.88036558885076,172.96440339799074,163.62745653023669,102.31039885140217,80.33996185945816,Bhujangasana,frame_0010.jpg
112.94841438258368,159.60571019784527,170.98696620421308,170.84148392867675,157.52748942272913,147.49152203691503,98.74539812979961,80.86007594105284,Bhujangasana,frame_0011.jpg
105.23424576436265,169.99264341614847,152.35485487761744,150.19696193220776,171.24338532619728,164.74921807297815,102.72796478443304,80.24497998267698,Bhujangasana,frame_0012.jpg
112.36194404184783,177.47835432398364,145.72203775541522,138.6998479081129,177.77531340439407,174.46607886640146,113.64371792594729,75.46590139034807,Bhujangasana,frame_0013.jpg
113.26585376258222,167.07823602212235,145.12353767230078,139.65504244434314,179.24009146807697,174.13763817555076,113.07408547578486,71.18737097564896,Bhujangasana,frame_0014.jpg
152.58619766234233,155.236130239911,91.05796946582623,161.51289986655527,115.64496429937618,136.0088794973054,88.23400308270315,82.4144513480268,Padmasana,frame_0000.jpg
146.1196778592515,152.71218677600424,103.29528459237712,136.17218185773797,87.36824043916162,137.66139449487122,83.82792484377156,91.03132016209115,Padmasana,frame_0001.jpg
140.89510745570033,145.83922601574267,136.41073568643642,166.0652062568508,133.8070624041121,166.26687114849116,83.09289529798934,90.14325145123408,Padmasana,frame_0002.jpg
132.80969210739096,111.34265009138569,103.10234277281187,166.88430064735482,124.6090962168091,181.50504922654824,82.11230330048076,90.61180600209869,Padmasana,frame_0003.jpg
151.6625448531053,105.6209363021602,95.84207289764124,175.76195979949497,115.80743663241107,149.1742586006956,82.84890607925341,93.64329561263773,Padmasana,frame_0004.jpg
138.57949566286365,116.84314142822095,111.90866162903532,176.67030001301828,122.634468667092,162.00719290183574,81.80611247421979,97.54134650470975,Padmasana,frame_0005.jpg
137.7699246488558,121.01192763791488,135.89263903119758,159.63570718661327,139.5898158837803,150.33890256695153,80.982884375085,93.36527748479845,Padmasana,frame_0006.jpg
180.34034472758412,168.5526211287001,119.73423063837895,129.53632983046953,121.07441795849307,147.86879476310028,84.04585516286159,97.5634835883899,Padmasana,frame_0007.jpg
178.66290652106187,171.941789647387,138.72337626830782,166.0804658954431,132.77706919725813,145.90720560091995,86.2234718819198,92.85437456607565,Padmasana,frame_0008.jpg
182.56803121124105,167.53376142278927,131.70299206646513,133.6540143543692,124.81448015097104,175.1002130269785,85.29460210514691,90.97418074817935,Padmasana,frame_0009.jpg
170.09523919116728,115.41107768785105,151.97188715547153,126.21865082062442,176.89291802395985,131.31788837582758,81.10884436612763,95.26963199052943,Padmasana,frame_0010.jpg
168.0898997356891,107.97077975365399,166.12171839950412,155.42485702407149,168.45333464422433,129.6146525554276,81.39068459300529,97.52814207442535,Padmasana,frame_0011.jpg
173.10466235145074,116.52393813074245,6.413125162781426,19.734376268274882,173.0171092352568,142.28802953628187,81.4634906105297,98.43672693791365,Padmasana,frame_0012.jpg
164.74511379080477,113.55612942795139,60.98895363928644,30.388723901226058,178.9115702144267,136.81120767228057,78.44234058014575,100.2435719045662,Padmasana,frame_0013.jpg
157.82655941648264,113.15199251902098,90.896493817506,37.16442318494804,171.1478221766549,142.00901580708683,79.03088705967112,97.35362375633134,Padmasana,frame_0014.jpg
132.9218225244895,99.70320842336024,101.89188542393605,117.14736413658174,125.66894439018249,140.5277711021478,80.763656889457,102.56304354351522,Shavasana,frame_0000.jpg
153.9088083467164,122.78460609872124,103.34721638890596,117.72107258620146,140.51576130916862,141.34514921798552,75.24058722886055,106.80741513546222,Shavasana,frame_0001.jpg
147.68154491385704,132.3399773933012,179.94516162760155,181.95072428044077,178.68081624126836,173.9774568976004,122.9442290044624,72.11212234930225,Shavasana,frame_0002.jpg
163.82286659595448,115.70738194566766,172.99603472385232,177.9670071314688,151.39994605303784,157.17737877076587,54.49487791244517,127.49008386724122,Shavasana,frame_0003.jpg
172.20530659098404,134.08505068735295,161.41728099711474,166.565051733229,172.7645398596917,170.72409390709072,39.828138096432525,138.2921400127237,Shavasana,frame_0004.jpg
180.2972273380401,114.78766897850494,58.32471300813011,101.51414566819625,39.88795172506867,85.8116369560198,36.21312780995762,145.16719054855696,Shavasana,frame_0005.jpg
159.42722681950374,130.62497999186425,123.33123120108542,156.781044355149,113.3967734919397,142.68720186828216,38.28027415254522,136.99727823917786,Shavasana,frame_0006.jpg
167.55486882787383,132.67024387317366,152.50667260052344,155.34715039327557,147.6474662129229,150.47549875713722,31.756409598824675,145.3253379945065,Shavasana,frame_0007.jpg
174.67333981520594,119.13067711238823,120.774165868347,141.64208679822528,108.52069803039494,132.04304311207383,34.99804323965799,142.17335678714483,Shavasana,frame_0008.jpg
179.4887552363562,124.67008335873251,147.8609207349469,151.66882235525694,150.61443370206283,149.62842100963584,36.22973583270175,139.05268705607818,Shavasana,frame_0009.jpg
182.9425632587325,126.8975397939027,149.72911056398542,154.3224736381156,158.11875546039252,162.99903176315203,45.501496045054516,136.13260697581532,Shavasana,frame_0010.jpg
165.93022659699042,117.19194090186001,125.6859709239491,136.3225491157178,122.23972067269138,141.7768591620462,41.50540034424892,137.89767706914728,Shavasana,frame_0011.jpg
172.30719908802618,135.78415135151272,162.27835217929604,160.4114069848636,164.45850856251496,170.14209317067298,85.70262611927753,89.10086436691748,Shavasana,frame_0012.jpg
178.65030940532066,121.43134331872997,28.63730258013353,31.98275906791857,14.114218617129536,18.400499703380863,74.61433485085642,109.91783654411176,Shavasana,frame_0013.jpg
129.22941445270973,138.4208652714204,30.961851667216166,31.142963658817774,7.680446557637715,14.106343680103098,96.72620746544055,105.52389872181568,Shavasana,frame_0014.jpg
157.9856842772929,157.84785174503762,173.19873715557705,179.3874352908176,177.09499334184,178.54079012526353,83.73260995267509,95.18170007162097,Tadasana,frame_0000.jpg
155.9067945451885,158.15331334484213,176.85413255720022,176.24553436973528,174.81954777126836,179.5346787770523,81.81322543532244,95.90433443167217,Tadasana,frame_0001.jpg
156.8963890768817,154.18952396830016,179.723897346113,181.72867937032308,173.51542110238864,177.82445255748897,85.37681482262356,94.27903190666589,Tadasana,frame_0002.jpg
163.33512845219101,152.8926628540039,174.52597948231644,171.57735817971962,175.44153159115044,170.01921475179032,84.17576215456432,92.97141785153256,Tadasana,frame_0003.jpg
160.35060930918036,156.22740259373606,181.26071610462674,173.9912900342022,175.57883252500287,175.70638363975834,87.3649569663589,92.92412238994439,Tadasana,frame_0004.jpg
161.80648260721262,155.73392873480665,176.10815250619288,175.45839270157927,173.7186153009484,171.82628526141744,86.10341770046361,93.77995965962683,Tadasana,frame_0005.jpg
161.4194625960685,154.29587353491405,173.94375953674395,175.2420186777431,177.27491075843224,178.25843231233344,92.88091492754613,91.17526442369237,Tadasana,frame_0006.jpg
163.56494144363552,151.45790302363204,175.66043800183277,178.72080197684042,176.02015094522002,176.66966873689253,89.94893270563328,94.9914596325213,Tadasana,frame_0007.jpg
162.13925394747812,158.38196092425616,178.3685894467539,179.31253376317676,175.15211463593357,177.5974814790047,84.12747027146234,89.31156248597384,Tadasana,frame_0008.jpg
167.4551765038596,150.08094433873666,177.3252456536584,178.95247911272065,173.91451956268432,177.04520116653535,91.63082427068902,89.99380912020972,Tadasana,frame_0009.jpg
161.88106693178426,160.54919233143124,179.8357510093127,176.7088079725886,178.91197557648817,175.62518043911953,85.14108429500153,93.12924842273007,Tadasana,frame_0010.jpg
158.3181465607616,158.186030226068,177.48310370927874,176.06516532796567,179.86841064196324,175.76240901792073,84.566994728866,93.44533377025803,Tadasana,frame_0011.jpg
160.5777141442506,157.64751454635945,182.7943862443858,174.0671437122456,177.07639606603695,179.25018623599578,84.52374004813852,94.21150687370589,Tadasana,frame_0012.jpg
156.85473452217948,151.86052450790768,175.33402032948482,174.77716820904047,180.71548161567543,177.4883513113932,87.1209948349956,93.33185770794772,Tadasana,frame_0013.jpg
157.6640159399164,158.6069920849957,180.12908393268543,175.8273583572114,176.09165559356472,175.59731474049147,81.67369006141661,93.39986358319639,Tadasana,frame_0014.jpg
171.19378591843747,169.86703513456337,180.14325058441,169.2531908833022,174.7300494481202,157.97304729172288,87.35434762125524,98.06349107165062,Trikonasana,frame_0000.jpg
168.327683460618,171.98518210915125,174.74323007534866,172.77503248467212,163.1149584143998,169.67972408232845,84.86506238617675,92.23731610007637,Trikonasana,frame_0001.jpg
177.06294256334186,176.3415524148803,178.00954753787093,173.24093891002286,163.55825787809778,168.18207514110077,88.43014763284687,94.07673812920784,Trikonasana,frame_0002.jpg
177.00116082109298,173.26618166496624,169.39914907621815,173.11034111778093,158.59670827965368,156.05220621306168,88.60410058493585,91.17322703514623,Trikonasana,frame_0003.jpg
166.50161053589486,178.25756410851923,174.9311814410199,166.85618991723737,157.05205937502163,150.78690439055973,87.63535697501362,99.20884448293381,Trikonasana,frame_0004.jpg
167.3412549363647,174.12409553746122,170.89307549283816,177.06722804224788,151.00840941747532,144.18214273376975,87.30799231805968,101.29322107476608,Trikonasana,frame_0005.jpg
150.18549831045533,171.55793751022506,170.05966404311786,179.2431138158184,174.33230531759517,122.78238772941582,98.15811757768194,99.08912601514655,Trikonasana,frame_0006.jpg
163.9400158335796,169.18816212678945,173.98623831604672,173.42888287964965,160.92525070788494,99.62116594760694,79.49777108227804,124.24256751756717,Trikonasana,frame_0007.jpg
158.3566232364385,137.92171584519733,179.80557405759774,177.27362703066748,164.3598853100637,97.24461388027403,83.96070978214547,126.68234962328523,Trikonasana,frame_0008.jpg
152.67028077952978,171.5245755858032,177.79873259823825,178.61330716237597,155.81583936932452,113.02357504952212,14.668661022074376,144.9367311774936,Trikonasana,frame_0009.jpg
173.47443315749064,164.06496230851027,169.2975094510186,181.72605894328893,150.733913478564,114.0639904885693,33.348104966896514,158.41988355386803,Trikonasana,frame_0010.jpg
160.50322343195177,168.6289560815906,172.49850810776928,172.84478702330833,144.63260928616288,117.18921023791997,37.93467410437647,165.42629085890636,Trikonasana,frame_0011.jpg
176.29099929218438,179.03567921871158,176.94117236020733,175.43259147235534,144.30490548379217,107.50336710777036,46.49268540411486,158.59750166167836,Trikonasana,frame_0012.jpg
163.17255617245203,158.67519114871973,180.72884261687287,177.0499981836628,152.28757189266403,97.4008329161414,64.11090831752125,136.42272034989728,Trikonasana,frame_0013.jpg
169.4143221488147,160.06218187206844,172.84460715930112,170.77818702858036,160.96609191615534,74.04985422452822,88.05306783042474,125.47461417365426,Trikonasana,frame_0014.jpg
171.83192177031617,172.26032833656492,180.4649903519784,173.65727805974748,174.88602820373737,170.38567555803104,84.79530119308569,100.43094468515399,Vrikshasana,frame_0000.jpg
167.82992364810556,170.27018092431322,178.99459516669538,173.68552333587107,175.43146330808156,173.26300432903489,86.7730350273639,96.89807617985,Vrikshasana,frame_0001.jpg
155.45840729631414,154.73631101158577,176.55180885510558,172.78220674702197,176.66897729511646,174.1638486131906,80.67331031743693,95.64280304387881,Vrikshasana,frame_0002.jpg
168.5418513276392,158.44113502992175,180.84338467169042,170.01272849739183,172.52500375994364,175.52312726377846,82.43577164345744,92.23254041063805,Vrikshasana,frame_0003.jpg
160.2395192483072,156.85412402269108,179.55991445874025,175.33961365752288,178.0862174491952,169.67695411925533,79.14188706866199,96.5617906289163,Vrikshasana,frame_0004.jpg
60.535716280523424,53.56849378722388,121.84347847115181,159.08512715878007,151.39769936868234,178.6380907517488,78.63264179516791,99.40537726312017,Vrikshasana,frame_0005.jpg
42.717013617916734,34.093483675865976,87.36479001960939,147.56476541528218,146.46143800559946,177.99884676130165,79.4715153807841,96.10365912904145,Vrikshasana,frame_0006.jpg
45.15301104898691,38.44821196767804,86.24962824946803,151.94506105085966,143.9896429144722,177.29455657793005,77.12449755233645,96.89997780774223,Vrikshasana,frame_0007.jpg
53.06837256843645,44.404704153674636,85.78060210009241,151.6907419611257,145.04888000981583,174.24752838201044,79.78168364172946,95.90447719030098,Vrikshasana,frame_0008.jpg
55.84755182984116,41.551095254708066,85.5659006645886,149.16724343738326,149.0679769653686,177.35035692470558,76.76960087983821,91.53851072369834,Vrikshasana,frame_0009.jpg
57.9516473231339,42.5798888233316,82.72895109065638,151.52194456465358,146.75980562572252,178.49093686444797,73.71624867236352,93.34887385021986,Vrikshasana,frame_0010.jpg
50.83810146019947,38.47250857547843,83.62066380131141,149.15167567048903,142.72216450084528,175.39512269617487,79.31318598601473,97.28882651874021,Vrikshasana,frame_0011.jpg
53.29227378716317,36.993107155118395,81.28155174530157,146.97602959387262,142.87589792328097,175.02750464091807,81.73185084551847,93.52504042088297,Vrikshasana,frame_0012.jpg
50.965453543908836,43.45923538834765,87.41301370361931,153.01783669993304,144.08351340837996,172.50649509590568,74.54043530895227,92.61076326019281,Vrikshasana,frame_0013.jpg
53.14620705154467,42.905409294137314,80.09412103576389,148.0336038432394,142.30717876325437,177.68618711115266,77.08223723468272,95.26567293006558,Vrikshasana,frame_0014.jpg
32.5392541132656,37.1637258577054,176.15472974859304,181.37552004596148,177.73991220625422,177.48547301848086,136.12709861667966,65.3878319441213,Bhujangasana,frame_0000.jpg
38.51273034129002,46.237937275284736,171.87063943690586,169.44097038942587,173.0849176973218,167.61623839980717,144.8680192868527,57.95613273839617,Bhujangasana,frame_0001.jpg
47.899748184002725,55.561157121862855,167.50950685547008,165.98742839915082,168.50761235195966,162.54772116653737,154.53600717973833,47.76773708419014,Bhujangasana,frame_0002.jpg
66.47732445582189,52.033771221059574,169.41356483814135,163.22103979166837,176.84942945877378,168.18997208447328,167.95495049150875,46.721770043068396,Bhujangasana,frame_0003.jpg
46.834217192566776,40.46553292149155,176.12558686737555,172.8290942544736,176.36362597725577,173.96500226676903,148.65763343664005,55.65374483007169,Bhujangasana,frame_0004.jpg
79.63218488146941,50.83602637591449,175.1789427910387,170.1868251690646,176.08991210908746,168.7066369041903,155.82400808977098,50.788611356075315,Bhujangasana,frame_0005.jpg
123.22792019128657,87.69054923766932,164.37107998064712,158.93362470658747,176.42396718666353,171.98561669971537,125.9279433175109,70.14289784438634,Bhujangasana,frame_0006.jpg
129.82356779987566,106.11252909713119,170.22140140792908,159.45943925502146,163.22706417349912,181.5399648934621,81.33724353668686,97.29638459890609,Bhujangasana,frame_0007.jpg
148.93944148461097,121.74913926339876,171.73669784128776,159.8415922657313,160.41953016043465,173.3010791408951,19.85437074003316,119.6118582366202,Bhujangasana,frame_0008.jpg
155.38441512712114,135.36906322083385,180.65643534484653,163.545651289885,144.0188266646581,164.20064702040398,23.456045333425813,138.00521611694361,Bhujangasana,frame_0009.jpg
170.59694212753118,154.50286386890164,178.84228341836717,166.1647025009225,141.3527587533982,160.96124309544237,14.132376144132987,136.65295815699463,Bhujangasana,frame_0010.jpg
169.99025462591965,155.23762421877825,175.28390716781774,167.07714238039478,141.93083373671521,161.3434803343224,31.4965291797951,148.23787627647266,Bhujangasana,frame_0011.jpg
171.51022292346553,156.55536195431853,178.04971960729938,166.43011360516442,142.72294141656417,157.6617703184411,19.68895711352108,148.16125688127062,Bhujangasana,frame_0012.jpg
166.61769471734448,158.11415751932086,176.52838923308153,170.35298041311952,137.66955777610724,154.06286681566797,19.117123372903954,141.97374572032678,Bhujangasana,frame_0013.jpg
176.83604478864842,158.53869126325742,171.40240306463434,158.97702925478546,127.75488040606068,146.76227309165517,31.731812010613762,143.04351276113073,Bhujangasana,frame_0014.jpg
174.14030402651636,176.72300824926083,172.1444535871706,171.06202311712377,155.06059541289727,153.9482944076151,85.64725252772433,92.87569544276734,Padmasana,frame_0000.jpg
174.3510658541725,167.48644211661156,179.79880373292488,175.91691629303827,162.21991662063184,136.5926465643839,82.17946899993231,99.3459757765316,Padmasana,frame_0001.jpg
170.65624572460496,168.1948961762643,170.96616682148823,173.92311344281933,167.2617368984699,138.89673176096946,83.82635832026065,97.26548640913458,Padmasana,frame_0002.jpg
171.80493860629767,171.69562341774486,165.51225891495832,151.51114334163162,170.11172098548587,140.14697249592783,78.23452587400953,100.7566257959902,Padmasana,frame_0003.jpg
169.86180232915743,165.03930079480966,180.3673819470527,176.32834973844174,163.91040370166107,143.70805025814082,85.70200101524283,100.70037530317548,Padmasana,frame_0004.jpg
176.09498946708953,177.87436992632038,171.56551245634168,170.4832957199528,150.5312357709394,153.72111879228422,87.36246623156785,93.8043208079569,Padmasana,frame_0005.jpg
172.46909039420666,177.14175257240095,171.08133854340076,166.26224190068157,151.21269516664833,156.50863814376964,85.27463260994419,95.97172005612144,Padmasana,frame_0006.jpg
174.31776008537844,178.62677631767224,168.0975339543484,172.39847284941945,154.4187519545306,153.51782498423538,85.93614111636536,95.76085921511975,Padmasana,frame_0007.jpg
175.8655388658227,178.75753694831133,172.80829833820934,170.62475671173857,149.79741069002063,151.37882720411244,82.22762598342031,97.52421073543412,Padmasana,frame_0008.jpg
176.7081101038033,176.89034812938624,170.1527400818615,168.21547486820242,150.23398126659822,151.34444407480584,84.20972166474085,90.88240684713068,Padmasana,frame_0009.jpg
174.69359545687038,180.5208099724023,169.35013557705668,168.80227915236438,145.62129719757152,152.97789629627397,85.00460606786099,97.45505417631819,Padmasana,frame_0010.jpg
173.06466584926125,175.4861394233366,170.11093108544154,172.36344989953548,152.50958648675834,151.688761534879,85.91717593633078,94.02407719764126,Padmasana,frame_0011.jpg
173.55621059542867,173.73272292781502,170.45386581189646,166.19061516906478,155.23150111776576,150.82587646075072,84.95832255329198,94.09868118251379,Padmasana,frame_0012.jpg
179.6593291285219,178.47710977588562,175.4488391098528,165.47175638289542,154.81725672555558,153.52208365719298,85.7201480664578,99.35709500838065,Padmasana,frame_0013.jpg
177.66980693502188,175.81918447443354,172.86949928920612,164.33258674765676,151.69458732272273,155.03234580601335,82.04659574654748,93.8371155605711,Padmasana,frame_0014.jpg
166.00342657422786,158.91100444762213,179.75859905873023,172.9600064055728,174.90773709994653,177.18722275354526,83.89301561558257,98.17927064265355,Shavasana,frame_0000.jpg
167.74336106002855,159.85200458716338,169.94671309291823,166.83452952139427,175.4181006140941,179.12632792916725,85.35086995463934,91.97368896248862,Shavasana,frame_0001.jpg
168.26606715548914,158.94246189329658,173.2669421982167,169.65649599509067,168.36546461687954,176.06582903156865,83.64295371825425,97.73380939535876,Shavasana,frame_0002.jpg
168.55056980953702,161.3002672928004,173.9407468769922,173.07418405634795,172.70002341426652,174.46712493795516,81.07427908193446,97.9822255654057,Shavasana,frame_0003.jpg
169.84573527826993,164.58464253352568,175.7973712180752,171.25957764201334,174.8622328744478,181.83397286499695,86.67395669038014,95.84735272602715,Shavasana,frame_0004.jpg
163.75200982505217,160.7543286171398,178.30324146201534,173.85414109465654,173.8019884382927,180.44476568568243,86.43820716349904,96.82140066165559,Shavasana,frame_0005.jpg
167.6110561288927,158.455975796544,181.2383811788401,171.1681594360342,171.05827469801372,175.9156387149505,88.30239286653594,97.34387074547006,Shavasana,frame_0006.jpg
167.44711243979148,160.31654496444528,168.11952490954667,166.31390170280775,175.69859259686285,178.38845406931642,90.42435891737823,92.17171181217596,Shavasana,frame_0007.jpg
165.59205346362185,163.75983041122117,176.0560707271989,175.74376333278187,172.50549718110642,178.98912643230213,78.61800626348173,101.37365388812452,Shavasana,frame_0009.jpg
169.82704626348166,161.90418115309834,174.49110949417684,170.134100380568,171.76461166665663,179.88387484191048,85.84701832401247,99.957510887729,Shavasana,frame_0010.jpg
171.64663441222646,161.60972115760595,172.981165667922,168.4145601192715,176.62358610052783,174.35854117991627,83.04176873373578,94.3584732747728,Shavasana,frame_0011.jpg
160.08453619365193,149.6820715140381,172.59685395855573,171.64029256417575,176.85975595621423,180.47387234404079,91.6494703001271,91.2785024718173,Shavasana,frame_0014.jpg
165.68730981382575,161.17627358259043,179.8394752027498,181.30651789623505,178.3541660815623,176.10540194495147,83.10332336631643,95.50411493520197,Tadasana,frame_0000.jpg
139.06237491172163,154.1246054736904,178.9737460998009,178.27502708628518,179.63878296083743,176.9119570474345,83.54924876905393,93.4546306381773,Tadasana,frame_0001.jpg
113.88523284422186,106.1493700560161,174.90041333336936,180.8636855549552,177.55170685134652,178.29335956562045,85.0494934460171,97.10330478442978,Tadasana,frame_0002.jpg
113.41768667947005,102.93732348838515,174.3556781702697,185.05615636960218,176.50602897786945,174.6650963815728,82.17112385713989,94.21293254474118,Tadasana,frame_0003.jpg
61.21577054526953,67.53875206236137,171.78731166105118,170.53286259384186,179.3103160566192,174.68668035774928,85.78811125249312,94.67802605983756,Tadasana,frame_0004.jpg
141.85781880256977,142.24692336088182,176.7604364989616,177.1984441384637,181.41432672094157,175.04095419976264,77.29708612056709,94.51941960880721,Tadasana,frame_0005.jpg
152.3782027625699,156.71383267745304,178.5477619029362,173.1381078088243,179.82787629814064,171.37863450177997,83.8362170105408,100.21455420076323,Tadasana,frame_0006.jpg
150.44996654682186,157.5218836322461,175.48911122339342,172.58562302541577,176.8577452798726,179.70353399340652,95.09035139632533,89.95322849465627,Tadasana,frame_0007.jpg
151.20656627953005,147.42973613763874,176.73169746673406,170.75180910838364,177.80983741436708,175.6386606790703,97.4957024538119,90.68359051625727,Tadasana,frame_0008.jpg
154.110640248926,50.366303390784594,177.85721955970152,175.85557932939182,180.2587211929552,174.2239207282283,98.6671447345522,87.81842563018748,Tadasana,frame_0009.jpg
147.98247652037196,28.800592317534072,174.3357314724002,177.48451481784053,173.81111282037378,172.44598572952702,101.29715155310755,90.91469750360974,Tadasana,frame_0010.jpg
151.0750287823946,42.97476364737412,172.43436591967537,175.7634208677005,175.22555420270263,179.6469321895648,103.95026564843242,92.1219163585195,Tadasana,frame_0011.jpg
153.63823461179635,38.190246977374095,170.5151583602392,175.8354437992212,174.41134517218595,177.12684214348593,100.23738119115579,85.91325785089276,Tadasana,frame_0012.jpg
157.48889883334252,142.852257195594,175.91448781883724,174.91918816372788,174.9083610463459,176.2238566818953,92.01155743381649,88.54661063982812,Tadasana,frame_0013.jpg
151.51655420177582,137.69605276448638,177.42130030958674,175.06929786028724,174.34454185031305,172.88489265296707,97.02836482797053,90.05661261275476,Tadasana,frame_0014.jpg
171.44628799302615,149.37075034939767,174.666935791721,175.4414612450265,95.6431076241205,158.38396910121642,69.51519461460373,74.56209922549766,Trikonasana,frame_0000.jpg
161.16800065611903,148.30265753144016,179.1809949853173,178.62358988133093,87.15047030392196,155.70678308814485,72.81699121474259,77.82177784235651,Trikonasana,frame_0001.jpg
177.20465571996297,150.56928974819493,182.5177122266658,178.6023072451528,85.27638171677552,149.1873085205349,75.6892442157816,73.19748585848959,Trikonasana,frame_0002.jpg
173.69357717354134,145.4588046303609,178.65729939219008,178.18407569486993,87.18274161398304,149.8193467873805,71.2671514434595,71.62416475698672,Trikonasana,frame_0003.jpg
164.90946238020385,146.05636820847326,179.08084538701885,180.54203795491355,88.24413082394175,147.91097196397828,69.80938538309913,77.2894528520169,Trikonasana,frame_0004.jpg
175.2514492535983,140.279987450423,174.58655121500468,177.2328416669888,87.26558610634476,148.06405322438277,75.17144973384345,76.2321906094572,Trikonasana,frame_0005.jpg
163.95266103314975,144.7102475600015,174.79929754899214,177.5063105499626,90.88604276049756,152.22263888019552,71.61232403822218,73.33669266652028,Trikonasana,frame_0006.jpg
175.35197403208286,134.64460711374943,177.44936405859153,176.84277231094148,83.9494647345054,150.92451465277972,71.15353223025241,74.98344534398538,Trikonasana,frame_0007.jpg
167.98013868302314,140.164970747081,182.8160893590511,177.70177732451614,84.54734183035829,149.4277289189445,71.58583738362721,77.1235284399153,Trikonasana,frame_0008.jpg
169.8558652350567,141.09058661941125,179.49850326622146,180.60816166543026,91.93866650973864,150.68130532688102,70.44534327106317,77.25823091611029,Trikonasana,frame_0009.jpg
167.8679026726916,140.70004253050124,179.61397869959234,179.66130647180566,89.92410788156528,153.74764064691414,67.12896946746375,78.48127763332339,Trikonasana,frame_0010.jpg
163.8635343332135,148.45340200171046,180.6938425650543,176.76974898707294,90.14488909343741,150.55802145656494,72.25728850127754,77.12931650646524,Trikonasana,frame_0011.jpg
168.30243478760977,143.3650699463437,180.19283519500306,177.37815285079105,89.11829183341764,151.04436162656418,74.46251284013034,76.16975314319777,Trikonasana,frame_0012.jpg
165.7637828999138,142.29830604246882,181.32773739548227,179.62491303265162,85.89999118679478,152.39110649665886,70.51027914590249,79.68461246892473,Trikonasana,frame_0013.jpg
168.2775520577535,142.52184903510442,181.32811173651908,179.43206244925028,90.68101295937575,153.86480071617868,69.24429566624195,77.41621897912201,Trikonasana,frame_0014.jpg
63.5014585138533,41.064143627832486,151.5336130310984,95.84363360255281,173.92874636432592,139.27373681773824,84.5613960762578,103.26958844809504,Vrikshasana,frame_0000.jpg
66.69590758065895,38.041313085882855,152.95634686249517,98.23376544167576,170.5683361780833,139.05687258292775,89.37511362997121,100.14244282978501,Vrikshasana,frame_0001.jpg
64.46651573016112,33.586191600832876,153.19008529945555,94.13273674502466,179.29876737203296,139.36542564168704,83.73373320282957,103.44703602923808,Vrikshasana,frame_0002.jpg
66.68377341479194,29.80713495635751,156.1047280627352,96.52471532469903,173.6738643545954,137.8736478802597,88.40440337470771,102.28020422269365,Vrikshasana,frame_0003.jpg
68.9685676942569,37.41607625178915,153.94893177152008,98.54919818232263,175.8420621649789,139.1759518735157,85.51042977577949,99.75600219976872,Vrikshasana,frame_0004.jpg
62.51855920649728,36.644018030252155,152.33366223612552,96.68614825660683,178.01860687617807,137.91429250122556,83.78963142885362,101.00738079822774,Vrikshasana,frame_0005.jpg
67.76925338391268,33.35531912045471,152.1754784405887,96.15231803818561,174.92832267156464,137.25815988559782,82.61543065835515,103.00732366786208,Vrikshasana,frame_0006.jpg
70.28042260203955,38.770125286416985,156.2173645382462,99.73156663090496,173.58919029727366,138.0951995871227,86.96957606214791,101.8955378473842,Vrikshasana,frame_0007.jpg
77.0463626605203,38.36035416172036,155.01682795793334,100.70058480710058,174.99382269889307,137.50929820144106,86.47215131097809,101.52491098340236,Vrikshasana,frame_0008.jpg
72.91283357640692,48.23336942609362,153.38541886478322,94.387676850038,174.19195914981967,135.7972628258256,84.13761770076864,104.24476354046223,Vrikshasana,frame_0009.jpg
69.58816839186598,39.566538976458325,151.3063898939837,97.51600452209796,169.96539519193342,135.81440235251338,83.7503317775403,103.97033827105301,Vrikshasana,frame_0010.jpg
73.56060071703321,42.8531449913942,155.8156197099265,98.77022916907048,175.33721798388183,139.27084435532768,84.69406869787943,101.7265397370461,Vrikshasana,frame_0011.jpg
72.77357303604636,42.63006537287118,152.8733430318194,100.62017607741463,176.1541358664704,142.2332929055006,88.8287963372872,101.51818674891318,Vrikshasana,frame_0012.jpg
73.20204052805802,45.181320953324885,154.27209584096357,95.81243484722611,174.6497914540992,139.53194392606,82.81909376613498,103.64224240322308,Vrikshasana,frame_0013.jpg
78.18888313136208,48.44513151250332,153.75178571772315,95.64293074618394,175.18269471020753,140.09447109102504,84.12956830196391,102.73715498825366,Vrikshasana,frame_0014.jpg
151.75452434194602,151.8139581908059,110.57949647674236,121.51512932467404,149.15976877067334,162.50321958026223,154.7249338994943,58.67652746619216,Bhujangasana,frame_0000.jpg
161.21777237263498,159.7587766478813,104.43519068050878,109.96568655123454,147.02856253790165,147.9986840175917,162.79762827520366,64.79183113861983,Bhujangasana,frame_0001.jpg
148.96271559262254,165.77470979084097,132.06444347482127,134.25902350630378,175.52088181428596,174.53649892263664,157.36195263624333,76.93884651756278,Bhujangasana,frame_0002.jpg
150.11920944458123,163.62394090369148,141.43897056067792,135.9597936132065,165.8622501820859,178.6377888848982,135.91881972453803,95.09649352507724,Bhujangasana,frame_0003.jpg
159.58033765663632,164.05140373319807,138.16460999095563,133.04733758106897,165.96280841340692,175.81008863645812,145.48630538841346,78.16691377641149,Bhujangasana,frame_0004.jpg
155.70603486214833,160.03620074286977,145.36282825990338,135.60267672204458,165.0884644291829,177.61091408129215,147.62227987721695,82.3450727084238,Bhujangasana,frame_0005.jpg
162.37029026994765,166.43560836740863,136.08480227506962,127.81129911362389,162.42489013984272,173.78238488584165,87.72889039022758,94.48077714327015,Bhujangasana,frame_0006.jpg
164.05246344471905,175.76395487085122,157.63085006314805,144.60461523684506,144.15697890618438,160.28238045691967,74.57993954560723,132.0527692927622,Bhujangasana,frame_0007.jpg
159.97091704279728,165.6511413875865,144.23385661637622,135.09265217756695,159.043649599909,175.23944359422242,68.54703116124054,111.55774008967327,Bhujangasana,frame_0008.jpg
161.19653992640812,175.16795377538912,160.59875286007082,152.19943928419855,140.51376393362685,156.0245528001773,75.93268782777666,136.96747334222533,Bhujangasana,frame_0009.jpg
160.7221199483557,170.36080105961895,145.39869567243187,137.7196579199475,167.08279864662563,173.67052565097055,161.52740638711632,87.36295883788966,Bhujangasana,frame_0010.jpg
160.17547753702078,166.00288209026144,144.60882757348324,136.71116946268756,165.71026691583558,174.08951119790555,144.15797942737677,83.65706434818752,Bhujangasana,frame_0011.jpg
163.44068531389445,165.45543166220364,146.3411467942478,137.6762645799894,165.3945330669719,176.12020527923727,139.43606196327568,82.71251171094501,Bhujangasana,frame_0012.jpg
170.961718140309,163.54275437848867,138.89778322577314,130.59947203424,170.45827447882604,175.26555043387052,131.7001879844043,80.62609260044209,Bhujangasana,frame_0013.jpg
174.72055742468933,169.75625301963814,152.9161548582918,147.5652183289535,154.694707357743,157.1624122576645,129.9852960958221,70.63952471652182,Bhujangasana,frame_0014.jpg
154.88509021031078,135.68181861454815,41.756685452403794,81.48547774647014,77.12676831839312,45.89179640839466,88.14330233277941,92.38628615575668,Padmasana,frame_0000.jpg
148.14794028330905,138.85313125975466,45.252617258376596,105.92940651434903,81.56890888165553,59.40735126203484,87.50056164672061,96.55950463291433,Padmasana,frame_0001.jpg
145.7033080116287,139.14449060975872,53.66269486894805,135.3007126990176,86.034337247444,89.7469619652388,87.49763986683011,92.61500398720288,Padmasana,frame_0002.jpg
155.92299379200327,143.66035326965644,54.38844334691518,134.3158115537173,90.80194081915454,91.66704357538974,88.89542055039914,97.08522774475179,Padmasana,frame_0003.jpg
169.88190849847894,177.71186211411361,67.36553706771319,55.88538595273849,50.755306125738706,33.746336489396626,90.6145812381797,89.31032463730192,Padmasana,frame_0004.jpg
179.78800994207907,173.38125010443898,146.10437032405565,163.17347756767657,142.12763660935687,134.40755242765198,84.00041731345921,92.55502178215258,Padmasana,frame_0005.jpg
178.1646851810967,172.14591325786745,131.8156881541063,106.58875929071911,165.975950878166,135.49973573322205,87.73329281051363,96.98139773688443,Padmasana,frame_0006.jpg
178.00139237518695,173.73337720643147,125.18154969683513,94.41280037714735,171.2524249785604,141.61870509661136,86.51970872813226,96.76761185967528,Padmasana,frame_0007.jpg
180.72910991616627,178.16134778922805,128.86463618364,123.49947855547018,162.90747470794713,142.01402621200336,85.4327644874094,92.47398308476976,Padmasana,frame_0008.jpg
175.79938056415165,175.73736734627073,125.80634714238067,94.74323796940577,162.04683354030567,140.18006016012424,85.67517631527136,94.63512480538937,Padmasana,frame_0009.jpg
176.95727767777296,171.96465705959397,152.6937908245725,168.81798806036358,148.59380212526966,139.26333212027464,83.4017092998123,95.16213576147429,Padmasana,frame_0010.jpg
179.90289320031326,168.05449903721356,159.25322689243774,169.38299741379745,150.70597780504136,142.9322801339105,83.6121824214388,94.84154004726692,Padmasana,frame_0011.jpg
179.45579204121503,172.9923820074524,159.21594170819864,175.10542116647264,148.70913643023994,144.57221072654067,82.84421928036407,98.07502678117977,Padmasana,frame_0012.jpg
177.06494744726368,174.68745421207151,167.86289231676156,166.24621192975434,157.73348532382732,142.19315050224998,83.3450867164927,99.59448127941592,Padmasana,frame_0013.jpg
176.28832837484987,174.33942809971455,160.98000562234316,171.67155129115025,152.81946449850065,144.70078856147794,83.25694036511712,97.58997767752194,Padmasana,frame_0014.jpg
150.75857760336234,158.87061729763832,178.7897931775891,176.25437246593054,176.86310125181552,183.53528746908705,123.1338878598395,63.35132602759742,Shavasana,frame_0000.jpg
150.6651631260842,159.17237540972164,180.05831706991745,171.25488315403456,178.7999583317096,174.2827891967428,122.94527753693522,61.94155175048762,Shavasana,frame_0001.jpg
154.85519815691734,165.55652741319497,177.5761106625833,172.0390887566962,179.49138189964958,174.17177603202498,124.07632106745199,63.920862930424995,Shavasana,frame_0002.jpg
155.90170019644182,145.14663128807393,171.28570839988458,180.15515718626648,170.63828975746134,173.21788342988611,121.62596856658712,64.16289077726434,Shavasana,frame_0003.jpg
154.01635932810046,142.0029764726976,181.93187799633475,178.01541259923602,175.5090222894542,174.14092067138003,119.07407617889181,66.48805225177618,Shavasana,frame_0004.jpg
149.71422690636862,145.26157714900762,177.10822828735314,178.65978787285016,174.17133712203517,173.41473395459687,121.376627741053,62.75967526059577,Shavasana,frame_0005.jpg
150.71488590442496,164.06652200012027,182.94168931553537,176.41645590924898,175.64795153752058,178.2887752277552,124.86945107764822,60.82701537345723,Shavasana,frame_0006.jpg
153.7121918188362,163.86272884996708,177.80019402077966,177.7969095641692,179.79000744636684,178.17657730464066,128.62817182837955,61.40554689401165,Shavasana,frame_0007.jpg
152.12527370201707,158.31083729605044,179.51597463518385,174.99581097896737,180.43254213996215,177.1764237578333,127.22146244008343,63.81758611453122,Shavasana,frame_0008.jpg
153.17227526068694,161.61948048782958,183.6499958194412,178.1916248577659,177.51228970305206,176.41344243380445,125.77136865653648,65.12989242359347,Shavasana,frame_0009.jpg
149.9648675620206,172.52591090208486,176.07274230612595,174.03361815194503,178.9818219921185,174.84231792167435,103.69038814821866,76.37327277140291,Shavasana,frame_0010.jpg
167.46068262799287,133.9075163691036,172.48797942210155,170.1942216300262,167.32151319266532,171.72460533385765,108.6402917084632,77.433385521229,Shavasana,frame_0011.jpg
163.83182656865247,178.40494999242347,177.39794240239283,173.98757095736576,172.15187726519147,179.82582674499704,138.7220506031486,74.67754062982233,Shavasana,frame_0012.jpg
155.67395919884592,155.78000145047187,174.08853096357043,174.86798037023894,176.05442982753812,178.93715563922203,121.05591475173686,70.84966252453228,Shavasana,frame_0013.jpg
155.34409637794136,134.24569994572494,177.80715381940124,175.06834740866418,178.10737765952263,176.63135823517993,120.61128935072632,64.79906458886887,Shavasana,frame_0014.jpg
16.70101477943728,92.14049576544438,178.74928673249497,175.25449958413202,172.01222073317123,177.68828572732178,86.34618554571571,96.25658978704098,Tadasana,frame_0000.jpg
62.72270628381769,63.561974244269905,172.70504646261182,179.80642017287857,179.10381039398416,174.66235928819492,79.6619490251359,98.70681845532646,Tadasana,frame_0001.jpg
127.07818530656724,124.34831919139349,170.3696673803218,176.48792045701498,175.54427736195967,175.89971446717928,78.73643946234952,97.03263401192488,Tadasana,frame_0002.jpg
153.7337247574611,134.93094861034126,179.98497521314968,178.09643191276896,173.80711936423134,171.76912516015966,80.70814600291128,95.35205971023227,Tadasana,frame_0003.jpg
146.04059582554288,139.5447774158005,176.46652085494662,176.9241941881861,170.87974348483857,172.45047942846227,79.01482658309149,96.26012866293158,Tadasana,frame_0004.jpg
148.54921443050168,150.3136212925132,173.7216059971664,176.2346181722511,174.5818473390718,174.56020240019834,83.8951559598186,92.61834584484112,Tadasana,frame_0005.jpg
139.4380224730061,144.5429757735837,171.70544838841965,178.8229792791894,175.3631890038544,174.8306344379618,84.58224951461857,94.86012912691095,Tadasana,frame_0006.jpg
140.38910602707386,157.79259187901937,168.0585657890342,183.40193440780956,173.1155946519571,177.9183808854645,86.53789200230472,96.27588520798524,Tadasana,frame_0007.jpg
144.19421441499784,145.9525651518175,178.39027249365552,174.07738373121848,172.77743354638037,169.98716845847986,86.40807918771361,93.60470248086352,Tadasana,frame_0008.jpg
151.6293418060257,139.54366352213322,178.92043842292864,173.14695048375498,173.41326571912737,170.9713176316116,82.19482289156865,96.0085031347849,Tadasana,frame_0009.jpg
147.3184905042345,141.96315838860843,179.16067368738746,176.4179652926888,174.296304309096,172.81250388480152,83.15980467002632,95.08332621646815,Tadasana,frame_0010.jpg
144.79578260069056,135.18915648428356,180.80940905648114,173.92077834065384,178.27902634901764,171.12711197868057,86.37762983038016,96.86046585491952,Tadasana,frame_0011.jpg
149.5812127135727,139.71872737257584,177.23946722636506,172.97306292961,174.57727354606897,172.33406979482888,83.89746427677218,93.81359733980048,Tadasana,frame_0012.jpg
147.2988254639421,135.4228851627808,181.45331306971468,171.64285425509027,172.05872469854245,170.36886931583217,85.63961464068565,95.23802846117113,Tadasana,frame_0013.jpg
147.61567096538175,137.2958723812107,177.9364574390759,172.5898025739101,176.1367443719287,171.71136576520968,85.17651882019194,96.03224328948635,Tadasana,frame_0014.jpg
177.71546363939643,182.87093634601143,174.2753723731983,174.82928359336447,154.38478769236073,167.37370736948722,83.30018039847005,94.95188767486928,Trikonasana,frame_0000.jpg
176.7726560177937,172.16317094507573,176.192236794838,171.72919879818514,125.19592796661509,162.1711327150813,72.7219620569667,92.05018612071696,Trikonasana,frame_0001.jpg
177.9314425817022,158.16879138295434,176.7311081357585,177.66071516454383,90.33896554676781,140.9828343306693,61.832337676305094,91.50741042335005,Trikonasana,frame_0002.jpg
181.39577235600328,149.6775579638989,171.84679562365142,179.91915895473426,90.73838032144758,133.8005463577651,60.74822268793965,89.7728855951756,Trikonasana,frame_0003.jpg
183.14307940119286,159.98472412633063,175.3236754941787,177.90919137382275,83.26455328802169,137.16705262644945,67.52358698825175,85.27003526625461,Trikonasana,frame_0004.jpg
176.0701780952757,152.44218246402122,173.099869052262,174.18554823362769,81.5607754810165,129.75668936199494,65.00933000672813,90.27240765627741,Trikonasana,frame_0005.jpg
180.46891509055123,162.12299683452696,181.48611418014198,178.9715187335623,84.04586168470473,136.4953965793899,65.0936467054559,91.65158128486868,Trikonasana,frame_0006.jpg
180.74385348566884,163.08045666205587,173.96228284244586,179.9577820768628,89.14080544950916,135.07732283804228,61.4202404293299,90.67997692891747,Trikonasana,frame_0007.jpg
179.78827382512594,159.20254954245678,178.7335896930832,178.27914802620938,88.0207773750942,139.85480197214687,60.767609939782766,90.182524302453,Trikonasana,frame_0008.jpg
180.84555925488814,161.44805829694477,174.3763528310626,177.1759002226247,91.26854045127526,138.10258767178485,66.99491665181766,89.30131692652844,Trikonasana,frame_0009.jpg
183.77175373885822,164.50498658148493,172.4132752016442,178.09172689448022,89.69955487267036,139.22205485658964,65.3081148569293,91.81375366433747,Trikonasana,frame_0010.jpg
180.1171418360357,161.27295002712597,174.6186758513975,177.4590358312735,91.8200737916533,140.8129985338179,64.71196667208748,88.84098777693312,Trikonasana,frame_0011.jpg
180.05398342482408,161.03685408630372,174.65503005039676,179.46320764060303,92.60272620934184,140.71387549802552,66.59626632498761,87.65906198448884,Trikonasana,frame_0012.jpg
176.29127125374396,161.12414205171422,176.83403976530133,179.06126403888703,88.62593546186064,141.33857603508926,65.94719163413761,85.00462912406144,Trikonasana,frame_0013.jpg
172.8797929373884,155.230907168046,181.75820219420592,173.6588716262217,84.07058470705694,135.73641550016234,69.33593313281605,82.82663057950016,Trikonasana,frame_0014.jpg
37.877725892565124,37.66888151309646,172.88923243562823,176.49809299298443,180.3194337006483,175.77437862715985,81.026522588459,94.86173355308064,Vrikshasana,frame_0000.jpg
32.63639819158368,36.10724640280694,173.61836411396573,179.44458477682468,178.1586201449888,174.20181599722005,84.2365827154499,95.17631028196438,Vrikshasana,frame_0001.jpg
38.44869090693291,38.259746839476676,180.0762701286447,173.46188457613854,175.13572818567764,173.34656492911725,88.07872974430452,100.70491814446447,Vrikshasana,frame_0002.jpg
48.03549593067293,38.34803738643054,169.1755497392984,127.70431045670587,181.9056343672687,148.50749950470498,85.88729182298606,105.25423644643759,Vrikshasana,frame_0003.jpg
33.16837304009421,43.878197981540445,152.71221104950027,102.22924500198586,174.0527466189063,144.56444093041569,81.15801332355237,101.50636450626554,Vrikshasana,frame_0004.jpg
105.44058200385172,124.223274121697,148.7224765536372,89.59394544102128,175.86527787311806,140.72504508347689,71.49564222895722,105.55956547826479,Vrikshasana,frame_0005.jpg
121.54892951616986,42.98436326405611,173.41396740722575,156.68703863522452,178.0451201498114,174.53697472886563,75.51743370671457,99.21188230005606,Vrikshasana,frame_0006.jpg
126.83424269067444,45.89212273138765,173.13225999807034,172.83690321128685,177.48005991623663,172.8963867369913,80.78788252162722,99.8208382448183,Vrikshasana,frame_0007.jpg
121.70985120046771,86.29561970690918,171.64480901886517,164.22128614482426,176.9576437585262,180.44491821869062,82.49116235857831,99.45801699146924,Vrikshasana,frame_0008.jpg
32.70656445691767,31.550629303612414,174.88302169343132,175.02683328110362,179.53064789746256,168.1617899889985,85.57562313137295,97.95616484642413,Vrikshasana,frame_0009.jpg
28.34111460854192,32.74352662468937,177.58162765867422,177.8491641566129,176.54046051150746,174.90743916228496,87.42161382626188,94.71716892851332,Vrikshasana,frame_0010.jpg
41.44856582095101,39.895773591535004,160.01983439878015,108.4986418457309,177.67568943472187,139.8337490477402,81.46591471613459,99.09202914213488,Vrikshasana,frame_0011.jpg
38.60292920282921,41.848762899611145,155.28338133704895,106.98623878397521,182.87068500594992,150.84964633843765,84.32357483679199,102.34511393362354,Vrikshasana,frame_0012.jpg
35.20248837334416,44.75029984620837,151.45314271191322,112.98035894722862,179.12613173729972,156.8469539673918,82.80587011277726,104.48495207102589,Vrikshasana,frame_0013.jpg
49.63262110644332,36.408896828574164,150.52649118709635,105.27778036452554,176.3985959161085,147.11897147649847,81.95109377564246,101.38168252970864,Vrikshasana,frame_0014.jpg
161.41451833025565,158.84962249084504,163.9394907429325,149.92154729226888,155.92665131163986,163.67191104241095,14.086487188153578,118.99829412589824,Bhujangasana,frame_0000.jpg
166.78272958768642,152.4159149303916,164.55812848097787,155.32454043605622,152.2280861757988,174.36688000952063,32.58105589414762,162.87545699353643,Bhujangasana,frame_0001.jpg
166.18133611460811,155.30119541147772,163.64552295004177,155.61483959469876,154.0570229019324,169.7985728115973,28.962002117940933,149.71871737291,Bhujangasana,frame_0002.jpg
169.1444428469323,152.0585624028625,162.30732074600408,153.14556607734633,148.40069601523533,165.2498825936981,28.66741682470673,155.43491473342735,Bhujangasana,frame_0003.jpg
168.29285503585336,154.27341937869673,164.75681275487602,154.19694523466015,151.40777131329236,165.8078876368107,28.970575718024275,150.41116764334566,Bhujangasana,frame_0004.jpg
166.7906460113848,155.1903201972694,161.78778602362644,156.5810586380991,147.22424000447668,168.8006410084787,32.33601359698976,143.18344703422994,Bhujangasana,frame_0005.jpg
167.53672630269392,151.35148615919962,165.4007858194002,155.0933992691908,151.41986790813374,168.8370306783732,22.605507931935097,141.35519573004552,Bhujangasana,frame_0006.jpg
167.45999658800736,157.95758377913137,160.6363244449213,156.79815170697714,150.13882519465056,166.93833267912896,17.055190464695745,136.56999479413935,Bhujangasana,frame_0007.jpg
167.53242991969861,154.26945759761233,162.84781744554323,155.09745176225283,150.21710655831137,167.57088441658954,17.7304862103898,136.2890728935321,Bhujangasana,frame_0008.jpg
168.37350535290926,151.2320744205316,163.74692341093277,153.7237712724851,152.73424501182765,170.157703630323,9.550892158312895,135.37745209686764,Bhujangasana,frame_0009.jpg
168.12501412147154,151.61883845333247,162.95833180772317,154.18827668927221,154.63612612349843,166.82440283547976,22.510792909724294,145.2518105543881,Bhujangasana,frame_0010.jpg
166.1997920986992,153.29072075483066,157.47489514509255,153.8527972070554,152.59098060917103,170.11479047665867,23.338685914089304,147.2565659347366,Bhujangasana,frame_0011.jpg
164.66461887237233,152.19036979195477,164.54181816366275,158.3265106989782,148.0116211689972,169.98283966261354,22.619255812403786,150.87132506381133,Bhujangasana,frame_0012.jpg
166.80072349040776,155.0442689684406,164.38856736854586,153.53845639460607,151.34441009755955,170.29894696340435,28.13959060239983,148.2975596275222,Bhujangasana,frame_0013.jpg
166.72390033675657,150.769315711236,162.98594234493987,157.0560462786453,152.8605823606656,167.80351820253304,23.29162918226493,150.81627252532923,Bhujangasana,frame_0014.jpg
171.4355846585194,176.7055167133345,147.94195980452852,158.73253603741463,114.94383434256929,129.76341135079664,88.9450955295233,92.65203840591846,Padmasana,frame_0000.jpg
174.221703729887,176.786462656087,160.0244045170457,163.0160993105807,112.92307131093102,133.1503343349493,88.69617077194411,89.74404691913162,Padmasana,frame_0001.jpg
173.75691353158854,178.32259424445647,142.940355972535,167.775792330092,115.02206986568123,124.48420838735875,87.65184894165516,93.09449306103737,Padmasana,frame_0002.jpg
175.26137742255617,178.93066968727922,119.8584031825677,162.79528031639958,119.00557539662655,125.35644264574111,83.44789652330776,95.398622767884,Padmasana,frame_0003.jpg
171.93798327281152,179.26246049535263,147.96075551276044,159.38370712098387,118.36462964897444,127.93610280784377,90.55945474421111,92.99090628570525,Padmasana,frame_0004.jpg
166.84907289758928,180.31975920418233,151.49159989172998,157.32588439654475,116.63600280206296,126.18739075718234,86.28028134974204,94.15857966623534,Padmasana,frame_0005.jpg
169.33762037954955,176.75363742104335,162.60410931391218,156.92614675086787,116.76305193169549,127.82480757188969,88.45026639193978,93.06870119200896,Padmasana,frame_0006.jpg
168.39694072447796,180.10315557957043,151.93610594265581,164.88915407880145,115.44933164852604,127.62055535464677,85.65172681757456,88.6941139195971,Padmasana,frame_0007.jpg
172.12418538075403,180.35100884298404,150.48925299581506,173.1104769535247,112.6552297871956,122.04646251726787,91.07801642225039,91.18192749476671,Padmasana,frame_0008.jpg
168.50656586321122,178.27814364919396,155.15003294358135,160.19203310811554,117.56443454566065,128.84998594173078,91.92814390121288,93.06800961580002,Padmasana,frame_0009.jpg
171.7050264235602,179.44362573245712,164.4529424875256,153.19405374165655,114.08373761949913,133.51517373470296,87.69899959541098,89.37116192768535,Padmasana,frame_0010.jpg
167.74642886137596,180.03244119358166,165.90822968964528,157.38316015588669,115.6793559930354,126.9547749990574,89.17908530649707,92.75940608786208,Padmasana,frame_0011.jpg
172.36257681832194,177.663018161572,156.88896403011543,157.28506705191336,116.21391862119732,131.70655840916743,85.53541850170102,87.86437215674553,Padmasana,frame_0012.jpg
174.3629913136877,180.47248097495617,163.66627054461216,149.6795423123524,120.97213488639096,133.71335519082206,87.13842921399139,93.3972075988138,Padmasana,frame_0013.jpg
172.0467183910177,173.31612069422098,158.20145292309863,166.8783879198605,116.23321936175955,131.88243530384293,84.88873726400668,88.09522894663596,Padmasana,frame_0014.jpg
164.32837141890866,176.68287292921926,172.29964671802068,172.20887564243606,176.61600611197574,178.1526973834901,120.11794492450095,63.243585194118445,Shavasana,frame_0000.jpg
166.5282662467623,172.41916085801284,179.64249950298358,176.62422869798354,174.38148218979893,172.8533610034522,121.65942222022512,62.3582312535952,Shavasana,frame_0001.jpg
162.53721495465575,171.04536130010607,175.19881977335115,172.95300210566324,178.7866557612054,173.07032847959937,118.5095852151845,65.18851181221766,Shavasana,frame_0002.jpg
166.15283720183564,178.6782047863689,170.91140626195653,167.49342027965815,178.9198766681393,179.54931675913818,115.69365033624433,67.20322449726498,Shavasana,frame_0003.jpg
167.84451939089575,176.62847410071612,176.1620509448573,173.34683969814557,177.61996529449127,172.8865071827893,123.66486045038945,59.83876685148425,Shavasana,frame_0004.jpg
170.42940441029367,173.44940137546533,172.13032195547657,173.13478322902384,176.37945901962138,180.62703427308583,120.18586432625689,65.51366000129522,Shavasana,frame_0005.jpg
172.41064505641302,181.1523766164154,174.85861804718158,176.6442548121767,174.64330962096832,179.12776463200944,124.85325892828774,63.51160605964328,Shavasana,frame_0006.jpg
162.08650753355855,127.72449407369359,171.2515318026754,165.61515406807845,177.70765818517577,178.23560675094095,93.65439846018215,73.58742282201445,Shavasana,frame_0007.jpg
165.32503369709994,17.6995587424728,176.41089633421564,175.38777800973983,179.49316926298602,175.30829693793086,93.22381062995778,78.85004299814192,Shavasana,frame_0008.jpg
148.2850564366066,32.31198789327131,175.64531580348168,175.45371030552624,176.59408171942604,172.15814324069075,85.7479596761589,89.60337695325609,Shavasana,frame_0009.jpg
157.63673833416587,100.97861152663418,177.52825583888324,179.57085626438337,177.27212802504016,172.66720491049264,92.68585482420946,82.10829795644945,Shavasana,frame_0010.jpg
171.94157700382547,176.01788186750116,174.715864483391,171.12498426841998,177.78350070449602,176.4238240348008,123.97569825998617,62.718353065944164,Shavasana,frame_0011.jpg
170.34545456379422,182.023551161094,171.37543618088796,174.48956605933623,177.2543451173114,178.04411052368718,118.02900239543204,64.76473957224215,Shavasana,frame_0012.jpg
169.16030751284907,176.95756738033663,170.75061850713143,170.06340498614435,174.26844709314224,176.41078355686997,115.50252218693761,63.100623528976335,Shavasana,frame_0013.jpg
162.06376110438634,181.7345492456641,180.45304882176367,178.05294714322145,179.85772305776217,177.21027686327994,104.42714119744792,68.0563122915089,Shavasana,frame_0014.jpg
157.06424838171287,166.95982828506635,177.6916195254187,172.50870137111042,179.12334092372637,170.23977200686136,91.89849216542461,93.62984557554479,Tadasana,frame_0000.jpg
155.7034623087751,162.09692741858711,178.51007598970625,172.50575975447333,176.06313683700674,172.79870076961294,87.50562785134674,96.80043156610307,Tadasana,frame_0001.jpg
154.41851179875994,167.87787905170475,175.3378753974302,174.2044440098896,175.15545682776374,165.58336474378737,84.78489488188657,98.5943930965328,Tadasana,frame_0002.jpg
157.14712052998343,160.91848320537682,176.43655294216734,168.38607719101313,178.5203385504725,166.31491368763557,85.88179568394754,97.73722626507904,Tadasana,frame_0003.jpg
152.52371990685583,161.29138984823942,176.62624727738842,171.9930263096561,177.70179076387814,169.0159833529862,80.12268290059332,95.99636389870301,Tadasana,frame_0004.jpg
153.72569915349212,163.26399205096908,180.25181540584282,170.2069319288966,180.28797053131237,168.1964952905232,81.65793031511146,95.01954279512564,Tadasana,frame_0005.jpg
151.14997530947332,165.55449019814267,178.00745400560928,171.4792614891956,178.48179757240447,169.93262739426407,86.96800358695,94.68183017880064,Tadasana,frame_0006.jpg
152.03636801024288,160.07120804003472,177.62107673588497,171.8056809918103,178.58889718785738,170.08321073505024,81.89940050308579,99.52247772038307,Tadasana,frame_0007.jpg
150.75810744225416,164.14343454716268,178.55590663466833,170.6004616831865,180.09127125269865,172.58914261215492,86.85732006171226,98.4842892407571,Tadasana,frame_0008.jpg
153.9231315201789,165.61309821670815,175.0739164346644,170.75482455050854,179.49711290384,171.29102851295642,81.12400740275834,96.9182346759921,Tadasana,frame_0009.jpg
153.4946174355365,166.74197081100877,176.5936004679607,169.16487849930473,178.05749176427943,169.7699236798347,86.4681655964831,93.66689918166445,Tadasana,frame_0010.jpg
150.3602430947679,167.9020147064567,177.8545805154941,168.78300509240546,173.18416311948323,175.91204089669046,87.14043216783158,95.47160383891541,Tadasana,frame_0011.jpg
152.91298850103593,165.6301972402872,181.14605289643455,173.53191066294076,178.65536704381515,168.67367975774033,84.01375146035922,94.83698077708083,Tadasana,frame_0012.jpg
149.6931811549054,166.80256814149303,180.78750577114437,171.7583812934713,180.18690125505813,170.5125724201784,85.50921440880397,93.50104013899848,Tadasana,frame_0013.jpg
148.30807879832247,166.89750798438035,178.1686602276817,173.38975708458486,177.4091612100705,168.78896672107334,84.67527564141203,97.76480575298606,Tadasana,frame_0014.jpg
174.63678069044033,159.2339434056412,165.06851230703495,181.20123158545923,163.39137869420128,74.34361807522225,80.67192624278022,129.84516770184158,Trikonasana,frame_0000.jpg
170.31066953394358,158.24526741642435,166.48634428878208,175.9898284384503,164.9821054403803,72.50287621395259,81.92409360660464,127.5695111575084,Trikonasana,frame_0001.jpg
167.27406376212295,157.5676836968811,165.16626666624938,177.35260283430998,165.1497423991223,71.27759730291066,80.73424523596081,126.01147123377565,Trikonasana,frame_0002.jpg
176.09958612428395,159.27055637201283,164.1680762446345,182.90203580953923,161.28212318641417,71.76434225221381,80.8459269434431,130.33198117063174,Trikonasana,frame_0003.jpg
173.68512934370153,162.1701578045185,165.91492544479058,178.25913303935707,161.51490711677923,75.81586030282864,86.67248401164211,126.63383548761945,Trikonasana,frame_0004.jpg
170.90111867147183,165.01571211477636,165.96401355680055,174.94803967460513,162.034408130039,68.65349481629191,84.94502030747928,122.64019677510836,Trikonasana,frame_0005.jpg
174.71922001723414,155.72735569719111,165.78977361559168,176.60301827521255,165.60411602220015,70.68215196627743,86.92205780825019,126.64544206346812,Trikonasana,frame_0006.jpg
178.6263900928307,163.86143405850135,167.89055009926147,179.6036930374935,161.317091082148,74.54995513343547,80.88978171135376,127.02340508808958,Trikonasana,frame_0007.jpg
172.6041521517172,156.9748493706333,169.4105087397469,180.16450705826338,160.9820554584766,72.25531810796838,78.28476475357908,130.23194820912627,Trikonasana,frame_0008.jpg
175.38995231569396,160.86605430155234,166.1472705489872,180.33309703232936,160.09163761733512,68.27207797671917,82.17403133084748,132.46796056816987,Trikonasana,frame_0009.jpg
178.9912780516175,161.57866302701257,167.36338445994454,180.4468005681401,161.22278778527053,70.33610739192723,76.85565050686223,126.74006891891823,Trikonasana,frame_0010.jpg
178.72484022323187,159.9840310162591,166.7316104893952,180.38313959106733,163.99113462130433,69.46600309163054,84.92924267538132,129.9404669205828,Trikonasana,frame_0011.jpg
179.50996188316793,164.01013920686475,166.44994271118347,180.80954225560504,156.74213771654823,71.41426713160456,78.36494461749761,128.89856844885622,Trikonasana,frame_0012.jpg
174.08243868374956,159.43468367461162,168.03324147362017,174.09926633799117,158.95995461388895,73.88604678964914,83.03605801036281,128.5128040837088,Trikonasana,frame_0013.jpg
171.71577662860483,158.90095965841567,169.16238687784536,175.4082119246065,157.75888398063992,69.2446716123287,82.4954593559799,129.3343706042052,Trikonasana,frame_0014.jpg
53.84414808859972,54.53796498062835,167.6659475650603,119.16762198403757,178.02830940694764,134.11964554857173,88.15329682500585,103.03792013970646,Vrikshasana,frame_0000.jpg
51.91069268956779,55.07373927933892,164.49677167208336,111.98212800665375,177.04017880947137,130.62328376393816,91.20517864571622,102.72123620653035,Vrikshasana,frame_0001.jpg
50.019954378359614,43.17395180859893,162.53654579695436,95.04841175755826,179.98186920860934,127.85206108048767,87.39138221850189,102.70734199995294,Vrikshasana,frame_0002.jpg
49.22365569896166,41.37968399172494,154.5340361605554,90.43517142722672,173.93042980075973,123.96991199238438,87.83774641968334,102.88921542404847,Vrikshasana,frame_0003.jpg
49.99021255885309,55.47734061395288,160.32564088050057,101.64690212720785,182.5684661389538,127.63492010811623,86.42658706087273,98.52602369065586,Vrikshasana,frame_0004.jpg
50.00764694049113,50.09591899420144,155.5711215555103,97.27122781192398,179.57415756954813,128.37719254908856,85.79659682036186,100.25239441894924,Vrikshasana,frame_0005.jpg
49.103251375664925,58.637010336788684,165.1726538325854,120.07104745121302,173.6134650853977,143.05642078364085,91.39207469843477,98.25040304097547,Vrikshasana,frame_0006.jpg
45.632200522118026,51.801629858980874,161.9174778764422,120.20248914282416,173.56592106408525,141.04988443469097,89.7505663135684,97.70495856024579,Vrikshasana,frame_0007.jpg
47.39251761192523,48.35256032201871,170.64230905095516,125.15048538392341,173.3571690200057,146.33602537764313,87.94069331952637,100.08025068453497,Vrikshasana,frame_0008.jpg
51.68909349482499,50.79018217810124,168.27105754006377,126.38122923152856,172.1644058204505,142.45235675096652,90.18796955903845,99.06753434706187,Vrikshasana,frame_0009.jpg
55.07097217617885,51.49295082626624,166.81800858030692,121.66737634140746,173.5983041409417,137.27892126647328,90.0323173163639,101.14782858374856,Vrikshasana,frame_0010.jpg
53.41972052140412,48.02579871389498,169.94423266660232,118.58650302130202,172.5117515998319,135.88294913861674,84.28654994255535,97.85253159880244,Vrikshasana,frame_0011.jpg
50.0378059493131,50.52891362610362,166.35751598041375,122.66488538474299,177.84009312035394,137.7087723917036,92.0803048015634,95.35138869392472,Vrikshasana,frame_0012.jpg
51.200771044470365,51.509522832956364,167.32303037424356,125.10345187991146,174.57487259966987,142.6177181925176,86.95528691837252,101.41137452434538,Vrikshasana,frame_0013.jpg
53.8111148430219,50.92854611411303,161.19913695170519,124.32354750039495,175.2836780694681,141.7399369228252,88.60729951173803,102.04919226195778,Vrikshasana,frame_0014.jpg
106.79796089519547,104.00193522094965,153.04972867397566,149.7441515822998,161.44148903823503,163.17278627836833,137.18449478961452,58.37117334689463,Bhujangasana,frame_0000.jpg
85.01431307437905,59.55505260945481,173.75184954081615,171.66812090921695,172.94819941731927,167.62883525734316,126.5584623640953,50.04679602204691,Bhujangasana,frame_0001.jpg
171.74136639295662,164.83544308219058,169.53889259025414,165.42998002431446,176.79975217781407,166.3142401059487,-0.11539208429918457,146.94529104825105,Bhujangasana,frame_0002.jpg
68.95573569603945,56.95710647683195,177.31755664659798,175.05007540330828,177.82019565195083,177.5619934570971,91.2569086612617,84.81564141130279,Bhujangasana,frame_0004.jpg
145.58430484482568,80.6424846255795,162.74390082543732,166.06916050594646,170.51453552644583,168.85639923720856,132.96262553367248,55.82392141337819,Bhujangasana,frame_0005.jpg
147.98330024346288,78.80252655367374,170.5092300783791,168.45488925779551,171.80470516558987,171.26478488148766,126.98320618777723,57.184127326214806,Bhujangasana,frame_0006.jpg
133.86111695391102,111.58193730292,157.67071107891704,156.6163980482366,172.46521950279285,166.05812365867575,121.77071709182044,73.12017489898186,Bhujangasana,frame_0007.jpg
127.12383042139956,125.97683552385976,157.04393549032716,150.8290605468083,177.11798231579908,171.93133054155484,17.54205411107923,127.12941250894075,Bhujangasana,frame_0008.jpg
159.2718179325521,147.33872774306852,159.4533261626817,148.66500761233496,162.88025360256802,167.9277324121351,131.14925256607958,80.9661625855242,Bhujangasana,frame_0009.jpg
176.07627672767126,165.772114399547,159.51051040495042,147.0038989878678,154.5885465245943,164.64169628598543,135.66297543309256,89.67790954398525,Bhujangasana,frame_0010.jpg
173.93049102291613,163.7959193833385,156.35059432272587,150.8479251775413,152.75593752174743,158.20255489636256,141.47898638981135,84.28355341152017,Bhujangasana,frame_0011.jpg
171.97698515282076,165.73486107271742,155.1635518390012,150.28157593728247,151.83525480292056,160.43192399949862,148.16986526015967,97.34854566641233,Bhujangasana,frame_0012.jpg
179.05899553078874,157.7605743527809,155.87648171187044,151.34159304198474,149.6145839249836,159.55975706645657,149.05667217696345,98.17170631019577,Bhujangasana,frame_0013.jpg
175.1085805827355,153.14205842672067,170.91100027176287,161.494826590111,136.75010228980764,159.25459596137208,61.38426850988857,143.3440339260764,Bhujangasana,frame_0014.jpg
160.16852498738646,68.16981068677433,48.201206118723604,60.894814570524034,105.53820199038665,117.2749294863429,77.22419108296,97.83429908112538,Padmasana,frame_0000.jpg
101.30651021760926,63.30713397278901,17.375726750577066,38.70754964153788,66.22909106955531,89.40189366202787,79.9649773134561,101.55523446878075,Padmasana,frame_0001.jpg
82.26832252284757,76.58693883864149,45.01390099985673,78.80372136307085,97.39726418859493,133.77748659700498,82.31222622825773,98.80034780483327,Padmasana,frame_0002.jpg
137.60527992489477,105.76917343388864,58.02088125024602,99.6620961175102,104.71937845309962,143.09022289726454,76.2675018629424,100.14454646118698,Padmasana,frame_0003.jpg
134.88255241776633,89.62598659471065,57.47993294840985,76.5591212762382,96.10690527846089,118.9966181097149,82.24971304223844,102.80036917223516,Padmasana,frame_0004.jpg
124.26669698227013,99.44673174845494,55.721949221155874,114.58761432754335,93.53679178069349,167.49020370423804,83.63340851346508,98.85116434038314,Padmasana,frame_0005.jpg
144.363218273654,167.17636393949027,62.494898359638626,81.59728823947036,100.51224714174099,127.52567791319206,80.15785255967674,97.74489352673035,Padmasana,frame_0006.jpg
134.667081861046,159.81764091889195,68.90806013653251,95.63269714654375,103.96166133266932,151.33654870193556,81.06843908915076,98.65188458945654,Padmasana,frame_0007.jpg
103.60097356888352,133.63878617079618,130.499862069434,163.63490064516512,141.8592572607866,120.33767749699787,85.33481464581064,101.88268628033966,Padmasana,frame_0008.jpg
91.5289956268331,110.65133005738461,100.31154125836414,162.23030816959744,133.05912023206008,141.7011166261167,80.33907355463948,101.96172488399867,Padmasana,frame_0009.jpg
96.07051187796364,153.86048041518225,85.25667583819921,160.0978103637742,126.09202574010023,132.49621941374247,84.03872466836486,101.23013962750446,Padmasana,frame_0010.jpg
99.06934517941203,174.32886129946266,51.748857549769426,173.30981438023824,95.74323614843703,105.02523441458015,83.42437511028152,97.3967126075179,Padmasana,frame_0011.jpg
128.0983779183947,120.58667560624882,60.32019475166941,138.89618927394866,133.93806434446657,134.46635675062606,82.2119127092052,102.48212362201077,Padmasana,frame_0012.jpg
170.993453917368,80.11850720642566,61.903484057049745,127.70138711356833,121.85969806255694,151.73660140233028,79.83247500622392,98.00788720177276,Padmasana,frame_0013.jpg
171.58371418080526,181.575025743736,161.70697290571113,102.23942552227525,129.06024121228089,127.4547707602842,82.28987505392782,95.14779585806721,Padmasana,frame_0014.jpg
149.54520348800293,171.1117181113279,164.6988247779362,170.49275797990302,180.17204839637864,174.08411308413986,158.15580215095437,49.854612426129435,Shavasana,frame_0000.jpg
154.47117010860964,172.46667905261606,167.6800196135857,171.05112307859997,179.52632833905494,168.92728538076238,155.93097884159914,50.6058251312464,Shavasana,frame_0001.jpg
151.3356946313328,172.77563745726857,167.79933259843705,170.61886575792195,179.0212651311575,171.20891641934392,159.44843195913435,44.50787511823683,Shavasana,frame_0002.jpg
153.1576667009263,165.94117628624778,168.5320124393155,172.12856386551195,175.75613728849032,168.59413132288128,154.90717232719086,49.828386955269536,Shavasana,frame_0003.jpg
152.85628209338884,177.52558513488847,169.0473796074199,171.28462700626648,176.06763847945498,170.81038448469565,162.999275666333,47.46668035455018,Shavasana,frame_0004.jpg
153.09466997981778,170.61612673227847,170.80324729120196,175.73854658001628,177.97744794293163,169.95928731025336,154.7244871464282,52.34663233494695,Shavasana,frame_0005.jpg
151.48645551468587,169.84941385088234,168.66876694725215,168.17978508154988,182.20169069412893,166.6268027493121,160.62154291073716,53.14342157888336,Shavasana,frame_0006.jpg
152.30296679940272,168.55174116695687,169.8241029871457,171.66293284094007,175.66576094937943,169.2945181390427,157.24168588698902,48.51398094613481,Shavasana,frame_0007.jpg
157.75127937889485,174.79332546143374,169.3692898270576,176.16017884190947,177.66388064515905,168.09966529654412,158.70166337106826,41.67343172628165,Shavasana,frame_0008.jpg
149.20581126458615,168.79688516203953,165.58690134279556,172.39061555316178,178.92149650419495,170.97671226888755,159.04996688720996,51.13249471867878,Shavasana,frame_0009.jpg
147.92955997191748,168.46205657306152,169.21279719499145,168.81077641182966,180.97054555695306,168.63497913097632,159.5811889392981,51.866438282019416,Shavasana,frame_0010.jpg
146.91460519953944,167.18802751243635,169.74442210835699,166.69960535092812,182.93205681436385,170.16259932189396,149.4063926161654,52.067297296195086,Shavasana,frame_0011.jpg
150.40690359519908,172.22720594156226,163.28115830693974,172.30298850340776,178.03949523590288,168.29497121803624,156.53733714864242,48.57510160841582,Shavasana,frame_0012.jpg
155.55314992336585,178.41325366981968,169.05762565530014,173.00583978904692,178.86937404015663,172.14465911307963,158.25900747562773,46.84280702711864,Shavasana,frame_0013.jpg
153.87971412130773,170.77424742415153,168.1882039359796,171.1452335198913,181.3702026564985,172.8089325954743,150.13995814594395,53.12550102000391,Shavasana,frame_0014.jpg
147.01682502344877,157.50072907280304,176.10066485521858,169.1217365771538,177.0972920995648,168.92801349182724,79.12333866620205,97.51005675732414,Tadasana,frame_0000.jpg
146.8550103383527,141.94042121209506,178.2704088381406,170.67352954946242,177.87065702465378,173.77480923535137,79.43109330645274,96.28667492217403,Tadasana,frame_0001.jpg
143.9659777688945,142.96155733362014,179.31382309300747,172.34668784863078,174.90840819532474,167.56946387785422,80.09076668413667,94.72477224119334,Tadasana,frame_0002.jpg
143.74656775343703,151.61010419217453,182.71765898980482,171.94517072911145,177.8625045607754,171.9972733262961,80.67455243030058,96.34522938730241,Tadasana,frame_0003.jpg
148.02670659138727,146.09622263594574,173.33170619639304,170.2024424904766,174.20425755698145,166.7202503491836,83.74971949692888,97.91272420652707,Tadasana,frame_0004.jpg
146.71411045373094,149.4647305625362,180.10091776706133,168.91041314599832,176.78910467786793,171.51369630661497,81.46850482676852,97.9402791981275,Tadasana,frame_0005.jpg
142.7465872018124,139.38485458758365,178.91887121824104,170.97478870470945,179.96949431286023,169.32517729243466,82.71377804924487,100.0223494393289,Tadasana,frame_0006.jpg
147.4856028973217,143.1452510422945,175.46071055071326,174.2564401269641,178.05410649499706,168.72422683261112,81.04407393773864,95.28079163653278,Tadasana,frame_0007.jpg
146.29319848326563,143.00392940366393,176.99926687539647,173.2583995409687,175.96047935528338,167.14994082325728,79.80699232950988,94.42700694182267,Tadasana,frame_0008.jpg
154.3849057213186,152.87301821470996,179.20449042029628,168.64405407922592,181.66685566155135,170.33458555302744,79.78392087511324,97.29544101744953,Tadasana,frame_0009.jpg
148.33968725709167,161.3022712610795,182.46937730963865,174.66757785810051,176.6818147368696,171.74578334477656,83.70347534731962,98.54536499300072,Tadasana,frame_0010.jpg
152.45985040785925,163.6970959084272,180.31392699550526,172.98754590639447,178.1771610688404,169.92512697226604,83.18653256296327,99.4434229903484,Tadasana,frame_0011.jpg
157.5065004587174,156.13078524410312,178.0471105190067,173.05887839969535,179.5210186793039,171.78398084333264,83.58667748388673,96.82008208649683,Tadasana,frame_0012.jpg
153.83492043043617,155.32944829463267,181.24115541035556,171.5140639161854,175.83816356716665,168.33507225446374,83.73047877354131,96.55382283113207,Tadasana,frame_0013.jpg
153.3857528478138,159.09621744375937,173.76693150534484,168.48812056932087,178.25454277008686,169.68556756412877,81.48321062285692,97.71303130172645,Tadasana,frame_0014.jpg
163.34240778497121,176.06313184415276,180.2389501039644,167.56915911188264,174.81910325609502,164.7497765782365,85.5511594710923,101.71109904556616,Trikonasana,frame_0000.jpg
159.42748659614836,173.11229972089097,183.31893163228193,162.65741948674003,176.72409928691977,162.0957657451171,88.66185083329391,96.68114692530644,Trikonasana,frame_0001.jpg
168.52235497477827,175.71211967366634,175.95227003720044,162.7750612258266,174.9304414823934,163.71886467904545,85.92009190018544,95.37986201193026,Trikonasana,frame_0002.jpg
160.54446710083926,176.91029574019484,177.95552096165264,168.33550025435125,175.72733436981184,170.72971583519154,86.64559812684934,96.94492211487814,Trikonasana,frame_0003.jpg
163.6841892541825,175.66388823134065,177.51981777316172,175.72312992816128,179.8631323564016,155.61458963004026,90.04210259820195,95.0373347330041,Trikonasana,frame_0004.jpg
157.31298755853388,172.3544986290398,177.18380706166815,175.9254819672421,177.60170850258572,141.69825324886165,85.07832657400363,99.06972042078367,Trikonasana,frame_0005.jpg
177.91515139499708,169.518324613936,173.4606065007189,181.84036041135883,176.21251313920783,118.52826796571055,88.49077316724544,108.36108239318281,Trikonasana,frame_0006.jpg
176.57889501960497,172.81031693524244,177.9453242174815,171.5220793997079,163.64943665910943,106.81519043825871,89.3094486623591,105.71986268103335,Trikonasana,frame_0007.jpg
169.68605456653316,177.58987482217202,168.22317042838696,174.5395823031585,148.242897131082,91.53066387256224,86.82383868429181,118.58114184233399,Trikonasana,frame_0008.jpg
156.7090781446135,175.02217398656904,179.6290439219354,174.0932287362444,145.16660897274292,116.35657578500542,40.593819784416276,163.8354697061759,Trikonasana,frame_0009.jpg
173.10340524025793,169.17916331024495,173.21619702643818,177.74966813057503,145.68703781206708,86.58358135931343,78.33314871954788,128.5170922303189,Trikonasana,frame_0010.jpg
179.4644994933473,161.66647217968432,170.233167766765,169.54525044936923,153.33944670709582,75.92328365613766,85.52474954328204,119.45266399786065,Trikonasana,frame_0011.jpg
174.28059821646886,151.87997063082005,173.24891551390212,172.57897319126354,141.00447317458148,75.80890095468192,80.6848357375949,124.84080485605656,Trikonasana,frame_0012.jpg
175.93800424515376,147.51295856434186,170.5456999364144,176.8297578150702,146.40193494556604,72.58822652427793,78.16718892293805,134.55178313457074,Trikonasana,frame_0013.jpg
176.29365287020772,149.54224347957756,170.22462093495542,174.58990625861236,144.3569693568467,73.84693836313475,80.16604036155331,134.19092705130583,Trikonasana,frame_0014.jpg
158.71118938007714,153.768704194018,139.77591498557388,165.77098814543498,162.97077423699494,177.2716533575344,80.3107349708758,93.43557356343966,Vrikshasana,frame_0000.jpg
137.5275072690694,133.36159117065193,154.20428230056982,170.05695900530074,173.6405714025969,167.31708557042634,81.44825602143891,99.12001718252075,Vrikshasana,frame_0001.jpg
83.74867806800745,57.90769838586196,73.92051751165715,144.90124311472727,132.43021234038443,176.2921644137524,80.98914757633402,91.7120593012312,Vrikshasana,frame_0002.jpg
61.29080456777441,41.98572919158994,68.53158093443848,145.33205773906073,131.71136585578324,174.9894761547513,80.01639208015895,93.79585627079157,Vrikshasana,frame_0003.jpg
51.978804336832724,42.337623179827055,68.44565702396423,144.99635503709752,132.83537069520986,175.06039388406776,78.48495832403307,92.29959257329713,Vrikshasana,frame_0004.jpg
56.93029511216876,40.51760807239204,69.3991493533338,145.82280950466406,130.28280096542804,176.36066276896446,81.04534228020441,91.80573984024403,Vrikshasana,frame_0005.jpg
55.705759792076186,43.61209145120614,70.84169839823369,147.6039847335801,130.85116781093026,173.01623191312223,76.9488804879816,91.81970548851234,Vrikshasana,frame_0006.jpg
58.796783416225026,41.09204184180358,71.56939646008378,152.79469684468984,132.325828563487,171.7749215293134,79.18581745341477,93.73728432708901,Vrikshasana,frame_0007.jpg
57.233885331676525,39.35005580571647,71.24562476282705,146.46659661307808,129.6815531927021,174.39353901847244,79.51326138138091,92.57209299178662,Vrikshasana,frame_0008.jpg
57.58608634458845,38.81061327625515,66.47287714973137,145.34595018551167,131.84814672398463,174.30502785107151,78.21754406494182,92.56663751702814,Vrikshasana,frame_0009.jpg
62.34573417664614,43.99005526995399,65.94335478309078,143.43740258639343,130.6279041489552,175.49556427017149,82.80112259756547,94.21133860058542,Vrikshasana,frame_0010.jpg
59.44474734444531,45.359162738167825,69.48533640950254,145.31924543199742,131.00527070583402,171.74253348296733,79.42824602039636,92.66403384392719,Vrikshasana,frame_0011.jpg
66.56839949554686,42.51904410191537,66.8565766100912,146.00264665853553,125.46341061810622,170.83737475163747,78.46735447400992,89.26721947027985,Vrikshasana,frame_0012.jpg
64.2133839072522,40.86295250026338,72.8247124091683,145.20327141243493,131.2730094499803,174.79239012573305,76.78088052655951,91.7280438329566,Vrikshasana,frame_0013.jpg
65.20792169231932,46.12510554551025,72.00028674089513,144.44286556990033,127.6953523110976,173.89159275008637,79.3125618060145,91.96508915507364,Vrikshasana,frame_0014.jpg
131.28366662965632,64.83898193359482,157.197434406627,157.86582668727635,172.69494916572222,167.09898480754083,122.69745076421374,63.041905323479455,Bhujangasana,frame_0000.jpg
155.27233191589957,46.5087750496301,164.03062189358795,163.88456791649017,165.84587260730422,163.0683205810002,127.88630449636902,53.686616952115095,Bhujangasana,frame_0001.jpg
62.05419244377249,35.51225268081012,167.4371109713295,171.1028346902432,177.57458431251717,176.19518832240254,143.83698118444448,53.53357482162763,Bhujangasana,frame_0002.jpg
26.382998485947734,51.79880968302797,174.3599615604318,173.20617429996852,169.39426867256304,165.42494838509745,138.99661055298952,51.64830018886358,Bhujangasana,frame_0003.jpg
96.27395331913256,45.10751137294903,177.32053371293603,172.89396543269402,178.95078044992357,163.48541148700602,142.91383571520868,48.17343629874314,Bhujangasana,frame_0004.jpg
3.9919541399675946,43.19530308925458,173.2085389420785,172.94095902850677,170.47800205821886,165.73928143526575,131.94231911433718,50.373472868838626,Bhujangasana,frame_0005.jpg
72.50486469819128,40.245021215611935,179.07390920319767,170.73902260564498,178.90157960046122,175.06873697455433,147.37507618961814,41.606650137068286,Bhujangasana,frame_0006.jpg
55.291585682885774,41.28892673953237,173.0868400436636,171.16082294011488,172.11347373979575,167.88055432558548,143.01034564868857,40.958361240017126,Bhujangasana,frame_0007.jpg
36.347961770331416,42.64975731322142,174.063828119663,171.71210509238296,177.8852339259773,172.77487943781105,137.52778763745513,47.4050557022649,Bhujangasana,frame_0008.jpg
22.658263302856792,44.63164292954847,172.89189877875293,166.32016339172174,170.21035093217847,164.94048069911648,139.50571220708179,43.015060472466814,Bhujangasana,frame_0009.jpg
42.70184053965865,42.858068685571034,182.52136408342696,175.8815400350193,175.23128568696737,172.5793521470676,142.8372389280412,41.63296967953167,Bhujangasana,frame_0010.jpg
73.62608181848955,39.41647336510255,178.88420450423317,180.9849414490183,178.3481328052372,172.70938673801945,144.92110307739367,43.10166777669569,Bhujangasana,frame_0011.jpg
7.3029738421325785,35.71576867175912,175.42885510629665,182.44191339146684,176.04473078049494,178.37210378946605,138.13889887107834,57.51237240043557,Bhujangasana,frame_0012.jpg
18.4621474689868,33.75598892086188,173.7262243735072,171.14339664561092,175.1880495384685,165.42377732943297,67.55700121337645,105.20262419730507,Bhujangasana,frame_0013.jpg
28.110842956678507,45.55914635971169,173.40397740219183,175.4078509324145,175.36656853244716,178.1784453542437,72.7778148552446,103.50295525400308,Bhujangasana,frame_0014.jpg
144.22584060681197,177.5997064701582,157.49075700032424,172.4941077011203,154.28448879210728,120.04116002402203,77.07812915348295,105.73811908613538,Padmasana,frame_0000.jpg
133.06526901698103,167.35278748561814,174.54245366623633,151.46117105962728,159.02494656992118,115.6232755831046,81.35125080532477,106.85090270372696,Padmasana,frame_0001.jpg
127.14307657178668,166.40600085738953,160.11821287007461,156.21770420810563,122.26305884585098,104.54049139860807,81.08853135875502,106.4834086070294,Padmasana,frame_0002.jpg
111.85875285394103,169.74844157281768,145.01239405655429,130.010154786408,113.73426250959174,87.88356947798334,81.100128959881,104.03394329547933,Padmasana,frame_0003.jpg
102.73178829487452,157.9643835461238,176.8004148141476,141.11005833641138,123.71697915266179,98.72110801157552,79.77557948390354,101.06982362564558,Padmasana,frame_0004.jpg
104.5298189589346,174.0400601039133,147.1110238368342,103.89976453937636,128.5013176424566,103.75157263721546,79.29433991438393,97.51212511712949,Padmasana,frame_0005.jpg
102.66682776500485,112.25429539116894,166.09699025830133,124.49363064772376,132.49892643892642,103.34687292034498,81.2479028480344,101.14812494003377,Padmasana,frame_0006.jpg
173.552503546126,179.87325874642355,134.2656716281674,174.0724766694962,180.01707118955952,140.33209491636788,85.54914382888202,97.25491209964034,Padmasana,frame_0007.jpg
165.7565801357257,177.8953336234423,177.9559007764516,147.41196872011534,173.10325572759328,120.55228065341109,85.43445844985202,93.9027151280504,Padmasana,frame_0008.jpg
151.71255794165117,174.05026801594246,167.61976664212864,127.47500882075582,146.73944395430385,118.44078115498118,74.69047775735908,102.0000615814249,Padmasana,frame_0009.jpg
166.4646782336352,165.5450046383939,102.71876374523825,117.13214168892634,149.27455465103642,173.90263063460574,86.28619416669545,95.91131597358809,Padmasana,frame_0010.jpg
158.11332410239297,167.8870977918054,124.60959252960706,112.20270958135714,129.8032945382149,115.49765795168543,77.88539452926568,102.35861895771332,Padmasana,frame_0011.jpg
171.03930970907155,158.79686238516874,122.15660323718137,99.31357258579645,128.33476719436308,114.49188525894246,77.50465031262172,98.40372269528129,Padmasana,frame_0012.jpg
165.6439147507193,164.17375419987565,117.04716796336743,64.14228611720138,136.52599935054508,118.81165339922399,80.90981832093237,102.45719400684608,Padmasana,frame_0013.jpg
169.61818706386242,168.90912657763081,128.9091131808189,118.52344921974887,135.75001746268066,115.81236739208958,83.51388446966895,99.6890000650281,Padmasana,frame_0014.jpg
127.17840757362622,163.7850812221526,171.69315882762496,178.70958519233182,116.0947239339746,123.91884872417366,45.20336994162126,136.31377250573271,Shavasana,frame_0000.jpg
127.50428946003558,163.52250247570763,171.17246244061488,177.96629094034125,114.46598059235676,128.1285181055782,40.51750486080026,130.98822013850855,Shavasana,frame_0001.jpg
158.06689380236864,180.38812524799565,166.9777595807091,169.31586945695378,123.2856963687595,135.16112208764682,68.31020150017184,115.92779250799751,Shavasana,frame_0002.jpg
176.6143224842433,178.0298244950363,169.52187564464003,176.35102060853055,143.09385985731322,153.69565755417366,43.60660368243648,122.20509349006277,Shavasana,frame_0003.jpg
13.920987483395068,10.416224382442673,178.41552059529886,176.61905523120015,171.71462593958327,177.40896184176466,95.94354735116681,87.51368455828256,Shavasana,frame_0004.jpg
172.68570498557654,156.11882578947564,164.075568241694,158.02992750902416,173.22614432404282,165.41554839707845,105.09410222527121,78.74855505380484,Shavasana,frame_0005.jpg
173.4858184069758,149.22667189009664,172.30882503756018,166.16862609319884,178.85444615638187,171.34771930436665,97.71783817760665,77.60964670391441,Shavasana,frame_0006.jpg
180.66719946886553,164.62553477303578,162.95333101190775,156.50154663906056,171.8570369004456,162.566120281138,112.45868275904887,70.15002011075882,Shavasana,frame_0007.jpg
174.81395236186302,160.5971146191637,163.54757059230806,159.08072914735774,176.12743296577364,166.23930465803713,99.72089079533511,75.71148954529069,Shavasana,frame_0008.jpg
176.00120402322366,151.98518605381375,172.5334556433192,176.4309205549804,174.03471452391722,178.56948953757004,92.84191438840445,76.04838579875579,Shavasana,frame_0009.jpg
176.7838060406702,149.4847478896014,176.4267880644137,174.25058796925632,173.050476646694,176.42073217323286,93.07428650871834,77.40829603795625,Shavasana,frame_0010.jpg
178.42973369245757,139.63416055521267,171.57810646818803,171.6937052270895,173.4178497850212,175.7499529899813,96.39370970567235,78.22701307228687,Shavasana,frame_0011.jpg
178.85542961963688,147.20781400335252,161.9579801595338,159.1942666551026,163.11607293768844,157.48447601681585,124.25621370718952,60.32460799992235,Shavasana,frame_0012.jpg
172.64854873048742,134.38207157618982,179.7757404800306,180.66096116806645,178.06146482670303,179.99407170805813,113.23596130802069,67.64320362002739,Shavasana,frame_0013.jpg
181.90895103792562,136.49783202646827,168.07616187738702,172.84192518414258,176.98980813673944,173.76454584351745,113.01127272218831,63.29747793999157,Shavasana,frame_0014.jpg
59.94620690725665,64.1990050088541,174.73398062342054,174.68150799059126,177.29413358116173,175.2836117914203,84.9700738591018,97.19946966422438,Tadasana,frame_0000.jpg
60.29393751646172,73.93215853453337,175.69381015943233,176.52778833628042,175.3081146675049,179.81391593893807,84.8856090156197,97.55467785153553,Tadasana,frame_0001.jpg
64.49978827926223,80.98585489714793,174.39284546518184,178.24004826816412,171.56409430559248,176.9619818206428,82.39411697703682,100.3471376473044,Tadasana,frame_0002.jpg
53.64747185434486,81.08679348173554,175.4502065976305,173.76262492573613,177.26929586476166,180.30484189797983,84.30741080365588,95.94453806940838,Tadasana,frame_0003.jpg
116.82799996146449,106.38541742072343,179.8355245153188,173.7808933792212,177.26589944116864,170.6485504115327,81.22151858337938,93.44348839742486,Tadasana,frame_0004.jpg
138.7711468477093,150.47907119280168,175.5039370704465,174.96378674470338,175.94298293154398,177.74132734934145,85.6120695616116,93.94340913342764,Tadasana,frame_0005.jpg
141.98402292027328,128.7881180180852,178.75652792073538,175.77529944305215,175.6785481649844,175.20025190930846,83.243537852394,96.13100514981427,Tadasana,frame_0006.jpg
149.74124949578362,142.7375164799011,179.79098151718992,174.020800766168,178.52384800216683,175.93731372306172,81.4730784244642,98.28462139057241,Tadasana,frame_0007.jpg
143.57328912081869,151.21230236761775,179.17341877736624,179.6172931271619,176.27050793423092,179.35530687165328,84.44976011979679,89.94503994933208,Tadasana,frame_0008.jpg
156.41425456763844,144.9939033825417,178.13421410697836,171.0993212154852,179.2766178923433,178.00939239453865,82.20630812449971,98.62823231292536,Tadasana,frame_0009.jpg
158.3009707918793,158.04950434525887,179.80204447784564,176.33692132933203,177.44826081151206,178.32096345016373,83.76088673995501,93.64237554418968,Tadasana,frame_0010.jpg
155.5314032297336,159.6829862607091,181.52313406517774,175.2250474516871,181.3868599656246,178.79309246155657,81.80201299646225,93.59340862493589,Tadasana,frame_0011.jpg
154.9491725265539,153.47414293901917,177.34745644448958,173.81234186536415,180.57920300591334,176.6288338120181,82.51360099018342,95.72142932569288,Tadasana,frame_0012.jpg
156.1225809972313,156.6410735064269,178.84333661055177,173.83077101328377,179.01192012989048,175.90877385743667,88.0528545696152,91.84663625013606,Tadasana,frame_0013.jpg
156.59716963679665,150.35717547829813,174.84855900016933,173.09092178149973,177.4492714568537,172.60500916048073,80.8664468903086,94.78730745785491,Tadasana,frame_0014.jpg
108.79920052915602,105.45769336984209,176.68523973151818,178.35899764212596,172.56223960976428,178.22745027017496,84.56587627692294,97.36567908892643,Trikonasana,frame_0000.jpg
99.4625688273656,99.52090919348521,181.41343982539036,180.89563448977543,169.2047950482575,177.26570199298803,84.55961961407219,96.11611378665918,Trikonasana,frame_0001.jpg
138.5872078358737,132.2162606273532,176.47462977361218,178.26147729835196,173.42959194049763,177.01335671870206,87.90995898800107,91.94940957242521,Trikonasana,frame_0002.jpg
170.70501065638382,157.04048895709454,177.65686346406517,178.10033989832226,172.52262543870356,173.17418071131053,89.84241306898564,95.14020272906434,Trikonasana,frame_0003.jpg
178.37369425514245,161.09169504937577,181.28178043221564,179.86227158453272,171.97172250767116,167.89512118101123,87.80717443788113,92.39188312056848,Trikonasana,frame_0004.jpg
168.6377321059594,163.1583267087796,181.29920841641973,181.7584861152474,169.8891301476575,171.68818033469176,85.79560349633415,93.54755777798194,Trikonasana,frame_0005.jpg
171.66479253716497,168.91388531773356,176.2401905101268,171.0039536682839,173.64414327722807,166.00345369123767,87.32975088570576,93.70070104949102,Trikonasana,frame_0006.jpg
174.46975602184642,170.2169335774432,181.59850930554435,172.46063002133127,171.4651935931338,164.9381011308545,88.05517784688733,96.1266297671565,Trikonasana,frame_0007.jpg
168.1823256128561,177.66656083082077,174.7854439350539,169.61636001496092,178.50268766982745,156.92498518391017,90.2374595098977,96.28536227752846,Trikonasana,frame_0008.jpg
176.80286856496406,175.85950996493432,171.92660720297238,175.4915285106085,157.8480051823041,129.91600827013923,95.65035323236957,103.23660311485621,Trikonasana,frame_0009.jpg
163.21755457249486,170.12338669985138,178.41479018465583,162.93474820849818,131.56714052928479,80.75880123564934,76.99266902401833,126.80323266444847,Trikonasana,frame_0010.jpg
141.36792920266814,177.92989710255654,174.91178171226724,159.62046902090955,121.60005416945107,72.81422486467837,71.73239290359028,138.28819827949658,Trikonasana,frame_0011.jpg
134.18380465691436,179.23974990500338,175.51000505211587,171.94594145802262,119.16110979650209,68.00878460139394,68.00857982928318,139.50080804362085,Trikonasana,frame_0012.jpg
152.23609583284608,163.0684058865532,177.04027264663128,168.8582036189838,127.99879821530126,73.48549188455081,70.24515593949091,126.16492167087176,Trikonasana,frame_0013.jpg
142.98406930950821,179.6542355389794,171.96945608896945,171.614486305291,118.94289740227731,74.54385603327759,67.64784703767054,139.0298561057629,Trikonasana,frame_0014.jpg
172.6991300686668,168.6670152487937,179.04240970713317,177.0774258243936,175.25742418233796,178.0263993232609,87.93787821882081,93.3174079761816,Vrikshasana,frame_0000.jpg
171.21216972311402,162.09273577869106,176.18581910104692,179.87541851998228,177.4610810780869,172.55967979496867,87.13105887514422,95.22860038427204,Vrikshasana,frame_0001.jpg
167.35013605865043,165.75562594963512,175.70306369619652,179.46516824564483,174.5242707134116,176.21651071265848,87.17860686944609,95.69242935598575,Vrikshasana,frame_0002.jpg
168.62090190181522,171.472268568127,173.57378485198322,173.51291637253658,174.18399341725845,173.65061947537959,87.35954545192068,91.95801652842583,Vrikshasana,frame_0003.jpg
167.48817918556313,169.88550731251075,162.90960359187227,101.84188369724848,176.86560943481834,140.0535951680557,83.98230589755761,102.7330943544202,Vrikshasana,frame_0004.jpg
173.12438639417292,169.39247618821256,158.04510004181805,94.0366823772906,178.08596472960082,136.0790944426527,82.22565261635296,103.14025916221847,Vrikshasana,frame_0005.jpg
170.60501988011282,169.16736371240034,151.56608716185934,77.43822024896004,180.08362578752158,125.83202869749299,85.36147432789767,103.89243642910164,Vrikshasana,frame_0006.jpg
167.9020263306594,166.4310015004742,174.72637381926,181.90365971972344,168.5287951434652,174.89813380476764,87.72886507250051,98.87545168231408,Vrikshasana,frame_0007.jpg
162.42851763817828,155.0838733053435,171.65302940116067,171.62504259668836,175.38983336977068,175.3719284361615,87.63793766612096,93.73727104098135,Vrikshasana,frame_0008.jpg
160.0254856295385,160.41747924536168,161.3680926570552,115.00170477720658,181.214938640658,145.94435456692256,85.88822979208196,101.29405951364338,Vrikshasana,frame_0009.jpg
36.24935039050846,11.238213365275584,150.71221727420644,84.96792630717891,177.86618960994718,131.08136604647672,85.55630772707045,97.4824175850498,Vrikshasana,frame_0010.jpg
47.268172475545896,37.53285189400958,151.08456325870702,81.82515039453821,173.99830681741102,131.49129336655088,86.33946914475773,101.52109213076051,Vrikshasana,frame_0011.jpg
49.55665881079414,45.588932815462094,150.82851803927755,84.99102009857472,177.6745118346762,132.83598946759165,85.82428110000856,101.64647783827421,Vrikshasana,frame_0012.jpg
54.84149450982891,43.659749405229455,149.68378197961755,93.24848331477871,177.00127120315756,137.83527506386602,85.77079114246452,103.24067224533897,Vrikshasana,frame_0013.jpg
56.545754596686066,44.38065084206712,145.87891512881328,86.0402560089059,174.55984150275347,131.7645776197127,89.53805839849332,104.32080851294944,Vrikshasana,frame_0014.jpg
164.8454522355083,158.78670346377126,159.00809227077235,150.42098262764003,135.81629451586417,152.18281722441586,13.04708664229361,123.5868825799379,Bhujangasana,frame_0000.jpg
160.07996683532537,150.76956466331765,161.65171985910837,152.88857216804797,136.55396679042548,150.76374026430798,8.665610179006013,119.26052299753653,Bhujangasana,frame_0001.jpg
160.9587364254766,152.0319320041666,163.56384216062568,150.26346065332964,136.2142806595471,153.05073955373,0.7917204074819796,121.42844178674585,Bhujangasana,frame_0002.jpg
154.7378081995184,151.81190535374608,164.57358142420534,149.96206300665608,137.62282815102742,152.87665253487202,18.929993565265608,115.49956273659717,Bhujangasana,frame_0003.jpg
157.56660397087285,149.0062666798352,159.19898515681058,150.5054768009467,140.03433085110018,154.46421481181264,39.7464618105755,108.6798793072127,Bhujangasana,frame_0004.jpg
162.53996589060742,149.8704960853407,163.2227520465294,152.3908396087189,138.5628062734116,152.3703902664419,68.6495770170485,101.5517535257877,Bhujangasana,frame_0005.jpg
159.77118497192245,153.74969097900635,157.06487289285883,150.4372452768277,140.26342996434317,155.48014094971242,66.11222482326141,102.03724585203139,Bhujangasana,frame_0006.jpg
162.54837781197813,151.44314871226032,163.57768045725223,151.96417051429697,138.18876136026668,151.53474282675813,20.91621561457867,123.61964001336793,Bhujangasana,frame_0007.jpg
167.1801603540197,148.35601492021172,162.65760422150683,147.12045570001803,134.89860758344773,149.28903458216993,21.012391558223154,121.26436309890111,Bhujangasana,frame_0008.jpg
173.26892788353516,139.98911451252923,162.16860449369977,155.62739914511656,140.22885435270143,155.1432200001903,60.351175621958724,170.7529743831266,Bhujangasana,frame_0009.jpg
166.21845344827673,145.8641099778219,175.3994703930575,168.86475325052422,135.98930593196184,154.0820984685968,48.80345102928996,176.79534666376176,Bhujangasana,frame_0010.jpg
177.85614002677943,145.95455260229855,161.54565141693044,153.1735534335269,139.00625535365077,155.5449141420283,58.869658711869185,168.35932519592933,Bhujangasana,frame_0011.jpg
170.3083606260277,152.46593166673935,163.88220791759807,150.99376567731375,140.88821729824843,157.03114774938618,52.298282516140226,143.4779220673682,Bhujangasana,frame_0012.jpg
165.54766569560923,154.61584821360498,159.90698163373926,151.67029575524933,136.84629885716728,154.75965610457249,7.918676674628108,113.47816606469782,Bhujangasana,frame_0013.jpg
160.54457539537475,154.96024687354202,161.32677310389448,152.3099074827974,133.9221753139273,153.00772308502474,35.53258228267155,130.48574339819504,Bhujangasana,frame_0014.jpg
172.50171692905104,114.56867139240487,162.6970332621919,165.01644276879057,163.01325828817676,173.41726658915533,87.40050637411807,82.63869500838287,Shavasana,frame_0000.jpg
171.5176227306767,162.4253832767571,162.90930308532938,162.3109686742644,166.6598026889117,169.85077822775565,91.24086287509368,90.95534928833405,Shavasana,frame_0001.jpg
169.32643442024502,169.06684897429517,161.53102288596153,160.36510299836777,164.34682892613037,167.93716717232144,82.93580774244802,94.34827736197869,Shavasana,frame_0002.jpg
165.63934143772963,145.8193269520462,172.5294811576093,170.62473885322183,174.13394172352847,178.66269970242848,106.21649316256125,80.88597295163932,Shavasana,frame_0003.jpg
166.13219889727986,150.94967657760742,171.75874200787956,168.61060202997277,170.66576114069412,175.94203250505402,104.0692211737608,82.04767349500422,Shavasana,frame_0004.jpg
166.67958249847865,149.96821758187576,163.93178694717173,163.326528451044,167.10214137613954,173.50043941634206,99.92723952744672,83.47295146050844,Shavasana,frame_0005.jpg
176.65789759200385,134.6899810497417,167.78597927711678,165.7536023076876,176.82606255276127,180.1811034797419,106.4546642157391,76.62070136081569,Shavasana,frame_0006.jpg
165.96598651390985,157.27183945440268,168.3423818401073,164.44040231991605,169.8043848625022,175.72484998226125,101.67470971116497,92.47992027628476,Shavasana,frame_0007.jpg
166.15021739468372,176.04308454427095,160.35728848519915,165.53130259692392,164.9556675556826,174.92039832847703,77.4245324170655,100.85429680648998,Shavasana,frame_0008.jpg
163.33978514049858,168.8651893209048,165.29913904382155,162.66118722787814,170.2087346809987,171.91603403976995,86.81301120299796,94.92824630275153,Shavasana,frame_0009.jpg
165.65063762860572,171.06215983159163,163.4400722444295,166.2782665768272,165.18747544798933,174.89686791616097,82.01633270107648,98.3028711410682,Shavasana,frame_0010.jpg
164.39133584398925,157.12748603301276,167.55820671524202,167.23121656296962,165.61153109861277,173.59574812493403,94.36183525397269,86.91932735167997,Shavasana,frame_0011.jpg
166.37350474201443,159.93503598742225,159.4535357242749,165.70831332032031,167.40647254179964,175.0113714413304,91.19461699487397,92.01425613162259,Shavasana,frame_0012.jpg
168.91526033007284,153.50168012395253,166.4385179408318,169.34467189729762,171.94762552747682,172.88966059964122,95.67945080382975,85.9830805643601,Shavasana,frame_0013.jpg
165.34748601759838,162.04301914283488,165.30834532137828,164.99698889310315,165.4179176791543,177.16942930357197,92.11527633847861,94.15548701560844,Shavasana,frame_0014.jpg
158.9511165256828,157.03689324665032,175.91727542045365,177.73510716174465,177.36615135378798,173.78173360797481,103.64657974630647,85.88742484955607,Tadasana,frame_0000.jpg
159.02560691932752,160.49680369917309,172.0379023227928,178.80415665517333,178.10248331438046,176.23746259443965,100.91694027753479,86.82163879308371,Tadasana,frame_0001.jpg
161.75368323240974,158.10539565983726,178.466020852079,180.552241401583,175.53634891835344,175.2181057598879,104.50321878969795,86.78767470194308,Tadasana,frame_0002.jpg
156.27358951375535,158.42749762031852,170.24080084165945,181.45031642863486,175.69782246841885,172.0187512052045,108.09645077370025,87.67771009872007,Tadasana,frame_0003.jpg
155.47569664189072,150.74317836468524,174.86156454813758,177.1212022478808,174.4751887972481,169.44875931156756,103.34516610516314,91.13945931601202,Tadasana,frame_0004.jpg
157.09834146329516,60.478812473712935,172.55937704961102,178.1402389068735,174.27782122702817,171.27383382651539,89.92963755102475,93.231960391434,Tadasana,frame_0005.jpg
159.98694979678484,94.11934422050129,175.33727721518613,174.89377510618516,181.10943459732803,174.27734936796708,96.48412412725312,93.43845141247387,Tadasana,frame_0006.jpg
156.58680708807756,11.250845116329616,176.64992453308534,177.64486897092905,178.38993947381928,173.09125021462262,97.8597758250343,94.49251791336987,Tadasana,frame_0007.jpg
157.72333471153328,151.48747497923202,174.57925792981712,176.204813245019,177.52101585338502,172.45625044324734,84.15121625180797,95.87911966663762,Tadasana,frame_0008.jpg
158.58624052836097,156.62244830134972,175.82741478742582,177.52122247081306,178.51235573692978,168.7879658298898,103.8898334670101,85.95277774499712,Tadasana,frame_0009.jpg
154.74314634680937,156.65297980029266,171.60760623154886,177.31406929785763,176.59559766279978,170.39750548118928,102.00938383730971,88.79772751741494,Tadasana,frame_0010.jpg
156.22833645691773,157.0639240809886,174.5354200685795,176.82341877796304,177.92416579329264,174.34411437236398,105.63986839222406,89.90817340628492,Tadasana,frame_0011.jpg
154.5875548347844,158.4101482096916,176.10573906653894,177.33547963843975,175.7913799061619,176.65116518428903,101.62135693875345,88.98103980847905,Tadasana,frame_0012.jpg
159.8867151648089,154.98076504405364,174.14496764827484,175.1570441555579,177.1748471478543,171.31670961901298,101.3152345174255,86.19037413376044,Tadasana,frame_0013.jpg
155.03197421880077,146.70918982087957,175.43944031602453,176.5540012137271,180.92086287028764,172.54910833235488,99.57830764780999,94.03098770517902,Tadasana,frame_0014.jpg
163.20499073941153,163.86391679179377,180.35500655392048,176.7871557608554,177.04231035355414,167.17682714594497,88.92793991216014,95.827315077792,Trikonasana,frame_0000.jpg
169.20093875694437,164.66116640121274,179.73604866901118,180.1041284689707,174.20998468214086,166.23008157277312,82.34611265138274,97.12507776502342,Trikonasana,frame_0001.jpg
168.73187979661867,159.86131666286403,178.07309819218162,177.94396277632313,173.9060991902662,165.01406366960123,86.81619102531107,94.9500609788583,Trikonasana,frame_0002.jpg
172.0792700507843,169.02375842825967,178.3119022604834,180.336093722784,169.11133692878136,173.67984940639317,83.58071004527845,96.71115506734708,Trikonasana,frame_0003.jpg
173.14692907244023,178.12501675873526,176.23075046572018,179.3602940305057,158.36373956709778,181.3123766915021,71.28549594577501,97.8777020725212,Trikonasana,frame_0004.jpg
178.1122490445599,173.61389855756727,175.84701404788987,172.73808313232456,130.909523945129,162.99304743334463,59.77988614657436,98.00483850078913,Trikonasana,frame_0005.jpg
172.1462788125761,170.0763082866254,171.45750832099384,175.5970273674637,86.4790449523634,137.40979485893064,64.87148600706266,86.47233134538574,Trikonasana,frame_0006.jpg
179.60668040897716,159.7780649869102,176.89010930025202,172.2113754976786,88.75909052586739,134.2068032374574,67.08024104846751,82.20195834942277,Trikonasana,frame_0007.jpg
175.94886631104032,163.79706141791388,175.88785609426992,174.45883821014908,88.90759070637078,144.17480942767665,65.21124032891939,89.68025883431793,Trikonasana,frame_0008.jpg
179.538881756314,157.06226612059004,169.48567206868637,173.01596000143326,95.23335484482756,136.24355141701824,62.45337366763319,91.69878000316628,Trikonasana,frame_0009.jpg
177.17859614798093,150.19785011687344,164.54110198961848,169.75450461252632,100.53022047298839,140.1218726724179,65.80888696972077,89.09866287345868,Trikonasana,frame_0010.jpg
175.72306120069334,156.08232790608767,169.8219129299291,174.3062054825139,90.82233587048702,132.89796439406084,72.04740915996203,79.89541675717743,Trikonasana,frame_0011.jpg
158.30623009062109,122.80040768428648,176.74317627727555,168.89829147889432,108.17627855795628,124.81517485914246,151.7000583912622,34.874687161941715,Trikonasana,frame_0012.jpg
167.68408839792863,175.44299002359088,175.7540799113279,176.4147393454193,108.48572592693736,102.46747056767296,137.58505372941562,16.84088572764656,Trikonasana,frame_0013.jpg
178.24372238573133,156.89712928300762,172.8719393344652,173.58920130240912,84.26769898531988,132.71740128973588,75.64571720836277,71.76915891928041,Trikonasana,frame_0014.jpg
153.98006741739871,166.79773862706674,176.9664099059937,168.33903896747253,177.55443520594656,178.2988362314676,83.9850694145857,99.05940835576104,Vrikshasana,frame_0000.jpg
123.80134688161168,176.57990633437512,166.32604415378924,155.55697892582964,174.18004777585435,167.02021306576435,84.86051164264377,106.3296169319198,Vrikshasana,frame_0001.jpg
81.60501936144554,78.87827650670872,175.74993611330703,169.6808823759788,175.37280256346494,172.6888529113558,85.36144890974633,103.10082615166199,Vrikshasana,frame_0002.jpg
64.47393523602562,67.46524007110915,172.885119180014,157.22389705184347,179.48287165002765,172.97361372461145,78.71690949153479,103.7930020669481,Vrikshasana,frame_0003.jpg
68.1861878597627,66.92074654376187,173.61180566671277,164.56484203449,175.90546143424143,170.51573514790525,78.8122404501891,103.99451792010345,Vrikshasana,frame_0004.jpg
65.2822366558773,66.44806815518155,177.97216431667113,172.8807276364458,173.54245065602453,177.95190810689127,79.67644545518132,101.12902929127367,Vrikshasana,frame_0005.jpg
60.93334723202415,65.68701745589422,179.02837676561037,173.40135473010497,176.3048938602118,178.51998875921683,77.40886232985449,100.1264763680606,Vrikshasana,frame_0006.jpg
61.767062163237235,65.99952501834248,179.79411554691632,173.21312750339524,181.64599744576594,180.3455247127993,80.61711152304144,98.05754857430652,Vrikshasana,frame_0007.jpg
57.011093345201935,67.0716362237348,176.09368801204795,173.09445783224965,181.66578033077147,180.63488414806238,79.22388346410615,97.51976531437657,Vrikshasana,frame_0008.jpg
61.7347793212777,67.5556421725678,174.37215709675317,171.00961291460982,174.3969498718534,179.98575236791572,87.03676828017025,99.42053129953126,Vrikshasana,frame_0009.jpg
65.27238519301865,66.35490958675715,172.7009962936063,165.65613502240174,179.16418343597311,177.05047037940977,82.50892423929064,100.49627007482489,Vrikshasana,frame_0010.jpg
70.0830518012691,69.11196655816086,174.15460088851057,164.48274055937938,177.26801973787462,175.17350495560873,77.33222259290098,98.56410923839917,Vrikshasana,frame_0011.jpg
64.3364727600743,69.65230400712304,171.72937326803162,162.72236106632496,181.0007603514382,175.20698740761702,78.7326041552314,102.79059946133796,Vrikshasana,frame_0012.jpg
66.58500324870587,62.45579656664186,174.68666511354576,162.9734788631974,173.51106187741019,173.4169223740735,80.3489150791923,99.74607015685979,Vrikshasana,frame_0013.jpg
64.55914371187315,69.52629849072684,169.0843406681299,158.79627808239582,176.56684864261132,171.59407064381068,80.89333029211181,102.11562585069402,Vrikshasana,frame_0014.jpg
140.38004073253668,150.8817998147368,160.39600116966218,148.1436311817351,153.3555089612765,172.34004073936381,16.133990837235423,148.33718309195908,Bhujangasana,frame_0000.jpg
144.7246028195336,153.71081495959632,160.12171020075908,146.88372777279014,158.59992641379333,171.24269892793802,14.7397419925607,152.12063899963152,Bhujangasana,frame_0001.jpg
140.57759724123355,154.13067052105978,157.23849821158623,147.8987957741187,158.38226330894855,173.80184481550518,13.803803548019678,149.16683219997896,Bhujangasana,frame_0002.jpg
138.66180981183092,153.43847891765583,161.20040991351775,148.75727450882758,160.3492119447361,175.41349894780305,16.326257538710028,154.24388145218575,Bhujangasana,frame_0003.jpg
139.70116169481835,146.95317167329466,163.90447357363945,152.8403113299156,154.53807508077213,175.2069300042309,15.133642591530762,148.21231099494386,Bhujangasana,frame_0004.jpg
137.0808344551555,148.26335511788668,155.46642554442656,150.4006896421311,157.21170002172997,176.1508314874469,11.561595090380871,146.78155578935625,Bhujangasana,frame_0005.jpg
140.5420403079496,152.876521573224,153.35351630886237,141.6784576418982,165.92250178561702,175.64345231135457,17.288557988055956,148.39475102312494,Bhujangasana,frame_0006.jpg
165.37855341283452,161.23529471232962,127.82130182126774,123.92120104084412,169.78913156345493,159.1132312398241,-2.102639673980139,108.62332983337716,Bhujangasana,frame_0007.jpg
160.2745543858239,160.9226083970838,88.35689931997203,100.58523965189573,123.97619045123182,127.59644050168096,24.396657283081016,133.09788835330414,Bhujangasana,frame_0008.jpg
157.19692199168009,160.44402056396896,89.33116383910473,102.6668399998048,117.1422492694889,120.81361087636411,24.027738751111293,136.5073568570091,Bhujangasana,frame_0009.jpg
161.526036763351,161.24764650847024,112.28462465749487,114.5911505979739,147.88572133127857,140.30953828130345,30.23310158040713,134.17098928907893,Bhujangasana,frame_0010.jpg
148.57948251581314,151.73737186378582,134.42828607115996,126.83063975800063,177.21378570908453,163.7342637702706,32.592101158822054,168.36197272295013,Bhujangasana,frame_0011.jpg
148.09359935786267,161.97356797931025,145.72609452504128,132.73345235834194,170.79642346811923,177.95960627960602,44.72600073736703,170.00887290291706,Bhujangasana,frame_0012.jpg
110.97097834536285,116.06677337345232,154.81539813515275,149.8825499288443,166.12796633851409,179.24439033385008,14.026739013326656,154.19641784001658,Bhujangasana,frame_0013.jpg
75.88188652951452,77.70656258380222,162.67050240456803,161.75008392119165,176.27441027794194,178.70025418482248,100.23037199014368,87.59006671257767,Bhujangasana,frame_0014.jpg
168.30793553729916,167.55870047366722,67.60483716404835,56.487957754481585,177.5398230278916,149.71991497917332,85.51397840454551,98.419502200531,Padmasana,frame_0000.jpg
139.0103926324311,173.07736716174583,139.74115040140788,63.01937665845741,168.4064423206658,136.27376228657235,83.4916569839801,96.44624802770129,Padmasana,frame_0001.jpg
136.83148240242093,176.1432630853615,91.43206320794158,75.22911098389504,76.92686729285316,71.20691723585271,83.71598311051036,97.24407470354228,Padmasana,frame_0002.jpg
108.91348320671439,157.04396745663212,118.87879273109576,60.103430734972264,126.26675438898731,82.30571082152991,87.4749209272338,95.12123137975198,Padmasana,frame_0003.jpg
113.78096308925663,165.45552132270237,114.17383673868866,108.80756481138334,122.66203807060057,87.2415390260804,84.52640384509479,97.29397879887073,Padmasana,frame_0004.jpg
140.18934353442984,175.0433571311279,63.574671841887124,58.82623654434162,45.850518811205276,32.6309795973217,82.51249396167982,105.52380004767322,Padmasana,frame_0005.jpg
120.62052984915897,162.26973723394556,145.75248805427145,126.03057855987151,93.55914049678348,76.77703772440505,83.78236065046102,98.2793922878135,Padmasana,frame_0006.jpg
130.8991047356109,161.43877889422168,42.25879087867632,53.15035039816978,32.72653603046418,47.73589846192036,84.85690036844666,96.80437178094816,Padmasana,frame_0007.jpg
142.0095835353668,145.4342672097935,172.73345230288223,124.57387402319996,168.95542707499908,120.81071126984283,86.22177244048581,90.22011269340877,Padmasana,frame_0008.jpg
139.96428253242055,138.78543757260624,76.84968687612506,132.16498128233502,129.26062473561169,149.12346640240725,85.2522289222572,94.85116803557496,Padmasana,frame_0009.jpg
148.52569978418364,154.35934824779568,116.29545477937285,152.320993764436,122.64383378375938,118.11610460395796,83.4862786883169,97.82632471447246,Padmasana,frame_0010.jpg
136.13124809462445,150.02875566482788,59.12903458438774,89.9414955242538,124.94015480462895,174.70316195568617,91.05552488497806,90.59181268730003,Padmasana,frame_0011.jpg
156.92625743118805,142.8361697584808,62.83874759433661,95.32712314629617,112.89911686174685,157.13026636461672,87.73275539297882,93.60499793489551,Padmasana,frame_0012.jpg
167.76730100863756,109.59818196321754,71.58758838644178,157.53378814757534,106.8755862362343,133.63745487932417,84.19083835412012,95.56915792570109,Padmasana,frame_0013.jpg
140.62023605463585,146.79999993501053,118.36488490545041,165.79220002931746,135.09252471657143,156.55442200097355,84.76700521112983,93.75308292983307,Padmasana,frame_0014.jpg
175.81749757155666,117.88927713886854,165.36334771383497,166.07175290585928,161.9096159515957,161.49992330555565,130.53843283958722,49.373286351145396,Shavasana,frame_0000.jpg
179.95710136009905,117.21293314825682,171.2742834216671,169.2474704564702,165.13962325775054,159.3444655765587,125.0361471721471,58.29310155499187,Shavasana,frame_0001.jpg
170.7157035560639,113.67032073665453,165.90238403579022,162.88110261394772,161.7273202512676,157.74828318332945,120.14703157722579,62.704313394903835,Shavasana,frame_0002.jpg
161.5911820957025,112.99608979896975,157.3063548088942,159.64386626215918,159.08252028551573,152.01812456516598,118.42249594610045,64.48132434531657,Shavasana,frame_0003.jpg
170.39353392628482,127.65868448868443,167.3332911209568,163.34771157218816,163.64437564455426,159.5578673370257,122.15611362109688,68.47050385129546,Shavasana,frame_0004.jpg
166.48692020749263,121.2391974032237,165.05424966711806,165.034780930877,161.06657322311105,158.87755085178324,120.7053823411857,61.60711944397785,Shavasana,frame_0005.jpg
168.2162018195323,118.68774507974213,166.94235537524884,167.28376453611102,165.04511713299274,157.69223798669037,113.66815053324423,68.9272587481766,Shavasana,frame_0006.jpg
170.27402564891528,147.49336994047567,172.34076019037232,175.0093202626211,172.07252778131638,167.26023915974045,104.62732209866378,70.38908483777081,Shavasana,frame_0014.jpg
102.27327852060496,147.59052694749963,177.57380157818508,179.76700642060834,175.7846373255969,172.9887090580367,84.12626156003975,96.61605683145558,Tadasana,frame_0000.jpg
135.19740548327727,133.07323162110796,174.22621418535724,177.93341471481045,178.68502705132903,173.15620404853695,85.30350244263093,94.85579720311759,Tadasana,frame_0001.jpg
113.02108730369326,108.29982805599957,172.7181858032541,180.49297456944635,176.92095197411044,176.55126948703136,80.1564376669871,99.50126705728042,Tadasana,frame_0002.jpg
105.09993138406735,104.08998966621168,176.1662245225064,172.93317528286377,181.6213835299764,173.38650363887155,82.9125906277773,94.53278799843008,Tadasana,frame_0003.jpg
122.29876938126787,114.090834191737,175.094097169064,183.13294617681672,175.00164457675496,178.26055792312104,83.58760366461705,92.70656683890994,Tadasana,frame_0004.jpg
161.91749516823654,165.91745521156173,177.21862821639132,175.99043201000097,180.4452207274899,171.31588899930185,84.75880328849513,96.72806471272754,Tadasana,frame_0005.jpg
166.6379799082063,169.8856294644644,180.35258289537774,175.43033727955554,179.5271795634734,176.3514044409304,88.9528131535931,91.22337200749828,Tadasana,frame_0006.jpg
169.17817154209968,172.08583395810533,181.8693005173626,175.04971774934964,177.80562207713805,171.7992378435996,86.04506528196647,91.41962312541347,Tadasana,frame_0007.jpg
162.28918286139213,172.16427086499093,176.32634662670532,174.64133118862102,177.4577885455658,174.3912969028486,84.26799534673117,97.20998807318621,Tadasana,frame_0008.jpg
168.27934731021773,168.84389139146444,176.93841972152143,174.00358131943625,179.52242645723277,169.15898543297138,88.56271699937031,92.66163702487208,Tadasana,frame_0009.jpg
162.43441740632161,168.66681103281132,175.81682894515703,178.83472262374605,181.81160979370114,173.73444174536846,85.28666016145354,95.67242463502708,Tadasana,frame_0010.jpg
165.3102805004599,170.9793659779406,178.190909896558,177.63327287462835,176.3255180249724,173.43261727417905,89.10350862478242,89.87907292479133,Tadasana,frame_0011.jpg
164.8438444666777,166.17775267741763,180.83745101225324,178.0548610106568,178.66546221366863,173.16307268481032,86.2857929348286,92.28540389223289,Tadasana,frame_0012.jpg
164.71025976298338,167.25168168631853,178.54863238874793,175.11343649662055,178.02762805568244,169.59709741848957,91.8883776754505,91.91060010645478,Tadasana,frame_0013.jpg
167.0433274938177,168.52302691284285,177.77062920025244,177.63008231657693,178.51245668380213,172.69626346901836,90.635510524039,92.85832709246463,Tadasana,frame_0014.jpg
159.06167725356912,151.33985833973483,174.7611473592712,179.14944245690762,164.1725595314406,165.4978805052814,80.62555342475075,97.23861410433526,Trikonasana,frame_0000.jpg
169.26497703581234,164.4558596310487,175.4204384621983,177.49577601498441,166.6236413628769,161.2101572845301,86.19459207921513,96.37045384950555,Trikonasana,frame_0001.jpg
174.95986928610287,169.37123514917133,180.35051439209047,179.0972158353684,177.73348887762492,138.21966388901103,88.33695120159315,96.65124744017356,Trikonasana,frame_0002.jpg
165.01982633337627,164.79981633647543,176.16370422105683,169.38477137461186,145.63623305068896,88.61329742059777,90.59091709889444,110.24922425801832,Trikonasana,frame_0003.jpg
158.45649950931832,150.9100188584646,177.61567112670315,165.7949830364205,122.4112605505596,56.23123517215243,77.67433319731637,127.37042025210279,Trikonasana,frame_0004.jpg
164.47299278174285,164.2564882186138,162.67465252507785,162.13507319846246,111.71536399878146,51.044096102385495,76.51739447012805,126.46921120030626,Trikonasana,frame_0005.jpg
168.5386957158544,173.6843829981138,157.77186696725582,149.85143866501764,111.13278051023768,47.61869318953831,81.10206105040501,124.15779853260355,Trikonasana,frame_0006.jpg
153.16830732410716,167.39848991937473,151.326905022316,156.4038058993431,104.17217571171528,47.099819818250644,70.51554345372769,135.86369632366316,Trikonasana,frame_0007.jpg
150.40231569417944,173.77355707674738,152.27721569583355,150.7775214904632,101.45765517898357,46.30020992885565,73.59464720352963,135.7728236138983,Trikonasana,frame_0008.jpg
153.2697215394215,168.84904619562892,153.1239516429328,156.70407966733606,104.79210677905348,41.230826157427394,70.97751833437816,135.96842800467863,Trikonasana,frame_0009.jpg
154.60921020975036,166.81368462747128,180.33729005050256,169.35715598863663,131.37332753004412,62.353664457850925,75.26516338872939,133.7116965652965,Trikonasana,frame_0010.jpg
171.11494453270186,176.47756030425637,177.94517406653983,180.64165512610776,132.44451808310535,64.92700053299782,72.75828608085494,130.19434565133957,Trikonasana,frame_0011.jpg
174.43549550933463,178.58921387620313,171.63107913199258,171.7508880311008,135.56433269682086,60.71832901892487,73.66076852940874,133.65082276835787,Trikonasana,frame_0012.jpg
174.83569834973034,179.57794299877463,180.839444995422,176.71407337445712,144.2929563042195,68.63132565172694,78.33346568142102,127.44686296305763,Trikonasana,frame_0013.jpg
169.93943501207178,173.49006679674443,173.7177583467726,172.87684878302017,142.18509095894183,57.964158381411835,69.78268226404798,134.1569410499807,Trikonasana,frame_0014.jpg
38.61171984979662,36.284094956296094,149.05698840563227,67.7906197423689,173.66029604160818,122.50014561923439,82.65899251067769,107.95992520485254,Vrikshasana,frame_0000.jpg
43.84144056860582,38.728477631017775,147.36669175350337,50.76281880274263,171.82677210935688,106.93330011785297,78.62646496020479,108.47484401830167,Vrikshasana,frame_0001.jpg
47.36214377173336,37.69876890369979,141.5775121445092,49.2231747845612,173.17344272768025,100.37164473062266,80.36697054766375,107.34954069966912,Vrikshasana,frame_0002.jpg
54.580141122291295,35.28927899772244,143.08799607428386,54.10577243726933,166.1588987870392,99.74148320411835,77.63233275140826,103.56096730050633,Vrikshasana,frame_0003.jpg
51.08436392092666,43.91178763280082,141.66854797139092,54.93818915659911,166.49666215608104,106.2222687887553,79.97401294577308,106.85518881713028,Vrikshasana,frame_0004.jpg
49.8760344493313,29.199968138757256,146.29304614880303,59.53716481921179,172.69672563022357,104.75418605342404,84.43856063232481,106.50136650186438,Vrikshasana,frame_0005.jpg
48.608988645901874,33.882593584355796,146.66337706978436,53.68532425894912,167.67404809123582,107.08212222520349,81.73774811643166,102.95665306240065,Vrikshasana,frame_0006.jpg
50.017284701109226,34.84951382079956,143.2538658630081,57.2197511664086,165.6734220946647,106.53887342732386,79.60174900707112,105.54261794960209,Vrikshasana,frame_0007.jpg
46.79067542207106,40.472824115056596,148.39843052655723,61.76401266880325,169.80317321113563,106.96079269718267,81.32298866674387,107.57790614623269,Vrikshasana,frame_0008.jpg
46.904730779011224,40.40140451576706,142.17973068845166,55.031101339539006,168.56005189827,103.50372631343714,77.63175562914063,108.01683049582562,Vrikshasana,frame_0009.jpg
49.84058901767726,39.68839941988117,142.8125333270284,55.135081118327,171.39116478373964,104.22769316778955,83.19636333987192,106.40257768396813,Vrikshasana,frame_0010.jpg
47.09245821699299,36.9771339779801,140.62580882801566,57.50777213720022,169.90638174105257,103.46020293839616,78.10660543482555,104.78401366765858,Vrikshasana,frame_0011.jpg
45.81049325768244,37.4836161918634,145.75903686972453,55.985715624167554,171.17728568439728,108.30852846353137,79.11507775173291,108.07477684434053,Vrikshasana,frame_0012.jpg
49.564639153077934,39.38702041932598,149.4187908045028,55.13822945765875,167.58717438085034,106.89194529885232,80.25840599143572,106.3474009776957,Vrikshasana,frame_0013.jpg
47.38560413253815,34.0849488644717,141.93068250031476,54.6680407836114,169.75515537798972,106.69718456825811,76.49860165772648,107.69330844455475,Vrikshasana,frame_0014.jpg
132.04873026098213,113.4633807900043,143.7112247312129,130.8593829851946,158.11180647932787,161.69572737253284,87.4988797733413,91.8231888035742,Bhujangasana,frame_0000.jpg
116.52400956637563,114.46270455617368,120.31980647029371,120.3246131343936,151.30414217268392,163.5721749956171,85.47554598652175,87.97461965123185,Bhujangasana,frame_0001.jpg
130.57790908139447,138.98815395966858,142.90490952680264,135.58619550117845,139.73235280554593,154.4948716813855,94.7340689062036,78.02592791450098,Bhujangasana,frame_0002.jpg
155.72309677059437,143.1999355749798,66.70136412611295,79.51761947563875,122.17136223690096,131.5115173648576,118.49657796764498,55.94788036178774,Bhujangasana,frame_0003.jpg
151.5176161287578,157.9718214129426,69.68056915864692,79.82893924952819,113.52364698305269,116.40451986438262,47.853998949038505,93.82063269978069,Bhujangasana,frame_0004.jpg
133.22121287278816,150.9692966973146,106.22061510401267,112.21219600467421,133.5735455683666,128.82664572879779,146.3139026679679,66.91291574184314,Bhujangasana,frame_0005.jpg
134.16047344182385,141.49530016485812,129.02825640544745,126.53243442246884,159.30083528909893,159.75826779189023,107.0707252342142,80.9914489211815,Bhujangasana,frame_0006.jpg
59.433839811435746,79.03404496912084,149.42784896024708,151.61119759824157,171.28147409407254,170.04589771908635,49.65536048629228,105.60819041571065,Bhujangasana,frame_0007.jpg
170.71872762836423,153.6384753199439,147.86726529559857,149.09020122614598,171.91191191017316,164.7211176468592,116.97084361160678,75.85607581387052,Bhujangasana,frame_0008.jpg
157.65455624666347,120.17729579370742,160.2977177553354,157.0773936837545,167.42533265403154,163.40326650897146,134.7897491055125,54.86095262595325,Bhujangasana,frame_0009.jpg
161.3541120339175,138.7815103542641,170.52623344315774,175.29167981911274,174.63455502395604,172.9737088539422,113.62003540548825,64.65755288576582,Bhujangasana,frame_0010.jpg
166.395217226201,174.5981006841928,157.87110130739478,158.27932229810298,163.13629978597692,167.02535439091716,143.04083349422257,52.35062696592608,Bhujangasana,frame_0011.jpg
149.7818187876686,155.9085987327358,173.59131158650305,176.96156264252582,178.18956410362387,175.44069127821137,125.25321581156442,64.28609192475531,Bhujangasana,frame_0012.jpg
172.12294820033352,151.56155272065962,159.20795465927444,154.47192723619654,170.19654107427775,164.07190665134235,161.0538125722377,34.478901213212765,Bhujangasana,frame_0013.jpg
164.76453587080218,157.14600077896182,160.54823687534437,152.36434675899795,167.59518886103731,156.8769758254863,166.9646595986845,36.5712210983442,Bhujangasana,frame_0014.jpg
131.75119728627106,141.27739250188506,133.88154404408834,129.8318093356029,178.37261770345648,166.6618631970776,90.46117156064528,94.03134914395406,Bhujangasana,frame_0000.jpg
118.87228525628049,132.74007461591435,152.0198605168474,153.59569287361535,171.92515129812728,161.26038627818602,16.652300524686975,117.91921364627825,Bhujangasana,frame_0001.jpg
151.84048884724402,125.92549808433408,154.4983854819366,148.74704803445243,174.76871425809895,173.92072198749605,102.19829346372539,77.26884653281871,Bhujangasana,frame_0002.jpg
154.36410595084192,120.31869002360885,169.7589216510427,169.3062563972697,174.46238932274593,172.2659828903508,122.59379531687178,67.78293598318038,Bhujangasana,frame_0003.jpg
86.61486593213331,35.824632293314245,163.93442752495073,173.23012878127878,168.26287649161188,178.46915856981516,107.84165174558267,71.37936144306248,Bhujangasana,frame_0004.jpg
120.0016049389552,69.2047160219201,173.64610719353223,183.69509743943007,178.11190338241792,171.11616270625245,137.4056749888244,49.61709545782755,Bhujangasana,frame_0005.jpg
132.18373734763244,73.32342463051715,158.53497392431393,167.2691319485757,165.2968806553699,167.15448633501103,118.69247392042915,65.48644312973848,Bhujangasana,frame_0006.jpg
138.94646682169477,75.60837722864514,159.70377000717966,165.47183294507155,163.19038606627495,167.24352317766952,124.13784930963506,58.465586199995606,Bhujangasana,frame_0007.jpg
139.52651818038206,154.64621205058458,160.58900314182114,162.15196255686587,166.096210050868,166.88307807880034,118.4050259785377,66.11025745827274,Bhujangasana,frame_0008.jpg
131.3163963557971,94.09117630002272,156.25441622880504,163.8982454826002,168.66566054366515,166.4193027623078,111.0197295693091,75.8466903821703,Bhujangasana,frame_0009.jpg
71.63092822002785,15.208050912059653,168.6343747709204,176.23329684940717,173.39043073668017,176.38967796880902,91.28028952017716,85.8555431012961,Bhujangasana,frame_0010.jpg
75.46135306346483,15.920077175846915,180.04985875835288,179.50438390164607,177.65073863889512,175.699117836437,84.96461430569819,92.76800548487866,Bhujangasana,frame_0011.jpg
147.0507572877488,61.57687387481038,168.09732301120886,163.20973773614003,172.9142711107433,176.5311178918408,78.50755933725642,99.19086721973207,Bhujangasana,frame_0012.jpg
117.87175002672979,108.58465017311667,168.05585471335152,156.89611663962623,160.07117687538366,168.03041773090735,33.944371611157635,113.52341607293334,Bhujangasana,frame_0013.jpg
157.58260019148364,150.91080375209933,164.03035954480487,154.11659928760528,145.13707061895025,164.21290090734786,42.94527839514904,138.56416513894698,Bhujangasana,frame_0014.jpg
133.97568509158933,105.13298661423865,85.52782773376313,83.22448750192927,79.82454611214688,63.60959073738447,86.3071609239312,97.98552245059815,Padmasana,frame_0000.jpg
140.85101712508984,121.1609086354945,109.34688441522258,104.21795058476228,91.41075178890931,88.78227639971463,83.78277392348846,97.50804852096282,Padmasana,frame_0001.jpg
141.4562138455519,112.57124801573136,93.54789102708754,99.5095031732458,81.13369271544258,79.47166423073025,82.75553397629552,99.1118860564536,Padmasana,frame_0002.jpg
154.52022093634116,103.21291553755827,61.10185982602801,39.42925919396247,42.31815620295042,57.69490391897136,81.46231771937505,94.71109739043341,Padmasana,frame_0003.jpg
147.33362479569826,102.12481576740971,46.4648488760825,46.22717177456268,40.34889122035018,58.709435272915265,83.09241202042861,96.27573211256221,Padmasana,frame_0004.jpg
148.74914031199728,95.90828205925575,56.48867093755817,44.950095671349175,58.74448915689664,53.80305069111885,82.47206133419171,98.09942387967202,Padmasana,frame_0005.jpg
143.5691355581967,123.95374407769998,83.34221713437688,87.25162564322115,96.40004056529074,82.87880086159907,84.91332348640125,96.2041429327895,Padmasana,frame_0006.jpg
116.6012155858444,124.78686535714114,49.74804891624842,18.231209184673872,65.26585248738078,3.8966802842364237,92.31594816531373,88.2242681868818,Padmasana,frame_0007.jpg
131.95455471057906,139.2695769693265,72.99898023511872,165.87579708499302,92.01859311164424,139.01343485612654,93.79764674684859,92.86027380474705,Padmasana,frame_0008.jpg
127.54226211658262,128.30001300307066,73.17502626383435,161.97720944256608,91.21251956299567,130.8282205119896,94.33718981998521,93.17305394718383,Padmasana,frame_0009.jpg
126.04430275032671,130.42243286610415,58.91184320389099,151.56209611779016,90.06965499101128,115.99123965843168,90.82957270986975,89.275047330147,Padmasana,frame_0010.jpg
140.09626349537382,132.60137036866163,79.39032057090954,167.32538628332688,97.526944216884,138.5558274551872,94.00950866468983,92.45649067199922,Padmasana,frame_0011.jpg
156.7960201111446,123.12098558896024,50.17497130996986,10.15686264826197,68.00425887126086,12.390915975074682,87.70803176308614,96.31764681065847,Padmasana,frame_0012.jpg
100.8873380700963,105.87361127673877,45.54814605020251,43.88772515790818,43.46790817362871,32.09777349240947,80.65636199807007,98.89578347259143,Padmasana,frame_0013.jpg
117.17087178250499,115.11794575290865,42.89998175298877,32.215736473889315,24.841851183835693,40.922423123077714,76.66608660652992,98.86365008905685,Padmasana,frame_0014.jpg
138.52599366163406,175.6638974855861,132.09643490009864,130.03019384327905,137.2079719970812,131.50147532652312,65.03125412127484,122.27153754355855,Shavasana,frame_0000.jpg
150.35316952429946,176.59908255187486,134.9263538619916,140.13438994591542,117.69781463799501,127.63386567346663,44.31257265657382,135.2726885606417,Shavasana,frame_0001.jpg
173.35504377607242,175.5819062359856,118.8437284511297,113.47625587117794,68.32178544814714,69.7005234033998,14.21129936215824,174.10993493572178,Shavasana,frame_0002.jpg
170.6660321088091,172.30429655175809,109.55230759435652,99.01033392697236,42.92462861089359,50.222420718843175,170.89847859849758,39.21742515492906,Shavasana,frame_0003.jpg
181.4107750653802,134.28357966047182,102.18301873371847,107.25388810213926,54.193867428695356,58.431894710713934,65.83526112391142,127.44161457076736,Shavasana,frame_0004.jpg
139.65272920082975,157.2306004680288,140.2579096662587,148.22979530825575,122.31042095645729,131.66316895876403,75.57444449769757,113.63528213265027,Shavasana,frame_0005.jpg
137.2042927062432,171.4255948286304,155.97187568057637,154.96299814750896,161.79484481740909,163.23198790296536,82.53129048223752,98.3745845131258,Shavasana,frame_0006.jpg
158.22286088128124,114.09292217383557,159.97494136997744,170.86725962907394,160.96146799117096,175.8208891564899,14.688021013769967,151.33439810965854,Shavasana,frame_0007.jpg
144.41668065644174,132.25137733050082,167.37794353243567,171.41104727515193,178.98160109672224,182.48601549736048,93.76558835545038,89.88083882735575,Shavasana,frame_0008.jpg
155.15311080413937,145.9919905309843,176.42978054469248,177.97329280796362,172.2661484613158,172.2993543531534,109.77895133333375,79.86087613125626,Shavasana,frame_0009.jpg
152.28405318646338,151.65210482921734,165.66543520435965,166.93423887410768,163.67758299803643,157.5555828442181,103.92765150349486,84.16242611079409,Shavasana,frame_0010.jpg
153.05823492954843,136.38817653878792,175.1429848722757,172.81012687687073,174.53971245262318,176.1463087978435,113.11928557338672,80.32619683067534,Shavasana,frame_0011.jpg
152.09179204829167,152.53615911745527,181.2878709769709,177.7781885378033,176.38114192243762,175.71281766078218,103.36718803359203,84.44397502697404,Shavasana,frame_0012.jpg
155.0760636279376,131.04976090569295,175.81001442319535,177.02174866439603,176.4029931755431,177.25369178204667,101.36424385554844,88.31258722139422,Shavasana,frame_0013.jpg
158.62659183332286,136.57049940740737,179.23173513800128,176.68889293950008,176.1352280185719,171.62554638043707,101.53051184336508,85.94226388204943,Shavasana,frame_0014.jpg
175.26292157072552,142.63349925967768,179.90470703254832,179.8437997651273,175.43386984100843,170.27323090243823,83.82421399538144,94.86683278472688,Tadasana,frame_0000.jpg
161.39922813204544,151.364677770251,181.2012581411305,179.10230636887715,177.2546526525654,171.58292593173215,83.29363877782338,95.50709722348476,Tadasana,frame_0001.jpg
138.12052200446507,124.68201432996592,178.89714471995947,182.13955763046934,173.04151310634856,169.2121832530288,82.95041498605629,97.32237706278055,Tadasana,frame_0002.jpg
135.73243456355254,129.643401159912,183.82102658728405,174.8356622287295,174.68036961670023,172.21775007489452,83.63387205977902,98.33381015247554,Tadasana,frame_0003.jpg
124.67435443496063,125.82326685615122,175.87135467058363,179.51557020690595,176.32014190404792,169.8436581632477,84.08267317896428,96.26382072796568,Tadasana,frame_0004.jpg
163.8595528184655,165.39452068258686,176.8800791618374,178.01540451123824,171.0184065882156,173.86880398618607,82.3869113103843,99.6414085619821,Tadasana,frame_0005.jpg
162.62204428430834,164.42450042973454,178.6326697704785,184.33856845078387,176.07227006117222,167.44844902872615,83.55001149885909,98.80065219604306,Tadasana,frame_0006.jpg
164.35605845682264,159.75653481264968,179.3998827737022,178.78201826719732,175.71296698321694,166.4722183307289,82.84785007312863,95.70584416397745,Tadasana,frame_0007.jpg
165.09616574812293,149.5129826115836,170.6969644058576,179.85807095786546,175.36221673697045,172.0785747559745,84.03777345881367,92.6938714999148,Tadasana,frame_0008.jpg
161.95326849746175,155.37641763200057,174.42616528062194,177.26255041421993,172.76359051344744,171.1824658867251,87.269616261433,95.63263639856548,Tadasana,frame_0009.jpg
144.82196904105837,148.17492566139552,178.15257852280192,179.04762613577137,175.92948723864282,177.98356684062205,90.13609535351081,89.7657184883316,Tadasana,frame_0010.jpg
148.03491535827206,145.30018041987577,173.73577505915026,179.37420713783436,171.06796214987358,174.86449873522676,90.96471363049372,92.0921523425678,Tadasana,frame_0011.jpg
150.97362932944182,148.930888395488,178.91601814067877,176.84499497138543,174.39910103294844,174.1723127727688,92.20589045315836,94.33606993886605,Tadasana,frame_0012.jpg
155.81910774625155,156.11671951493358,178.80088617218118,174.16144758372621,175.95065881416429,175.6043169150653,87.70792726295798,92.87550115046152,Tadasana,frame_0013.jpg
157.97376100046952,152.30117615093073,180.4142560669285,176.06359196626755,173.8115627556281,171.41736520793413,87.46020582832514,92.9662507736528,Tadasana,frame_0014.jpg
164.9471176418665,166.33599215072968,172.47847196464468,181.41717550429837,152.44373037412544,158.7962016616186,87.744741003072,93.4442986626908,Trikonasana,frame_0000.jpg
163.25636530242272,172.13866062192344,178.42698448595357,172.17419491715572,154.90816159836038,152.8376844065564,81.40514302495573,94.17662288754528,Trikonasana,frame_0001.jpg
161.16507069115775,181.43838979410873,173.93888197802232,173.05761478490592,146.9229006954662,147.16820571518087,82.09006226306381,92.95656518718089,Trikonasana,frame_0002.jpg
166.9554817478812,156.8416375821265,161.63382356207205,171.03595245804286,105.67962546168837,176.5245998690646,86.81096039259852,79.97952165053819,Trikonasana,frame_0003.jpg
171.6994263449265,163.93732664433227,170.30870782377653,175.1820049802585,81.63716105783355,165.41891245350436,76.69028387545977,70.72945553545307,Trikonasana,frame_0004.jpg
176.96363444564403,179.51113771039957,178.45223205115764,178.17817302190213,69.43400589303211,149.1065644077806,58.54322895386606,79.43698360836481,Trikonasana,frame_0005.jpg
178.7805075670407,160.94652612269817,166.8820876408648,175.55003616041003,68.16801356767137,146.69245275265277,61.739901919814805,81.8656229621014,Trikonasana,frame_0006.jpg
173.79166656307933,166.39393870773782,167.40817907522234,182.2319991556095,65.56700339154042,144.94233900438647,67.71510192882674,74.53896042300498,Trikonasana,frame_0007.jpg
178.81583825390453,165.33271021554802,175.76357762722677,176.5654595299973,101.22705704725898,138.127079836421,54.6251701306071,110.85448613730073,Trikonasana,frame_0008.jpg
177.3014200768205,158.7926310294721,170.12796821558754,178.7570934655225,68.81322100838398,147.22602539873523,58.028110654594904,76.49190123690956,Trikonasana,frame_0009.jpg
175.00163852233914,148.52408382988992,176.14701578519907,176.07636380495325,63.39372669162149,146.93954548308727,61.78434982816884,80.02680220918117,Trikonasana,frame_0010.jpg
175.66255955112135,145.4126277860968,168.55983335810035,174.84124982113943,62.541199683731286,148.18430780801702,64.08546225443696,74.3955185934078,Trikonasana,frame_0011.jpg
179.12692012384483,149.73950482233315,168.51445593868328,170.77619622438647,69.12753598802746,149.6514511439826,68.92656730608505,68.13583682441892,Trikonasana,frame_0012.jpg
178.91196179476796,163.2395285761486,164.43921573546237,178.7918550025586,74.18263711712234,152.9213496818229,55.13132748275465,85.47188170374433,Trikonasana,frame_0013.jpg
175.873647464006,155.43269954174667,173.56972165620112,172.7684635963269,65.87259512930311,144.95801931158977,66.07705751818942,74.29507454572196,Trikonasana,frame_0014.jpg
161.61921422894113,162.5554884357933,181.93846627324163,176.13814420999353,171.78842748286138,174.5485542579156,81.14810714905029,98.3483447527231,Vrikshasana,frame_0000.jpg
150.40926552028762,150.8091177578046,175.27570028269287,174.3518042906051,172.8502522647371,166.88823827176608,82.82706698384828,102.66492153545435,Vrikshasana,frame_0001.jpg
151.65632757983292,159.60630400875047,176.61210178421982,164.76053055766164,179.62834222880366,154.33694132871085,88.6009992783581,99.21287304490683,Vrikshasana,frame_0002.jpg
175.41598741639004,169.00315875252323,162.56192032297926,99.2098279385344,175.96714695153068,128.2145572650723,88.36266543019127,100.73167229307231,Vrikshasana,frame_0003.jpg
176.75457164837334,167.2077759317726,151.3270967180476,74.09833152625384,171.95648534814202,127.00561751410498,87.97001494659699,101.44376063234775,Vrikshasana,frame_0004.jpg
179.92621821103083,176.64871956146027,144.95932267446173,67.98193105808667,166.28650547079462,116.95220746406648,83.92823112906171,107.32054936590247,Vrikshasana,frame_0005.jpg
169.68638892923414,156.85192788316925,149.13878575794482,73.339542508817,169.00473095553787,121.7089542233001,84.50899750256315,104.76065363890262,Vrikshasana,frame_0006.jpg
161.390611343773,173.04129864105448,158.09208103008723,82.30441375982517,177.627820354872,125.56634905861985,104.2752847589511,100.63067534333634,Vrikshasana,frame_0007.jpg
162.52637489278638,159.39703064109486,158.08580657862458,121.44153492404789,168.62225379724634,134.22598666892512,99.83724844230747,92.49148449532197,Vrikshasana,frame_0008.jpg
151.39024823451314,149.60150678229948,177.84881106459136,136.45276874644412,178.40691906339725,146.5822997818785,105.26885342063132,94.22964568057994,Vrikshasana,frame_0009.jpg
150.31256229432037,126.54363717906675,179.04612336715513,154.99497683757266,171.84048773298613,151.02805779703957,102.18654319027392,89.51043097390473,Vrikshasana,frame_0010.jpg
167.2727159004647,177.5806644924637,164.49852079197967,90.08921826010591,176.7377283937156,114.97160640536359,103.11530650621927,97.9588530594966,Vrikshasana,frame_0011.jpg
166.6752851241912,158.32646328950221,173.6917772352114,104.06927823182599,169.71394545126503,118.75658973482116,103.00277962245734,107.67138992288825,Vrikshasana,frame_0012.jpg
168.5659913995351,165.50418132596704,173.54857574892918,126.19849328201886,169.3402474512803,129.7123676466936,102.03415579859498,101.90695179651641,Vrikshasana,frame_0013.jpg
148.1066449694626,177.2014591508971,181.58771010686885,154.74946267868913,174.78220004523678,155.7600753257424,97.73195179262973,97.84588874211028,Vrikshasana,frame_0014.jpg
150.7268976066031,138.57606642319823,139.21088006794199,139.99569408500784,176.88741262330433,174.33345691825085,12.825111134232595,114.89109969881096,Bhujangasana,frame_0000.jpg
145.1390404088911,127.41181132550095,165.4321066950924,161.52470557518328,166.48292704518758,176.82369686613848,21.9145505367037,129.19655852137726,Bhujangasana,frame_0001.jpg
68.23035542234167,38.498787179246925,167.0439467538954,172.8546470485281,169.58317473530127,170.3348898701417,114.3154229266729,67.12954263739749,Bhujangasana,frame_0002.jpg
65.22900642866222,9.575639602173808,151.14955961865635,149.6414623199526,172.99700079453288,176.59420682611093,97.85236587486415,79.66952132185921,Bhujangasana,frame_0003.jpg
149.4769528822461,72.54903253296503,146.7421234759225,141.13316651193347,168.458210293034,159.81353643069397,115.81279773355007,69.2619141511397,Bhujangasana,frame_0004.jpg
73.33924912718136,77.7490762567523,143.65357950086207,138.16608467795174,171.4415837899617,174.01074313294643,87.64493442974411,88.4957251390861,Bhujangasana,frame_0005.jpg
27.666708910332215,56.2978332595422,141.14455255040406,137.6561197519441,167.3467440344476,160.4646614110994,105.64798579485405,70.13162383534852,Bhujangasana,frame_0006.jpg
152.64128391073476,129.78282263258268,176.90847932583284,178.76360839645992,178.4339923402355,177.30366288187125,102.56270685224149,78.26295970544098,Bhujangasana,frame_0007.jpg
168.93461402626883,127.90754988559516,169.07419354420566,176.4258458524082,171.91227650713395,170.3337606423709,116.18551179267159,69.81959285981495,Bhujangasana,frame_0008.jpg
164.68097130203574,133.63067907385624,174.28785380941508,179.62435880211692,173.22024467720738,170.1744088536962,105.08879079676025,77.59923749799339,Bhujangasana,frame_0009.jpg
128.00328804324826,82.1564469554327,171.51801570394832,171.3368085348229,180.02866274808008,177.58183131194767,98.06408400255653,77.98764511429627,Bhujangasana,frame_0010.jpg
157.0838402026565,115.88247918595474,165.1333776843984,166.0995525968021,178.24725527387685,177.24433637792112,107.78489908850689,69.2535216210728,Bhujangasana,frame_0011.jpg
109.59538991029942,16.688632408511165,159.1333780508165,157.52791696611018,166.4590410684674,168.6080975835642,98.46478192671894,79.14926601423764,Bhujangasana,frame_0012.jpg
154.86157823324257,126.61742952799379,145.81514187953957,143.3090153907312,171.69044355037354,166.51622207086353,92.93507466028852,88.37635015511104,Bhujangasana,frame_0013.jpg
126.01689851504143,65.57597906149596,168.43431968884988,171.21573709809434,172.63211365772736,168.62366423280565,108.38697187179284,70.37209947685909,Bhujangasana,frame_0014.jpg
152.5345631520189,111.4086156268543,86.1688273557374,63.00165604106144,127.09195352796002,101.86499524855132,73.86641298084291,105.55585448251834,Padmasana,frame_0000.jpg
161.81884064905387,178.45748229414892,172.97828971235413,138.09886328010072,126.12367985838083,173.73228826837442,76.32885147960803,105.56302327933675,Padmasana,frame_0001.jpg
155.7385329494657,174.55921052012192,63.77655974230517,47.35458131664023,125.5445092440559,98.52720618879805,81.61784040719,99.50464740180817,Padmasana,frame_0002.jpg
159.8374097229264,153.5671979208977,68.57337079157938,47.00314158821742,125.81661136544948,107.10141047770449,78.08286103567714,99.047378822601,Padmasana,frame_0003.jpg
159.9364250496924,166.24501254009076,53.82371009808158,38.76572730999671,112.78913046696276,89.87603376984146,79.01605293790588,99.51102747259971,Padmasana,frame_0004.jpg
159.1497144768121,136.97842193924544,48.033849451715625,30.960617972025233,101.80091666774847,87.70369298425256,79.53943205589377,100.35197797766445,Padmasana,frame_0005.jpg
141.6986495920154,144.67000725194941,113.29148316515305,49.75246138428417,170.57047697008846,104.28654796558155,78.53165888877659,98.71306486802412,Padmasana,frame_0006.jpg
152.6930979976963,99.48655769696634,17.132671114012687,26.6270170141885,59.20881726722931,71.42512736750712,74.48713642359476,101.89863919174311,Padmasana,frame_0007.jpg
146.42910108540758,112.70309267730457,96.55757695808379,18.406454625800638,63.652472931744846,51.24824910696562,76.22729216572532,104.08922756542016,Padmasana,frame_0008.jpg
180.996903185508,75.96559667849154,35.16352247889617,33.80355731722576,19.54379006278666,-0.0030033869616736264,76.91946028393399,101.54874804794352,Padmasana,frame_0009.jpg
163.18936298342274,173.92146266286358,77.64514011312832,86.69360155409899,66.66428332447803,78.54251977347606,85.28432337142557,96.3902511728643,Padmasana,frame_0010.jpg
165.07411255200114,164.11922888499953,26.699163588412475,33.369916521865555,91.78382486446408,105.84645357850751,87.55749487051104,97.22196182718535,Padmasana,frame_0011.jpg
156.74115205173229,171.0471802731113,73.92876067064412,140.33712272754684,89.5107767171119,98.35754405136142,88.2326386813806,91.651454299817,Padmasana,frame_0012.jpg
155.10159192927765,168.98527542759862,49.133011769314294,5.287520619469377,50.84056955652252,3.452697629393113,84.93245973594354,95.22192512897115,Padmasana,frame_0013.jpg
149.05937851403365,160.918429716393,117.64203284012392,149.6491710903919,110.24002420453279,136.36848931887698,83.0304847686921,95.52910689378365,Padmasana,frame_0014.jpg
173.1082447411238,158.88588271574068,178.1100746245553,178.88456018031613,176.57482579323425,172.80433587314525,83.20764499466794,95.26397824915807,Tadasana,frame_0000.jpg
169.44915584359725,159.95938222127677,172.55148761851396,181.642566701302,178.3393681003358,170.98554104843566,81.08046190192434,96.96230312383815,Tadasana,frame_0001.jpg
156.7724147809589,155.49101582773295,174.6820811476843,180.55265138684848,178.69636608542714,175.8955088104051,81.7578865951057,97.40726803474998,Tadasana,frame_0002.jpg
160.82992510330268,155.17798262862556,170.0058719060781,179.58737993151595,176.9675508359947,173.24134306076897,82.89241587320393,96.32991844489509,Tadasana,frame_0003.jpg
161.38482494660792,154.25028747514278,175.27804290983525,183.31576103328604,176.4961917913241,172.38380980679963,81.41778394334591,98.71641614848659,Tadasana,frame_0004.jpg
137.97747458096782,115.26752748799278,179.0087713178784,179.48415845739373,178.3375161379559,176.43190387555907,78.00208539251274,97.87804484162979,Tadasana,frame_0005.jpg
16.779895709053086,36.81794963195878,179.98544020372034,176.60324244364784,181.65316455369924,177.4324947031229,80.66615273375969,93.13127142373914,Tadasana,frame_0006.jpg
63.172351505977204,68.43794632096214,173.5530335813448,179.09242022441978,171.65065206925942,175.90012930198682,81.51615606290612,96.57199899780268,Tadasana,frame_0007.jpg
132.8290327182291,127.12424042543515,178.04638918019978,177.66593460867352,177.9370367779057,171.25145560847892,86.51410180196184,96.18182068428611,Tadasana,frame_0008.jpg
28.21940078302257,44.072096995292,182.09630236963568,178.74700490975857,177.3728749801079,173.3674721402861,81.32917527250429,97.33812696003639,Tadasana,frame_0009.jpg
135.22428389844086,152.93487214323795,180.92270536041895,175.93380703833174,174.59746192338707,176.38099482098073,96.35208816601816,86.41836082067474,Tadasana,frame_0010.jpg
125.90689068032324,165.51631098981485,177.15156621960693,178.8280646935592,172.27490101778437,181.8141667384978,88.33899125995775,91.49482323503415,Tadasana,frame_0011.jpg
114.11477845467937,124.06274245672577,176.16044821134082,178.40708361935077,180.97285129401854,173.5104667875568,90.02301622321676,93.0162022562244,Tadasana,frame_0012.jpg
108.29692680544619,132.41620946324025,181.21448727753216,176.6909172444245,182.95614340787242,173.12235184157703,84.19016995525713,94.15141921579425,Tadasana,frame_0013.jpg
116.04749905757338,137.40496356959406,181.11836748504996,177.54539279663402,179.37355326234686,175.9487223446873,82.28456922858182,94.8872511120225,Tadasana,frame_0014.jpg
164.96397234914377,159.29734511106741,177.91159147969123,179.6234046368213,177.94995232122662,171.76494386028799,83.56841752539937,97.8593889824833,Trikonasana,frame_0000.jpg
163.1210688492878,156.4791478869589,176.83216622795624,177.79635385277857,175.84653732065792,176.6555988075248,81.82714212501274,96.36720748029953,Trikonasana,frame_0001.jpg
171.62331381459407,154.70893558942177,176.2745043075392,178.41129015777932,172.671102063664,158.82333517740105,87.82415192168321,97.15854009784832,Trikonasana,frame_0002.jpg
172.04735832254633,153.64045377933184,171.04443635647047,177.73633928663642,168.90468682586447,159.74658832129185,81.38994026564573,94.52882287769775,Trikonasana,frame_0003.jpg
164.75546322203738,166.71697126984986,175.45623909031477,179.29790899632724,163.8057670847175,160.30913609602933,80.73987520188784,96.56240010015456,Trikonasana,frame_0004.jpg
169.74462032743966,173.13432217241015,171.71298722806333,169.85769017726767,151.26087786776188,142.76554563149452,83.21800870876596,97.7580621762382,Trikonasana,frame_0005.jpg
178.88647409633128,167.96039670018502,173.66969832786276,176.102323847339,151.17899680248198,148.3808181396776,83.73556975729917,95.49102439144902,Trikonasana,frame_0006.jpg
180.40128832924262,168.9069881378181,173.5106681522307,172.7379691127152,145.91208139117927,150.7256306360626,88.0865388254708,92.27462331661017,Trikonasana,frame_0007.jpg
177.4439121803592,179.77065029025505,170.78383823823637,174.3701534325983,152.06549656537396,144.69181086087508,85.98240006506384,97.54403522165555,Trikonasana,frame_0008.jpg
173.22695554185012,167.26226230037457,170.2946810507704,173.07161811560752,140.6448165401049,147.12487670115343,82.33235435171416,93.41413382655823,Trikonasana,frame_0009.jpg
176.06912952878122,170.76025914208242,174.36704260004535,170.37167679533536,135.5633980521443,159.8556346771018,77.17485363337691,94.76748856540519,Trikonasana,frame_0010.jpg
164.28537271920126,170.4479571774319,165.55759133770792,175.30535981494214,116.34478940264607,168.64195753661576,79.13353510002948,85.88617086535277,Trikonasana,frame_0011.jpg
158.06582055503875,174.81421548894394,171.09495607194933,175.69771383639866,95.02637905977979,172.79370325510826,67.88785001575538,82.72140267434662,Trikonasana,frame_0012.jpg
168.41994236974207,176.29200129673947,178.06022231373743,175.848532238807,81.72630472583762,155.8945432029918,62.84737827981647,80.77250982234092,Trikonasana,frame_0013.jpg
180.27289614196326,170.8293310016829,177.1963144996397,179.52078542315073,93.40743362005195,142.63581746836317,140.40067954359876,12.12505976687487,Trikonasana,frame_0014.jpg
160.29037136951268,158.04824361551738,180.67580568018764,175.81450751386248,176.80998581087252,175.17971437060882,83.35093624218086,96.96053771324515,Vrikshasana,frame_0000.jpg
164.1577512991556,152.64798029610554,178.18760972410473,180.21829778236406,175.16032911272737,174.87607172833805,84.92451072999518,99.82988778110392,Vrikshasana,frame_0001.jpg
160.99697846815974,155.356572496653,180.50549993009233,179.82448596843045,177.37523087637535,174.78021563402538,81.9548306290857,98.9273795221163,Vrikshasana,frame_0002.jpg
160.40902904066598,150.61875267715521,175.6854888736427,176.7161934250691,176.12896883041094,172.96298778897093,84.48248116491068,95.02851853999996,Vrikshasana,frame_0003.jpg
163.67431155121236,166.205750800847,170.1101103150297,144.70845525232258,178.63294641732747,152.71534479519212,93.17610521021885,100.76986904192528,Vrikshasana,frame_0004.jpg
138.17787784524387,135.60308589237638,88.9510869178333,98.49800058131615,124.2210806420417,151.02561827917455,112.16025883091847,83.82891821811751,Vrikshasana,frame_0005.jpg
169.4019361370527,143.7198802704635,179.78272180590344,138.51549593725298,140.52264250314778,148.21490126888088,82.79740188297394,104.67105344099312,Vrikshasana,frame_0006.jpg
169.94220690294227,148.00105336919606,175.38926854673997,110.00826334059694,163.2775966231017,155.80625880790194,84.53065090854435,97.18040554062603,Vrikshasana,frame_0007.jpg
126.56292829342468,133.1858391437686,156.38298692819637,101.6262875689296,182.1627279067178,141.04970047005446,82.70925121300378,102.62287955405615,Vrikshasana,frame_0008.jpg
157.41287356211146,154.2710239598596,161.13763849402963,104.00576598052372,178.9401435341905,142.33963979775956,88.9105491766625,98.31832889442549,Vrikshasana,frame_0009.jpg
154.37135837629066,151.69036648215155,155.6064460471079,91.10029192421126,174.08388592604894,137.81942674455743,89.85071418626836,103.44307367398217,Vrikshasana,frame_0010.jpg
159.7467473848135,160.96041363842832,152.30657082629799,82.9836096202808,170.76897916152913,132.4249679651458,87.24184883803122,101.73320628657711,Vrikshasana,frame_0011.jpg
156.9977871020407,166.18897966262247,157.4356153366014,95.7501950234198,172.01022107783538,138.7762590706656,90.7200757461093,102.19847041216642,Vrikshasana,frame_0012.jpg
155.379699136783,160.6324090150682,159.28948285520718,97.09273123967098,177.61306832191255,137.85403105252703,91.31129980950553,98.7255855211304,Vrikshasana,frame_0013.jpg
158.58187318208948,168.89019182746358,160.87459279122749,98.56645429664113,175.26534811539082,143.09890527672738,88.04710960262602,103.1318550786012,Vrikshasana,frame_0014.jpg
165.03216126762294,156.6644331736333,140.53065314917976,141.88578285821376,105.02524560083346,114.44929499015639,69.77293169545014,122.91285448547173,Shavasana,frame_0000.jpg
165.47235097596425,164.14146222989223,162.39593427906195,173.7543514199553,116.60064174755344,126.89383579880119,53.464930435888384,134.2067047931187,Shavasana,frame_0001.jpg
169.20510503611106,161.92563669228258,158.25536868325813,165.6654098830306,116.94120669738278,129.13938436372533,37.36121062599778,139.63927134098927,Shavasana,frame_0002.jpg
160.1923950572241,164.99282683967868,157.45580410956435,165.59855555970432,98.54296206334763,109.67580416176058,10.776713967196919,170.8709026956399,Shavasana,frame_0003.jpg
114.74611241620015,173.63920536587108,159.2960403093849,168.28596860843146,100.25642358190755,108.33341240875235,6.228192888581488,169.9218351542659,Shavasana,frame_0004.jpg
114.470546992131,175.5994515672422,163.71912144749263,172.8258460930876,113.12653775353665,120.16318148737474,38.592013339211526,143.04675599319714,Shavasana,frame_0005.jpg
149.22892192322783,177.61120540410965,173.67261828325036,176.7174035943627,139.25369788305758,148.24093058808816,74.17335236539307,113.31081034148895,Shavasana,frame_0006.jpg
166.0568668938154,158.4247245788977,178.82050385840753,168.40747157018998,162.27832269435305,184.3907509236115,25.099453201404636,153.1100778563808,Shavasana,frame_0007.jpg
177.65353984533468,158.34050150709894,177.1891785786526,176.44250757654652,176.19401195514993,180.01816291554695,91.61229951670511,82.8351781529104,Shavasana,frame_0008.jpg
167.33396927055924,151.75505736101118,172.0850891825361,180.02631365199244,169.33241068783653,175.95804400964948,104.01891721990951,77.87008209074159,Shavasana,frame_0009.jpg
174.8043064884025,140.98993457516505,176.35569449001258,179.12881325919597,178.8933335482774,176.24671980056175,105.44808760244742,78.87189611570406,Shavasana,frame_0010.jpg
171.93557031785997,147.73245489226218,176.87131136658934,179.27611700535087,173.27701870742817,179.62651811007885,103.43984714418734,82.7935582335994,Shavasana,frame_0011.jpg
177.05748563890035,134.2453791883717,170.68790101921493,169.99130121618626,178.84164891057398,171.0124663831146,119.60447802759467,71.1142604715037,Shavasana,frame_0012.jpg
181.18151300994384,115.9833620498462,170.6510997656501,174.42686526563716,170.5903331257346,165.8440495168149,110.2045573452357,71.16691521759896,Shavasana,frame_0013.jpg
178.4146042744477,99.04548755475842,173.4891738527337,171.59696982434838,167.42740984844266,167.53278656658313,112.27245052631329,67.67870555661248,Shavasana,frame_0014.jpg
142.06954935419878,132.87768728561645,95.57644330602021,120.14685051718222,152.2584626588962,164.3788303892423,90.40082021875382,88.05607918620315,Bhujangasana,frame_0000.jpg
151.21675121003824,107.64410282871017,95.74018879782078,115.67169300482576,162.17874749126037,174.40524000915642,95.16087476260536,81.07131428115515,Bhujangasana,frame_0001.jpg
152.9675074887698,150.73345281447894,79.41329366451967,100.49074149328568,154.5890173847669,167.42154802324245,71.30863532844693,93.02429509668842,Bhujangasana,frame_0002.jpg
155.4276579616608,35.962250404003434,91.58354320482489,97.81401703718234,169.3669686701799,173.13366767973096,74.34517457648332,92.32460170618903,Bhujangasana,frame_0003.jpg
134.50130266749264,85.06996556994358,85.22776477179046,83.6901163629223,165.91017445151434,168.7147171484129,79.88582837541438,91.6196753397025,Bhujangasana,frame_0004.jpg
140.56774849761507,139.56422029988443,61.17143610882814,69.52521429671208,134.78319345724498,136.07565972682156,134.79284542026832,69.57577484691332,Bhujangasana,frame_0005.jpg
163.25013773270246,156.79835286666875,62.50537182706317,72.5033217365749,110.40235645456494,109.98352422344738,26.94839927566618,104.34707766306569,Bhujangasana,frame_0006.jpg
169.7797727417748,152.1033395404785,88.17806046202197,90.14815881454236,120.87120386763753,119.09459008564399,44.33593048303563,110.4950403981708,Bhujangasana,frame_0007.jpg
155.33171714935378,159.68821592849676,150.0444228414035,152.70557147589906,176.5153369351414,168.8116115457006,60.870556216995844,98.29918778027194,Bhujangasana,frame_0008.jpg
157.6364339293908,147.061806019142,144.49742864724405,139.85105658576737,169.35456310735444,159.76657825264599,11.188039521417288,116.12324906712558,Bhujangasana,frame_0009.jpg
153.18561354097747,151.9678747956273,153.07191932918178,146.36763214898124,172.94760554949602,165.04514286415557,0.6035654153488239,120.87670545265857,Bhujangasana,frame_0010.jpg
158.84941718566827,163.50713799280388,143.13186936470242,144.04336515904137,175.11400198237442,164.943652508061,17.102013780040874,155.77294869632857,Bhujangasana,frame_0011.jpg
161.9795593816838,161.31072691743861,138.13337178016064,138.3333561924315,176.53926973123654,169.56731087752183,33.391581633698834,158.27700881391536,Bhujangasana,frame_0012.jpg
166.74937740331703,167.92175358385248,142.15111138085098,138.5882790931369,165.73105324494375,175.9044329464248,43.84732638497693,179.9204278167724,Bhujangasana,frame_0013.jpg
159.3298254388319,164.6364574382822,136.1106915160051,133.06247670610978,177.56869126823597,174.19772237393377,4.760899455419056,124.53848126436581,Bhujangasana,frame_0014.jpg
176.1892563419058,131.32363907988702,118.33802020889277,128.90326713810904,78.00178292667577,90.60326367925043,133.99985241444864,33.15933735949985,Padmasana,frame_0000.jpg
153.3509444278154,148.2509937824814,94.36330550848089,110.85170380730824,76.81413253605238,88.82598231565862,120.28450811576207,53.1134844500897,Padmasana,frame_0001.jpg
178.37456144530253,141.1354462350069,51.50348855887292,4.567888632241429,47.38474236353536,13.534072420830531,90.66817087771362,84.12488474251022,Padmasana,frame_0002.jpg
142.24910197599186,138.47236063130137,39.036612676673094,26.915641227993124,33.440081844979204,28.080104637473134,81.90372193773894,98.3853823104309,Padmasana,frame_0003.jpg
132.82357329369543,124.8430493074635,33.58754407957451,11.623066141121798,34.74356136413003,10.691867983870875,80.72849236806321,92.2492088371039,Padmasana,frame_0004.jpg
145.8368994895624,113.6097387599339,66.09224505401262,120.10073781596826,69.39755523209398,101.13624274884316,76.88218116380962,98.21522089760924,Padmasana,frame_0005.jpg
149.26274159277276,109.88080045804803,169.673628375067,159.48063875866072,172.20046994084916,148.94100240439298,79.77429184600969,100.33289797096867,Padmasana,frame_0006.jpg
164.203784781416,76.18193626304299,48.97540758246317,136.6654054423072,71.64080043650158,113.91873992999224,74.7045652267485,99.21449272128723,Padmasana,frame_0007.jpg
156.39380009441376,115.24024434201908,10.241475102946328,69.0301406990948,22.538306151829055,65.74458146495455,83.24320009910383,98.97210958588354,Padmasana,frame_0008.jpg
156.64802448360373,120.94933380589578,22.022436011948066,11.882572264409259,20.071681721254002,1.3386075746958568,84.24645965773664,99.35900259218889,Padmasana,frame_0009.jpg
116.73391869209948,118.92018487087725,156.82854963592686,158.19313254269196,153.10686913018532,163.47848871140172,79.50798258247467,105.34968028616491,Padmasana,frame_0010.jpg
137.85465989168992,162.89423085276943,74.55357052183155,130.38915232305865,107.50793629445171,167.0922102309296,73.55185426125888,107.16704264037831,Padmasana,frame_0011.jpg
151.86326411982043,166.9535399549751,63.392575112221124,80.67595903883726,104.86352841279854,121.9352181224022,79.04653862837559,107.85792275348133,Padmasana,frame_0012.jpg
136.60192813590666,176.39485887960896,100.40377569931546,173.824799348102,121.64407374801289,127.53774275528379,79.00718821953184,107.29773683203788,Padmasana,frame_0013.jpg
132.62263107766202,163.06422412209506,140.0829421187934,81.555301612454,168.31029006352634,123.21791169311587,80.21444484115035,106.36443400930742,Padmasana,frame_0014.jpg
163.99589398500493,165.5562078861304,52.38955812778978,42.621066619797496,50.129492119643764,39.97944984369448,76.76319432209927,88.66418208788338,Shavasana,frame_0000.jpg
119.93889963379621,136.90561318817976,111.81437528564145,121.09248224795554,75.93134968484716,78.22084930047266,86.58781100394567,73.83932305711218,Shavasana,frame_0001.jpg
144.6016425226563,112.23797535158768,94.10668063671257,108.55898536858162,80.53334620514528,88.33087400175371,72.76782734138418,95.22733151887442,Shavasana,frame_0002.jpg
143.53893342651943,109.76665327471676,124.5951634426101,136.35204716682114,103.48754843204772,117.6081874228056,62.557073150784284,101.50912208944051,Shavasana,frame_0003.jpg
135.44691438920282,106.49726625551394,151.90728848185137,155.13464903406444,122.28242563338705,127.9626967889253,61.543115432911826,102.94649619798899,Shavasana,frame_0004.jpg
121.51689559233692,120.08492663587586,153.54788389559377,153.70528323878426,111.55406002822846,122.9992837301932,67.21121369686585,93.15285278983838,Shavasana,frame_0005.jpg
173.33747013804367,121.00748917870126,166.1952182966064,171.2804510570919,139.9879947620456,145.73733328623157,65.80413690944462,107.75195083460514,Shavasana,frame_0006.jpg
139.5070569614646,129.1269370192406,175.63539255003326,181.10815751291645,158.56290113588494,158.7470198232439,61.01054715919894,110.40699054422859,Shavasana,frame_0007.jpg
147.596629562423,139.45845161176874,173.29018342388488,180.7903343863815,167.0677280796495,158.20207409421923,68.78392787351265,103.07344953443497,Shavasana,frame_0008.jpg
163.11741045816146,174.25264662527218,167.70972150697943,175.08841679985585,169.67159967357128,164.11743172175943,149.19738788018793,53.86772218235955,Shavasana,frame_0009.jpg
175.6550559391088,162.98728479988517,172.32208443618933,162.42261079666125,169.97920456138803,154.80211938635043,148.84171461672796,35.250996484559124,Shavasana,frame_0010.jpg
167.99551645250688,179.30107351318156,171.42507515524147,173.09318296941595,178.4188876490258,170.96496432747517,137.6292275218827,56.85383327570585,Shavasana,frame_0011.jpg
170.3382792213649,174.46997825814432,179.66773372497565,174.91356587141024,175.16898452654178,164.19680467000765,133.27113199324864,56.38890283237677,Shavasana,frame_0012.jpg
167.31542799485032,166.94472634925052,180.59910120425124,169.13396553755706,173.84520124695504,157.752156768694,170.95292542664703,24.267649109694432,Shavasana,frame_0013.jpg
177.45524393497192,153.78824904060664,173.15545909123855,165.75699972547093,171.8966857761049,154.60357716178373,160.69934545086824,42.55930305012765,Shavasana,frame_0014.jpg
161.27862384736414,158.57085955686233,175.7931628716939,177.01121794967062,176.37915408600205,175.501229452662,84.55475701618288,97.99001534204129,Tadasana,frame_0000.jpg
158.4064758712739,157.1259644472068,178.59508596048835,180.09615883046683,175.93298564872435,179.6407527924002,87.37480472118204,95.13767608300743,Tadasana,frame_0001.jpg
158.96352146279554,151.25049650294196,178.60343266648476,179.20613385282147,179.0306820978921,171.18273521166765,88.2715345899004,90.11361367114966,Tadasana,frame_0002.jpg
154.6314058886667,148.7333824753765,179.02599903198754,178.14885999898615,180.6568117299208,177.39008084250509,89.73484800502975,91.13342260775062,Tadasana,frame_0003.jpg
158.66763632456752,155.59828765507132,177.38929879189558,176.68899780468982,180.5969464030336,170.68061550871755,88.74494599155588,92.78011029395057,Tadasana,frame_0004.jpg
156.57667913582128,157.90017075799915,178.54749220813727,175.4364460958151,182.57442330475246,172.24239226149845,87.49535018269864,93.51183879962491,Tadasana,frame_0005.jpg
157.15966966505832,158.64782534508734,178.21183512400935,176.4967226907599,177.5990750162041,172.67784830092387,90.0241898291816,93.09968714366865,Tadasana,frame_0006.jpg
148.19683666260914,156.14507301774552,180.87598728233655,176.12235881017185,178.8564938086635,169.45694113221256,85.38498909940452,97.89287587258862,Tadasana,frame_0007.jpg
149.96926127817073,159.15696428983355,178.813217977472,173.24046121271937,181.67849899719903,171.3374280907575,85.94918404364113,93.25685461600725,Tadasana,frame_0008.jpg
148.25451609725553,148.36016391857183,182.24652728482104,179.251367709091,176.5488329561539,172.39767982521377,84.13647874381844,94.89673828891024,Tadasana,frame_0009.jpg
147.9170212470684,155.25995114847493,177.48342080336138,176.96603363675882,176.14207651582498,174.38863511075317,84.84041983433018,95.015140835022,Tadasana,frame_0010.jpg
161.47195804408722,156.08251341027153,178.8020871039671,175.07449188931966,179.56859089296788,175.0827180027084,87.03529237981967,96.30889896434975,Tadasana,frame_0011.jpg
153.32236066956162,159.6058480605385,175.5958246427884,174.0263007922187,180.72199884895252,173.50625911494063,87.2297728225512,90.83636082179983,Tadasana,frame_0012.jpg
149.98694404297225,158.63817976091772,175.16509066890922,175.23871524515357,181.7699487109255,170.23402812416165,84.70086623393429,92.97370801165061,Tadasana,frame_0013.jpg
149.25419891458165,159.43815193926534,175.78134656029985,178.6664906310725,176.99274462684681,173.6949752314064,86.67145189425969,93.66177618987005,Tadasana,frame_0014.jpg
170.90399421420844,166.9966755666277,175.37586742071232,178.1686516262364,157.09053343785905,163.82612333997176,90.00462597181335,93.62366852002516,Trikonasana,frame_0000.jpg
171.08384272008607,160.7059311675978,175.70373532438262,174.5701512836885,157.83921629651573,168.81211611302564,87.04421629365699,92.17017657349564,Trikonasana,frame_0001.jpg
166.00783888957858,173.26759893650507,174.99584157445312,177.21836269823967,175.66114091464348,149.09734680108272,86.56004841591559,99.48671073616823,Trikonasana,frame_0002.jpg
150.36097347490517,178.14526531341838,177.77891757124672,176.84676083913445,167.39393605922587,122.89162453267001,92.39954544788395,105.02778881810711,Trikonasana,frame_0003.jpg
168.6009975481178,173.97215448379094,170.34356949560478,166.8235202255812,145.30223645382748,86.75097333143637,78.52425979825736,124.44114078002478,Trikonasana,frame_0004.jpg
149.3769959054473,174.81742673263045,168.231736201328,176.6728128891504,113.44083463707906,66.16576265924257,68.92281259208686,135.48181414307876,Trikonasana,frame_0005.jpg
123.21040435737747,171.51047696913702,158.72091627381542,174.90006603455262,143.98014193542667,77.60501426673287,71.61429101429127,134.5654646031592,Trikonasana,frame_0006.jpg
159.28288059147795,173.04660207533516,177.81810805589006,177.41932404540725,126.29128141755277,70.81214058638732,74.78862206967021,134.09824747127433,Trikonasana,frame_0007.jpg
148.56723648164768,166.76878851569148,175.32787044471564,178.78013583965668,119.58465219335756,61.447874854218874,65.29011949045167,132.32520592282256,Trikonasana,frame_0008.jpg
145.220360553873,166.29690904354146,179.30017793759865,177.37147115260947,122.4947698163254,63.79863828830109,69.11811446535185,136.23000659731213,Trikonasana,frame_0009.jpg
124.54483016240275,165.0650231718418,175.88815816851633,177.8279160993189,107.70107480427804,57.288589913242106,57.01033082795744,148.42560319580187,Trikonasana,frame_0010.jpg
144.0257087026237,166.0522468476696,172.34753854949415,183.7019480441916,111.59686986306838,57.78425371634461,59.88515909953832,149.36949063131075,Trikonasana,frame_0011.jpg
146.57826559010851,164.76311507375354,177.47548239296975,176.24359660582667,114.58369481146877,60.681440719575306,59.65311203872298,149.1855775998716,Trikonasana,frame_0012.jpg
146.0752713050393,165.67521818248312,180.87663482253592,175.87130482765573,113.6256091275598,56.938568337092775,63.13156896302304,142.17855632612424,Trikonasana,frame_0013.jpg
167.8349392228402,178.78291118121945,172.4081413093773,177.76576548737867,117.28644199039138,62.914289693398565,71.98274512314151,137.70941700587298,Trikonasana,frame_0014.jpg
148.06913231324108,162.74764690762507,177.35442993798927,179.19041997812337,173.66725506333665,166.91291099570284,86.07679832572694,92.84227260734791,Vrikshasana,frame_0000.jpg
149.13508294848504,164.43301623752015,174.5666491787459,178.54342135894612,176.29662789218,164.22997494020106,81.35791697131589,99.96498091793455,Vrikshasana,frame_0001.jpg
156.492811447814,161.4254465392726,170.03704025613754,176.8250603220636,176.30206133417954,166.28274575880738,75.02517262622578,96.38496786879111,Vrikshasana,frame_0002.jpg
147.5567074383358,159.07431551916196,167.67964608630834,178.19671438145076,179.2495987125021,165.94548684949646,80.87345516555503,100.70088428179382,Vrikshasana,frame_0003.jpg
150.78643636512427,159.4439167799952,175.9128993907684,179.77547839713353,178.6280854402922,161.3630301847168,78.31848258947845,97.7053014050132,Vrikshasana,frame_0004.jpg
151.79331439273665,164.21927301831317,171.00844035613216,179.89502569944364,175.09360489935924,167.24372309660416,86.44650617358587,96.71221561392278,Vrikshasana,frame_0005.jpg
158.33413698098565,169.94550821481798,168.04612488264846,147.66071428821883,178.8167377088772,149.80844868582759,85.16690134707234,99.59044609203326,Vrikshasana,frame_0006.jpg
167.5064660635431,177.8338068551184,162.06698685704868,144.18793005920543,175.30494346992876,157.58976546135042,83.85024856675273,103.03403098943494,Vrikshasana,frame_0007.jpg
161.3135979694046,176.8263849253993,171.5211287655704,150.68088476748872,175.6412524220209,167.45618915503934,80.20100962362355,98.558509007716,Vrikshasana,frame_0008.jpg
167.20536354564604,179.53046462898143,160.06481626388592,144.5101511732586,169.9318064132566,167.7690583624425,90.64335644580638,95.74645353050515,Vrikshasana,frame_0009.jpg
161.0990139397368,168.82597501215815,177.1379682890511,167.5321596867948,168.39676540000164,175.7426118766173,89.30174873203538,94.54390790375963,Vrikshasana,frame_0010.jpg
154.04043136293063,172.967139287668,172.66233628907406,161.68058596097086,162.10400916858916,175.1815848171354,89.86163779986111,95.87099191467041,Vrikshasana,frame_0011.jpg
151.55179505930056,158.21650740359567,173.7306903454538,175.40035394628237,157.380107671735,180.43194686979615,90.39653262751153,90.79908215145211,Vrikshasana,frame_0012.jpg
159.8131288512215,142.08636408841187,174.40158526813252,175.2615225541708,163.32486169559465,177.7067697106853,92.74257973080826,89.53563875564042,Vrikshasana,frame_0013.jpg
158.09900545656964,136.08036323536638,177.61569955703322,168.01383400902824,166.55979074057953,173.0077829097227,93.09070124908705,83.9645730098243,Vrikshasana,frame_0014.jpg
134.61438744480952,142.71237556034677,138.8729010516241,131.54523958920066,160.7498681842057,163.16366798181878,97.14624950415384,80.38233999778329,Bhujangasana,frame_0000.jpg
163.59948531799049,142.56619389928926,157.12226944802066,143.15618565836277,155.31630919339102,164.71070444932522,88.52961008881161,82.26754528426426,Bhujangasana,frame_0001.jpg
138.92551293583128,144.93267352508428,130.99349670601154,128.41214056333143,144.8746605801964,162.11372424041488,97.75626211131629,77.0253280113155,Bhujangasana,frame_0002.jpg
173.0328195334576,156.96254421502758,91.70183621638961,69.62849748573846,171.7706354783571,155.01786171280563,90.984083875129,92.4076674718214,Bhujangasana,frame_0003.jpg
161.29260580522097,155.86564798424627,134.7751555395551,131.99230610703427,160.9231294437209,180.31025867600405,95.80117900572517,79.66587596815208,Bhujangasana,frame_0004.jpg
166.1212071393321,157.9823651415473,152.24980698092435,141.14045619926895,166.05213582748786,175.66591317969025,87.4140050560639,84.43891223604885,Bhujangasana,frame_0005.jpg
164.5737834192869,135.4340218997765,114.15050785154914,101.69188459941282,177.41683555139767,174.42461738285516,101.27928790113103,85.99231448276602,Bhujangasana,frame_0006.jpg
162.24429743822404,148.2443747995194,171.48548214934678,158.51251914481213,172.217304141411,171.89117833073053,93.27004019829678,85.45297485937608,Bhujangasana,frame_0007.jpg
33.13627768016185,146.60137594713308,169.24672710940325,157.77330294320095,170.58035145802086,181.93929674104487,91.88927119293172,90.50973646893571,Bhujangasana,frame_0008.jpg
167.25362016660915,175.2862981233662,168.17282070775752,158.0160052899741,172.95437527757448,172.96607264733706,94.55531370227347,86.18011160918272,Bhujangasana,frame_0009.jpg
158.1267783274831,151.7373192059082,158.88636347180528,145.30174613160847,161.31304153960332,166.6763427790689,100.13111486435805,76.24002520540128,Bhujangasana,frame_0010.jpg
174.00096470293283,152.4295614797501,153.9313982092873,142.04995068104182,153.81519473418956,171.46060801999297,108.82542110327246,71.54627237294484,Bhujangasana,frame_0011.jpg
156.04560355332842,157.78611438964302,97.70455944233562,98.93046966085797,141.58457237814144,138.72911242806586,39.98789512265037,157.4409270677582,Bhujangasana,frame_0012.jpg
139.32901236766867,135.09393373367374,106.03826009638318,113.18515693472364,133.97943963657082,141.49986810889968,140.84078963568868,55.46552575142012,Bhujangasana,frame_0013.jpg
153.5087477949791,117.67437487925119,135.59613777484176,140.13097678137035,161.6108104718871,161.36764351705386,136.9009747022696,57.07181046105443,Bhujangasana,frame_0014.jpg
116.76486919475772,135.5337594739683,137.0980970611655,140.9678407402733,109.7360318579805,104.07298850615979,79.37335700299062,119.09127596144454,Shavasana,frame_0000.jpg
131.8187925055908,156.9812952040862,146.55910416358128,147.04392583045265,107.18624502332824,106.11399417401759,90.8653188064329,103.90409358020462,Shavasana,frame_0001.jpg
141.5663449659535,152.714429389643,169.59118192426027,170.24296941378856,118.86436021827602,129.27062820671958,96.63215296971073,105.39112856733459,Shavasana,frame_0002.jpg
131.06200895402668,168.84320708352405,162.13877039814858,160.5886988065988,125.54460085974392,122.61219709494735,101.41884766128439,89.33608025596999,Shavasana,frame_0003.jpg
126.7762587493272,158.88183846459867,159.22992481945766,154.9255006196656,124.68867865304256,120.73448169341286,103.87325010567841,90.00551076538267,Shavasana,frame_0004.jpg
126.45490410243231,162.07085001429152,171.85100473264092,177.6936339987285,126.26155170998389,133.5098976138586,109.02203288124487,89.384974012192,Shavasana,frame_0005.jpg
137.9365293886427,164.9740406468793,176.01229581403084,180.36082880765196,141.98549946137996,144.5643067956939,88.1844412894467,98.66507713076857,Shavasana,frame_0006.jpg
161.34298764210655,157.19459873573268,172.71663881518063,179.38518812118852,139.6391116040223,151.52962843209914,14.446372514807772,139.26340954563426,Shavasana,frame_0007.jpg
147.48742149375227,139.8253702448959,172.252742598345,181.18096646446313,153.23958568033174,172.82068171063185,4.080046298941837,148.42362744543934,Shavasana,frame_0008.jpg
117.83884883705814,0.9437789387282145,174.2567957599029,177.52993225844887,177.55587346818086,170.7977752848714,126.2729181511385,56.78710980396782,Bhujangasana,frame_0000.jpg
77.03852517864316,39.428903294382366,159.51718538534055,160.08696766237478,171.29238017207712,160.05229053829382,79.29070511875129,96.90708658441366,Bhujangasana,frame_0001.jpg
131.33991286098248,20.741618419861332,163.8571596811655,165.62338403559022,172.57360616713785,166.05379397111037,107.02808973662405,73.79000271506386,Bhujangasana,frame_0002.jpg
163.92755085002705,48.51380915400385,168.5546528714748,163.8757589166809,175.00340444410054,163.2430083681827,122.04158930780999,62.48311037683911,Bhujangasana,frame_0003.jpg
125.31745009092525,58.35881387508162,167.6288966805407,168.41352503670527,172.86639613998122,167.5493541813744,123.64994907318163,57.868096484679356,Bhujangasana,frame_0004.jpg
177.17707858473767,65.07209751037132,164.50139400037588,159.81913437854183,178.5786441327636,172.51870165480892,96.48492587414601,75.85117614924745,Bhujangasana,frame_0005.jpg
120.78143892850642,116.89430012347265,161.23557310929058,157.32487220264002,168.27571213519528,170.8889766493045,19.554783281539944,170.75476053256315,Bhujangasana,frame_0006.jpg
172.13237365796726,131.3386851595308,164.8669284560565,157.94788371713307,146.20702709538293,160.85787695353565,31.287213644558395,164.29786426104326,Bhujangasana,frame_0007.jpg
181.10604753156537,139.26336990904673,159.36399920312866,146.48003143342234,144.458686227417,162.06654709918482,44.36665040527167,167.8960492649352,Bhujangasana,frame_0008.jpg
170.09429593169153,163.54055094510898,158.52234030546862,146.38320641174994,148.11249557021335,165.24731680173835,45.639897133767285,167.52975670137502,Bhujangasana,frame_0009.jpg
163.64762951916995,160.58829526087274,155.84311223473287,147.28893629008488,146.36499720252147,164.7647540749179,48.035712381024155,172.17946368857113,Bhujangasana,frame_0010.jpg
172.28121081207098,165.62866492847593,158.00755210361268,152.5295328455265,150.26893678170146,166.3028219494829,47.6965517147393,175.64685121865196,Bhujangasana,frame_0011.jpg
175.46573021011346,153.88913829267503,163.04829810617525,153.5804503385111,151.58687121582608,170.2928380097442,39.74441732652224,174.33193849162598,Bhujangasana,frame_0012.jpg
170.18649519190038,157.96277498612272,166.9829950559523,152.7749737668085,152.20850511996917,162.4669282034525,44.134479493011206,172.51353311249053,Bhujangasana,frame_0013.jpg
169.89873953061922,160.78059813003162,160.07651426617792,154.90538038055325,151.51762837915047,166.3387436180105,42.22511082505036,178.54764489822074,Bhujangasana,frame_0014.jpg
178.73032099671423,164.3298720406137,120.32314870320717,99.39503955587445,171.41392019620304,157.10641494878288,86.15930969738096,97.49545386194394,Padmasana,frame_0000.jpg
174.7030588511233,169.60327054760103,122.79419000763164,45.6587102814382,161.72123630361452,144.3263037490107,86.36398008741216,96.30846773401586,Padmasana,frame_0001.jpg
179.63951882954422,169.41387256805706,111.20342960474882,25.50837263761875,172.25536812481826,138.11617097757005,86.21962553356786,88.43358088945969,Padmasana,frame_0002.jpg
176.06828221235546,166.2596451173518,115.33754099684282,74.75680617266373,170.0534165741355,150.94302644300723,86.11996704393302,96.93950954958892,Padmasana,frame_0003.jpg
177.62594619746372,169.97219689577008,109.39156321996755,55.04241204125133,172.7971353311468,148.11699294805092,86.88515711449203,92.57288168133648,Padmasana,frame_0004.jpg
180.648101139483,172.201875058578,101.57383656768842,15.775208348365668,168.62530168659362,147.89320882538487,86.74153521317466,95.28422828494645,Padmasana,frame_0005.jpg
181.34284088433708,171.11497951876672,118.92957383958138,44.697361432449334,167.65311961483874,144.98141483642962,88.91675992660332,96.47571748410263,Padmasana,frame_0006.jpg
180.2729447155145,170.53358645835382,117.33798666963159,26.960256130520364,168.86794618919308,138.16631584652373,87.80975765660673,95.37021298224136,Padmasana,frame_0007.jpg
178.3847408829899,172.01385121906003,47.96546698031007,3.207016000707979,166.9674474750643,136.07708893184366,88.11947939173331,94.19370865543742,Padmasana,frame_0008.jpg
175.82161986990857,173.05379086900047,32.06517275363472,5.828074948056393,167.47882970423885,137.16773279781935,84.2425340258823,100.45049154672469,Padmasana,frame_0009.jpg
175.39838684041058,176.12868654070388,37.014487422938416,0.8550791318836282,168.83940025563504,137.00668379984288,85.18680087268947,98.12907405626049,Padmasana,frame_0010.jpg
179.6855097123187,168.85076515890535,75.75624884582774,17.870896771446603,168.38260067619484,141.05004569088925,88.11628901877155,100.44731625274598,Padmasana,frame_0011.jpg
177.98225950288884,177.77585041656937,30.177796452635178,7.480759946721443,167.1899138304334,135.6111108888937,87.88767601519187,97.66488621850431,Padmasana,frame_0012.jpg
178.05097651519347,171.6160939865204,30.33922898529676,6.733757926666075,169.9071747704126,138.14920531947791,86.61719427092497,94.67530894735378,Padmasana,frame_0013.jpg
178.9252201665069,172.3836853793799,39.21310892901679,10.102447939112395,171.41561811273613,141.13238348784324,87.48725419513579,96.22926466170964,Padmasana,frame_0014.jpg
135.74476436662098,134.24095916711687,176.93376897228188,176.3644088356488,174.64389204300653,174.75998202769412,90.13329685373684,94.05870991643867,Tadasana,frame_0000.jpg
-0.8346607756573488,16.79078898777694,176.6292873375496,178.1974224140735,170.3960984636254,172.09623793387829,86.91282944720426,93.64050202860238,Tadasana,frame_0001.jpg
153.24461801687707,138.24175847357995,178.4215873203439,176.22009109558354,177.29166060756953,170.8435436880295,93.27937083671887,93.75364694304915,Tadasana,frame_0002.jpg
167.13897825409282,157.07166627084942,180.9603699366021,175.46652089339804,178.35368999983953,173.72577554033336,84.52072186012656,93.71776775167905,Tadasana,frame_0003.jpg
170.4077109285897,153.79508051853205,177.69277261423088,174.64911944060745,178.74681895846354,170.61406075983362,85.81167964184588,96.96260071457387,Tadasana,frame_0004.jpg
168.57317429404128,147.8746701833173,178.35576063252844,175.3033358369293,175.9585848743842,173.38407689793146,80.587047873397,97.46160229424919,Tadasana,frame_0005.jpg
173.4117968892319,154.66096742004055,180.40486312702632,176.34556278103108,184.37828544172578,172.2794853563294,80.7265503031542,97.33860339961495,Tadasana,frame_0006.jpg
166.10599674268184,152.53830861491997,179.18851338151936,174.51651463637234,176.43712150207656,174.68441593341177,80.72393525270944,92.71257964744402,Tadasana,frame_0007.jpg
171.85975313343957,152.13121645151807,176.56167608714708,171.15351685172965,176.99103781913453,174.6926996800976,84.66830470616708,97.91459542240588,Tadasana,frame_0008.jpg
165.90835071828235,152.52603443316104,176.48640611609926,174.61569923351684,176.37881830795797,173.0658654522955,83.40500547230167,91.59466993895587,Tadasana,frame_0009.jpg
167.15193501183157,154.93447982387627,177.7513804890742,171.33911871789866,178.87076260177685,172.75624382309138,81.1007403812829,96.32726988806003,Tadasana,frame_0010.jpg
168.18664680028533,156.67078030041378,179.89012584775932,170.40315839034173,175.7662322509606,169.17388344833554,83.72217713941257,96.45646329806388,Tadasana,frame_0011.jpg
167.17399641633597,154.57625059935438,177.72553279164657,174.43765236181997,172.3777861310622,171.49881362586584,83.8076922250664,96.5813619169867,Tadasana,frame_0012.jpg
167.70903400089088,155.07784247600904,178.9792948050517,173.41519309632258,175.90419357437818,172.00874306427136,81.61996800901635,96.16892889924077,Tadasana,frame_0013.jpg
168.26121107361692,161.66668841318182,177.73030931406123,174.30300519541407,180.03697350168696,173.11850933510217,87.9584951844788,94.27445097147539,Tadasana,frame_0014.jpg
171.26998979435902,174.66136329345332,179.84551031848315,175.96648589277584,176.29156701192574,138.7818632249139,93.49232470845176,101.16910585918559,Trikonasana,frame_0000.jpg
172.56004485825687,181.90145246740093,179.09206281930074,176.75765537462638,155.84701911689953,111.97230530031803,99.08305302966556,107.56284906817281,Trikonasana,frame_0001.jpg
167.84333294581765,175.86831960595296,174.58429046649314,173.17235464100858,131.6699851517362,92.13873199281527,45.545474051911704,141.2026960160614,Trikonasana,frame_0002.jpg
162.10701474896433,155.26668832959976,167.48054998814172,175.6135492652067,111.51376744589561,96.12508275992788,17.629402339970174,158.40201923488104,Trikonasana,frame_0003.jpg
135.73546856947914,165.27889891040726,175.36949358311443,179.07800214141466,134.36042425731313,77.61220203697107,64.84695482203043,135.09651880427455,Trikonasana,frame_0004.jpg
178.12604159527882,167.85070507826305,175.84661169918812,165.375824420271,139.28645313677245,91.338382181435,86.60190490740577,121.57896892664289,Trikonasana,frame_0005.jpg
172.95145976807308,179.37855264768191,173.9931814177049,176.33496094336147,134.46429998685048,82.84576990608676,81.61173077117374,127.77428866374129,Trikonasana,frame_0006.jpg
168.03514744822024,164.13597708402696,170.11629211855112,181.4492646087446,146.2262286607254,90.70622129701785,85.47537875434965,121.00897820336297,Trikonasana,frame_0007.jpg
170.04713518078512,174.5386934531602,169.31804384144854,180.01593557217203,131.98071509479823,89.69134134645272,82.44719535483262,125.30371198050653,Trikonasana,frame_0008.jpg
173.90461880847025,172.23141090720205,170.44180671939472,175.80403698958983,136.40270907675188,83.09721638270995,88.94693085429294,123.15693824449313,Trikonasana,frame_0009.jpg
177.6072528364233,177.98377048290965,175.17015446604722,178.6639817029383,139.57248739406,86.5428334745344,84.6057308647821,120.1366544930366,Trikonasana,frame_0010.jpg
162.15071686694213,174.10691685607196,173.59901643570714,175.19163183151664,141.65726921192538,89.49890859174435,89.85680394354534,125.34323329227658,Trikonasana,frame_0011.jpg
173.6164471788713,171.35586934714678,172.79308449440362,173.67705307083855,137.57699691408064,90.50979189422249,87.89630855177522,120.95936870744751,Trikonasana,frame_0012.jpg
168.94204986536147,169.88449692093494,170.26458324193425,179.89337880001526,127.40160229849351,85.38746034901416,81.4226967593789,129.1685826738252,Trikonasana,frame_0013.jpg
171.94972133399682,171.67023942107622,176.91644473226225,173.1053317386955,137.42666936844307,88.88088554401503,82.57237212786218,123.47585782277271,Trikonasana,frame_0014.jpg
172.43194110886435,163.29426507676789,177.98940721568002,180.18983112607006,181.60436268986055,176.90026695525884,77.83405098356609,93.62777756026601,Vrikshasana,frame_0000.jpg
173.38487457736005,164.8253978121759,179.3435536600587,173.81748846152334,176.4920305013212,171.91785421007896,81.27808439903143,97.45625810357247,Vrikshasana,frame_0001.jpg
176.88929517701897,155.9466434190347,169.8450029876481,174.03075480578855,169.2192210151921,173.9713455942369,83.4239866886286,95.9309544703054,Vrikshasana,frame_0002.jpg
32.977983945846226,33.28181129887411,166.40030111340226,181.34052233990036,154.0080500685807,175.64080876028046,76.33294887494951,93.24092302248705,Vrikshasana,frame_0003.jpg
29.269292111852,43.59772786803142,171.12839487716724,180.3003846358186,177.42951809739125,176.5842767262373,79.22416438291803,98.86228402143037,Vrikshasana,frame_0004.jpg
22.402294755650722,38.81176328505317,175.7252202095503,179.81553063857518,178.37497416524525,175.20858708660964,80.14854756227625,97.19685087435981,Vrikshasana,frame_0005.jpg
31.58800547383095,38.62165933748476,171.9216429273724,173.87385703804333,178.19515472125096,178.11958756308863,77.24001292645072,100.99032275216764,Vrikshasana,frame_0006.jpg
33.29737862173935,38.51005715311733,172.5141062776107,177.07347795395967,164.20448614559973,174.54476347197405,81.72732073971858,95.35478859812928,Vrikshasana,frame_0007.jpg
26.001803962952344,38.49850275699594,173.95926847988088,176.5678400360569,165.66655759280067,174.44435760533574,82.71973329096312,98.61407716344894,Vrikshasana,frame_0008.jpg
27.52085380736671,46.13465413096238,173.01730486229016,179.30257164450012,168.74654494501385,176.22112688829003,81.57608501892581,94.38437088084522,Vrikshasana,frame_0009.jpg
31.41855194178895,37.45044849092639,170.82948920502204,174.6853337135195,168.97865257396887,176.61935604422558,80.26885493533845,93.51580371159632,Vrikshasana,frame_0010.jpg
28.72051814814452,40.29700213591637,173.08687992902225,175.7165674558463,169.5679457724424,175.08587247340643,77.81228003612232,97.61399599515907,Vrikshasana,frame_0011.jpg
22.584593722634594,36.8773877141648,172.49014331554918,177.13873051432952,178.09445959820448,177.80103163952467,75.81379984949486,98.61045105363887,Vrikshasana,frame_0012.jpg
27.99041762405412,42.29850300196248,167.94857027193834,181.01689744239437,166.10563893327816,174.26234080605053,80.06024704198845,91.53574691373413,Vrikshasana,frame_0013.jpg
26.115591554825617,38.7600933746437,169.9904552797967,176.27679792193865,169.93096631338392,180.49429612195792,74.17308727889142,96.23821925825067,Vrikshasana,frame_0014.jpg
127.73856318673099,95.4930454052137,160.8492723434233,159.9307298642912,178.03764350929217,170.20946745917811,75.05544859719734,96.4360928304537,Bhujangasana,frame_0000.jpg
142.57633715085584,123.93409363502272,155.98694440509988,148.11806902459688,173.42011953829794,178.79455324689468,33.02662688107566,123.51704467981935,Bhujangasana,frame_0001.jpg
147.67157544441386,126.05844949551606,155.78638515840336,148.79133266504542,164.6186632901901,174.81698602986802,18.16212907876924,171.06857348325747,Bhujangasana,frame_0002.jpg
147.05093237823863,123.35031238823446,160.09158169336766,151.55622614830685,154.62788014315223,171.48151488450245,24.413703725163785,178.26839941976584,Bhujangasana,frame_0003.jpg
149.65154861940005,131.8112105237653,164.4746948355005,156.70151664050223,150.27564665485363,173.12290746642987,28.133122319462696,173.87523153223137,Bhujangasana,frame_0004.jpg
160.62025839639855,136.48090836988516,156.80678141509296,151.3037926402425,160.46451560126613,179.7713866277536,30.436004135041987,181.42531380724785,Bhujangasana,frame_0005.jpg
159.69592697335221,134.20753247955915,160.92108585264256,149.8743987347647,158.25799928081656,179.50680736427645,25.525827930910594,179.2722821815526,Bhujangasana,frame_0006.jpg
154.42688845837134,114.74383581525979,159.60038421030663,149.39826834230132,150.79825995780013,168.28072832012322,46.090221075494775,168.99928447838693,Bhujangasana,frame_0007.jpg
160.97534739795543,121.73087804155551,161.03429092988722,143.41092205696626,150.18940754817964,169.64200109134543,31.489807825137937,136.64106429224515,Bhujangasana,frame_0008.jpg
161.76035969862394,130.5998399496562,156.92554200113196,148.54855417401276,160.23239391355247,170.80750606556597,28.758485868678957,132.90092192180182,Bhujangasana,frame_0009.jpg
156.51869812075117,131.92320388911924,159.99835604137058,150.67942120855506,159.60626485486057,171.69069123900368,79.85778125016932,103.9507063645405,Bhujangasana,frame_0010.jpg
157.38969607786382,120.14434527262509,153.25969797803407,147.60203387528603,149.36416426059532,162.1315829421346,114.22477175535522,83.57000435690391,Bhujangasana,frame_0011.jpg
157.98720640134823,125.96227754521485,155.6477996520346,146.57872543146883,153.96314526846837,164.38723175272466,116.70049198522193,76.71220905117575,Bhujangasana,frame_0012.jpg
153.7474859741486,127.6287306387751,149.63478498947305,143.8837946405703,155.47829287621514,164.693230039203,118.2122482877873,73.95763607102816,Bhujangasana,frame_0013.jpg
156.53177346050794,123.08868169241731,154.44951905402792,144.3050112381702,150.9361387254609,164.4034164368741,121.26191969484643,75.59161210749073,Bhujangasana,frame_0014.jpg
167.9105656184033,117.6999776472841,22.376615229598887,17.673272655639227,66.62320042190665,72.28913249181022,87.76170187883928,95.66896897814644,Padmasana,frame_0000.jpg
167.4380123001589,108.92227571851636,30.59782114252022,30.935617368809737,96.47780211329334,106.65682667484757,82.85151774429387,95.10361335536085,Padmasana,frame_0001.jpg
169.36727063748214,114.75927644030315,33.97241367198173,34.21650979282071,83.46797027849603,92.42668130068884,79.40424499936353,94.954951063157,Padmasana,frame_0002.jpg
167.3862194101187,133.61113550355597,42.773899942125226,40.23033907990369,76.16763252269986,75.93890824608862,84.0203689418768,94.79065832133968,Padmasana,frame_0003.jpg
162.5944136686708,123.82687217753617,35.79913787507892,42.291905564769145,95.26963474371337,110.98031153248287,84.01432057838589,94.71851497770986,Padmasana,frame_0004.jpg
161.79956455068518,121.04315027429082,54.04234242849744,64.75353102997417,101.24851027561613,128.59877611314755,84.4425807015911,94.65475393915742,Padmasana,frame_0005.jpg
163.7309242588297,135.3266043816635,50.39809957148298,42.602318746288304,102.88859999565564,115.82297606242321,83.10792584560615,94.28949927791052,Padmasana,frame_0006.jpg
161.33005551316515,131.67892454172946,63.78421103583713,69.2408631576526,114.36191570192689,148.5043450812927,84.77060901777705,93.88561455564748,Padmasana,frame_0007.jpg
160.46629673370902,136.76078578654605,53.251805732540156,60.12417756041611,103.16614477086976,123.93015121703077,83.92718662645294,94.30029710734071,Padmasana,frame_0008.jpg
165.96605485161086,140.42588923169563,52.670353929781086,50.37095863995792,100.82222305876375,113.06270446070626,89.55028012904677,94.1042077600411,Padmasana,frame_0009.jpg
161.4395369734535,144.78455116910348,56.520512509074734,65.61954457854559,107.43678209590824,132.08707789850612,85.04506606416878,88.46971133254398,Padmasana,frame_0010.jpg
164.88206842302392,138.1376742509617,81.28260600374446,86.74629768088936,127.60110742127658,142.89084587959488,84.93861234935643,99.08742371944552,Padmasana,frame_0011.jpg
166.80355041474328,135.62919384830462,61.504754091418924,78.19750232359543,113.14107296852946,152.70260795239554,83.30413232683675,97.07805211828665,Padmasana,frame_0012.jpg
165.29785684774464,134.06201501079667,62.68998014998457,71.44900021754616,114.13226171143742,146.20462793990487,81.12496931801225,94.49888227717501,Padmasana,frame_0013.jpg
164.63262361775048,137.78180312069188,49.52132912564055,51.01627202594635,96.81186590132495,108.42613753720013,85.15854704698019,94.28502606658974,Padmasana,frame_0014.jpg
104.1454099261295,78.38008870792937,171.49233733294167,175.70149962002662,180.204358838838,174.38301775083275,48.41908914697582,108.44794399588434,Shavasana,frame_0000.jpg
99.74800056398041,69.35676333226235,168.39247559921174,173.67111931234285,176.04247260297967,172.94606847808578,9.757199261920245,150.7339536810026,Shavasana,frame_0001.jpg
70.37306197991826,19.386279978192707,163.6970754449786,173.09606396999857,162.85763436791356,176.66599530370374,2.3388335162393323,161.0630169155542,Shavasana,frame_0002.jpg
133.4117268212147,8.631532259870454,169.61775509217182,170.4807046446964,171.61139694177288,165.02503890896082,4.300419507013183,146.66823688083142,Shavasana,frame_0003.jpg
90.32853735678553,38.9803634535962,172.7566916632083,176.15493385195595,177.77641638796493,172.45246076957153,8.17014511178144,148.77568596926912,Shavasana,frame_0004.jpg
93.24362518915422,75.44011127431943,175.48834434858344,178.40467244971956,176.26475806604518,165.84846505847673,2.2080819209835814,149.7428246649798,Shavasana,frame_0005.jpg
89.86451737030261,72.09886551098025,170.94024828736252,176.28264517121337,176.8582440420861,174.28721554101156,7.151317120168296,146.49695170192658,Shavasana,frame_0006.jpg
101.30073400147987,70.96017543377609,166.59576101500656,173.142860598897,177.19911372283877,171.219969356363,11.292459073564071,150.7762925816157,Shavasana,frame_0007.jpg
102.52148229928295,69.10286012396477,164.09600919795827,168.3764075830673,167.40967566373396,174.3927929275099,8.581039714775986,147.78488553009933,Shavasana,frame_0008.jpg
125.31880850621825,59.66141600696501,169.25898655334166,168.95435022496537,175.38353825623295,170.6720938101145,1.9574436622415363,151.668925239266,Shavasana,frame_0009.jpg
148.0587418026245,22.08465510324941,161.8115538950946,168.12634614899076,166.08989091519248,174.84603637756442,5.606173642303518,149.96804718923335,Shavasana,frame_0010.jpg
114.60110384234011,57.42366586744307,162.48875600869152,172.14432456599994,176.2419011485172,175.11108410234118,9.594456973741112,142.20060976519525,Shavasana,frame_0011.jpg
97.44396928575894,20.102393074653197,162.29360947245402,171.63652113802092,175.82797667628526,175.02514192196406,2.9507512153077835,153.57539250337933,Shavasana,frame_0012.jpg
108.34662948970384,56.29640930829887,170.5424550605577,174.61236087351026,176.98512280100556,168.40197979402336,17.334822281907453,132.35800688869872,Shavasana,frame_0013.jpg
91.21255455748113,36.51591553068828,163.93315878160024,170.5344737499199,172.291609659315,174.24452869220076,5.756071515471655,153.00990025958606,Shavasana,frame_0014.jpg
110.42980437023796,110.81672288191716,179.68943108552364,178.5884004453162,177.54955154167965,172.89809673200747,81.33805185166068,100.64308172576642,Tadasana,frame_0000.jpg
135.53798952251032,128.72457299443644,179.50743620075303,178.21031592482024,178.39895724598796,175.64718384122276,82.39609426844629,96.30401619585396,Tadasana,frame_0001.jpg
159.47566677974666,156.1231610914968,174.11854754266466,177.03343100281228,173.55278543291286,172.13875757044542,87.97180080915692,89.09077903529926,Tadasana,frame_0002.jpg
153.60680070050228,162.82066357253063,180.16371612748276,180.93301024981162,179.79607101991974,174.31228175882512,87.3978656140033,90.5320516630047,Tadasana,frame_0003.jpg
155.81659375040522,157.78641058286698,179.59780284234787,176.03967702562474,177.19903496482172,172.17144985500522,86.27153589806274,93.20825319373016,Tadasana,frame_0004.jpg
150.9986237119848,164.39931222410445,174.03657132701028,174.3615373836197,176.93242098612976,171.83827435793557,87.24520004586996,91.9957698662579,Tadasana,frame_0005.jpg
147.56857193408916,161.80176470512131,175.54352380163255,175.6891150199041,181.47747810955914,173.75177323740363,87.30054511967253,96.01961367268804,Tadasana,frame_0006.jpg
146.654550837291,164.67940016476905,176.5718352071295,177.538025724668,174.99670585855563,172.99461497958995,93.14981952631058,94.41274527581106,Tadasana,frame_0007.jpg
149.54911412404473,156.05632623355913,175.64637284809743,175.39111384953193,182.05951701402813,169.8308300441006,84.36509645829092,94.75508596913359,Tadasana,frame_0008.jpg
149.22444045601537,155.11507401705458,179.77931999738837,177.48037094774605,177.6084329458361,173.92046619141405,82.14626530995962,97.46400170836208,Tadasana,frame_0009.jpg
155.54622125007006,148.2069055356648,175.27351092665086,179.6809397956601,177.58437134532124,172.50028081253197,84.39601316636401,97.53574528568176,Tadasana,frame_0010.jpg
151.5516859655692,148.6484314899983,175.28465496242137,177.67608158275377,178.54350564296914,170.2559823829884,84.69600075258211,97.54664050369705,Tadasana,frame_0011.jpg
149.0003607591004,148.96792451327403,176.77562344463558,178.36848105397695,183.65519542117278,168.33298718406854,86.81266683626944,98.27700155696407,Tadasana,frame_0012.jpg
146.39098914903445,153.94384119115912,178.5488931195978,176.54673590826536,179.85124150989455,173.66633353732604,84.07332879416212,92.21829980298935,Tadasana,frame_0013.jpg
148.99494066578697,157.44280982512015,178.05090195528905,178.2796920188504,178.21382374686758,173.85482778838488,80.28101116464579,91.60879919817553,Tadasana,frame_0014.jpg
59.49834337848175,41.75758522745549,96.19431888603505,153.77135828681946,146.7026743017538,176.0276733889547,83.08691893851451,82.08917436400722,Vrikshasana,frame_0000.jpg
65.66139800828819,48.23825552578914,118.64550409592125,157.45090984215162,160.4692632525441,176.8274323725984,81.10530703977015,95.10053966779058,Vrikshasana,frame_0001.jpg
63.22695007249731,45.47274756471324,99.97064578257715,151.7860083527285,152.8768805759934,179.72484935398603,83.48149656930133,94.16982707230774,Vrikshasana,frame_0002.jpg
65.66249973908347,38.3549345217924,99.55035059259275,149.3990866450577,151.2563310195602,177.4200685338876,87.91424982819935,94.23098768588228,Vrikshasana,frame_0003.jpg
63.21390601927504,37.58380705568533,105.96832952780966,157.8919654476785,153.82204015690667,181.92498413741865,83.98795077701133,91.18762684559546,Vrikshasana,frame_0004.jpg
61.013379626132156,38.872347798820215,93.55279316644967,150.88610736400932,141.88008364618292,175.638169624898,83.51097232991182,93.2763987515879,Vrikshasana,frame_0005.jpg
69.56569894790906,55.947003250478616,148.13766704250875,165.8167830569752,160.30358156047166,175.8102995454719,80.66073749327153,95.75336998439653,Vrikshasana,frame_0006.jpg
53.11258849822869,58.482358402451695,174.66170257389263,180.3070622586719,169.02048252110015,175.8788412276284,79.9804123326888,91.79257842158786,Vrikshasana,frame_0007.jpg
39.664754647076165,54.71768625168647,174.5499099774979,178.11990117660787,171.16204866753532,178.3302775148456,85.74443457515834,88.69008442390368,Vrikshasana,frame_0008.jpg
43.17121190120551,60.68260727868297,183.32741656227873,175.9715077186386,178.12344973789902,171.46304351509156,81.56267666715836,96.48366443966474,Vrikshasana,frame_0009.jpg
39.58764779899532,54.113122376321684,175.66952279288327,164.8934395955985,170.82536858388164,180.9440651895901,83.54607405968193,99.16761972282177,Vrikshasana,frame_0010.jpg
51.598526032103166,63.26384803555996,171.76116189771915,164.308786442921,180.63456736817412,170.76548307307252,85.54238021942122,103.15332296813898,Vrikshasana,frame_0011.jpg
56.253649115923594,63.260785225061696,163.9914391949379,139.33872707947882,169.48867971582726,157.36245917110207,87.61975832231072,100.3378928682497,Vrikshasana,frame_0012.jpg
53.263062067863274,67.43430096859886,150.82117930542861,110.39688667561414,165.3366418577411,140.0717647718572,80.48631587565858,108.62816394356778,Vrikshasana,frame_0013.jpg
63.81435796253716,67.6124103120695,164.03158099834624,144.1598937098593,168.95353499956988,161.1076639310931,80.84449627408924,105.68675219448988,Vrikshasana,frame_0014.jpg
54.89258397254657,122.6227650812132,20.983964041533945,31.73900661367794,25.678191306509735,21.17607644883304,83.96681987495225,98.00580567034704,Padmasana,frame_0000.jpg
110.25779999786015,80.47651708557635,18.022491226821508,-1.813696772588373,47.39516976829464,28.750386508042357,80.75514763836341,101.09253830246448,Padmasana,frame_0001.jpg
126.98528830845544,92.43185578551287,10.295490035961475,4.605402784927915,11.821183331912712,5.301483665362262,81.14160846525108,94.01648687800261,Padmasana,frame_0002.jpg
121.67112838715512,85.86776724574672,44.441332011359854,40.930690963416374,110.30970626896358,112.91237130237658,92.73027571291443,87.99306625283403,Padmasana,frame_0003.jpg
138.3227907781863,106.6762851245864,91.66636094471211,74.97574677767265,161.16539740153786,152.5157475169437,79.51597554414958,102.74515038738645,Padmasana,frame_0004.jpg
148.18012304779654,148.22539127607115,57.164534859239325,56.52475257423187,144.015808047233,130.89485448271907,67.08078465952353,104.90012240866878,Padmasana,frame_0005.jpg
132.04725659189782,161.05781803691485,69.36919998933637,55.843824614029984,150.00799472385418,125.03962003274988,73.19972876323361,104.57511415121186,Padmasana,frame_0006.jpg
162.88225866497174,143.87625817768108,148.1132778933956,88.95923561062396,148.49467252213572,150.83890142789295,75.02736228535419,97.61643184120324,Padmasana,frame_0007.jpg
151.5105164099779,168.74285309587327,129.37339717650153,93.68912288041724,162.64022069653947,157.9236227661995,80.24007298898532,101.55235818088633,Padmasana,frame_0008.jpg
135.02757075587354,178.69364660527262,107.45345252167746,125.36773243199507,171.4885257659897,159.91660758412334,82.78402190835054,95.25103520073628,Padmasana,frame_0009.jpg
144.9360985975129,172.6545920766143,97.61206375567305,52.033839334224865,178.35755708276236,137.95740811294718,76.8293096198709,107.03733476835122,Padmasana,frame_0010.jpg
143.4877393039196,168.42902115585542,59.580942763306545,50.60957533336065,135.00823884397772,122.05995385836559,70.14716399101563,105.15384428074138,Padmasana,frame_0011.jpg
124.39286831587253,175.65432243500413,103.2536280235392,83.5410940151538,158.24910606594216,133.79033395138364,75.40212515822341,108.68260683618202,Padmasana,frame_0012.jpg
97.13071097195258,118.15111596206599,122.06152733158301,79.76088292064044,169.38189348440866,148.93202618957395,75.32824762006287,105.83098740986141,Padmasana,frame_0013.jpg
111.17449674916433,134.8064796959375,77.95951051561394,105.1912234306787,176.0629596972893,171.29979191474737,80.1743968933927,100.33109518333308,Padmasana,frame_0014.jpg
149.20549987118662,151.9881140356152,177.63020004106644,174.6830459792379,170.5778761720539,175.73104077565756,86.16901505795768,93.35241161355367,Tadasana,frame_0000.jpg
148.7835540243384,150.68875390247106,179.29394305373216,172.54484192843466,171.53631018892096,171.69696896017993,84.35950125386177,90.94950852917941,Tadasana,frame_0001.jpg
150.16674277628945,152.00151022144763,176.8481729827428,173.71798892667246,173.0282151383404,175.5837882189578,87.02058099375594,93.44768207981303,Tadasana,frame_0002.jpg
154.06514920101856,153.71844155516897,180.72069191141892,170.11898611056455,169.45682550740588,175.37168646707153,89.70572040314055,89.45380011750424,Tadasana,frame_0003.jpg
150.1967525157612,149.5684101292018,176.48395329362754,177.46233893220696,173.58286152578626,171.12061174410132,88.71422171385944,93.13862040271621,Tadasana,frame_0004.jpg
143.71531762674923,143.66625837238865,178.79928350239484,178.32358141308842,173.02964866011797,175.2978140262774,88.3503029845632,95.51908971197571,Tadasana,frame_0005.jpg
115.47257255660432,115.48687843057648,174.7700087720684,176.5692187002462,170.54521153877712,174.16603553844666,85.16637759938068,95.62067734833066,Tadasana,frame_0006.jpg
52.74186143166879,14.564008040995342,174.82675509258942,180.8986420277895,167.49377855802453,178.26267867581424,84.73462516852331,91.86501860442338,Tadasana,frame_0007.jpg
100.41139441401884,97.12979878117498,174.17456734943755,183.21851943790793,175.6362358554186,175.1805430448243,80.21023286097935,97.17914850569392,Tadasana,frame_0008.jpg
149.57614195249886,132.15945430213034,174.28200916502905,177.38019938257375,174.4391186684115,176.50077863583064,90.09641404382806,91.35507283648755,Tadasana,frame_0009.jpg
139.6570984799026,140.54836833382305,177.44338778817718,171.88116776837668,176.03325459143124,170.10635364672802,86.83168238942392,94.97075812162174,Tadasana,frame_0010.jpg
146.7625301318511,63.2288655969365,178.67778308280106,171.73114983111284,176.92445773426735,170.71444484864418,100.71168070859362,89.65118293536038,Tadasana,frame_0011.jpg
0.9813799304017518,149.83211840887094,174.62767085531067,179.96152952120678,175.61635131229207,173.09147474116705,100.04025203801615,89.44048908051239,Tadasana,frame_0012.jpg
137.35342031840534,149.16722311704132,173.05796493260578,175.07191317696794,171.65558878675017,175.15081856022587,103.95753536426538,88.60655991909604,Tadasana,frame_0013.jpg
154.55314782466849,145.2556408117215,180.83416812019541,172.487501404332,176.79771732781407,170.1676847360269,97.48623132292576,87.13872273165094,Tadasana,frame_0014.jpg
162.42620201583472,158.3498683354987,171.94495484143187,159.52404483543316,180.16127340408448,173.99695648269633,90.09445350869049,97.72001642169838,Vrikshasana,frame_0000.jpg
162.34876503255566,155.65170894390613,173.25358381621427,165.5106335283748,181.24529122467862,176.73031405141197,94.77362137362186,93.45438178529393,Vrikshasana,frame_0001.jpg
170.84736517145134,153.45757448752585,175.1153613499646,165.8204341866726,177.06823753929564,168.29776568195126,88.96289781911072,94.99151256655571,Vrikshasana,frame_0002.jpg
170.90567082302385,154.05347729630898,170.649494346451,162.82301602880568,177.0091552071838,168.2912692995631,83.7573601324052,100.27723074972418,Vrikshasana,frame_0003.jpg
169.55666028147863,153.30680999366928,165.77784138952447,157.89458218592938,173.5756774000161,164.90351762128907,85.06814627319913,99.83980218262971,Vrikshasana,frame_0004.jpg
169.7388585314677,152.01026066604803,171.7872794211686,161.34597166888443,174.77345377664452,166.1480601910743,83.66809711930597,97.51551777229675,Vrikshasana,frame_0005.jpg
167.5168156020221,149.67238794558648,174.94874988161416,167.98779832245097,172.15915944996277,167.23451251021245,83.2458561116264,98.26795718518738,Vrikshasana,frame_0006.jpg
172.1099282842023,145.9950318968302,167.7890378352029,162.66598691021773,171.10523211084245,166.97624430623443,82.22895897375511,99.8437210254178,Vrikshasana,frame_0007.jpg
168.2596010195455,149.53387170020062,166.54071682330746,160.38039955302725,177.34998047242178,166.91263888297914,83.24745039517451,103.14726966118373,Vrikshasana,frame_0008.jpg
168.6044922021515,148.3153449009958,167.98635847865035,158.78633536686934,177.44420867854487,164.6766115090191,81.11567008736746,97.40377952151955,Vrikshasana,frame_0009.jpg
161.85595639654665,144.90655961871082,168.8711950887445,165.34540952454498,176.49003023567982,166.95187160776842,79.79959511790756,100.95487356349632,Vrikshasana,frame_0010.jpg
165.50306565914937,145.8623481179097,169.41373835392486,166.98674950763865,173.8947124013293,167.45282964800938,79.43688239684653,99.67353257974243,Vrikshasana,frame_0011.jpg
163.08698576458767,149.65283110865332,172.0486010919027,173.59838596000648,172.33788529333455,168.9776955830334,82.27639957224252,100.52966571921864,Vrikshasana,frame_0012.jpg
167.33267053163388,143.8851922541891,173.4414795723885,169.96978572751377,176.44240944867911,167.54185649413952,79.19592937682731,101.00833770404181,Vrikshasana,frame_0013.jpg
169.89596690822282,145.0005260513144,171.08080119406367,165.45407030008752,171.6013236545753,165.07593867342,82.82756533116336,99.73570683719548,Vrikshasana,frame_0014.jpg
163.57692962647334,173.74759741237875,163.79402090596136,171.00847407385402,171.8697415953794,167.17967846884682,134.05346035591305,66.43667804729029,Bhujangasana,frame_0000.jpg
160.83993005778817,167.1794465536735,165.13634449345267,175.31244784670758,165.8363239403018,164.1878794315389,137.42784201821928,58.247969454971106,Bhujangasana,frame_0001.jpg
147.7995398661851,175.02157351287488,169.2107328927662,170.33750760944434,172.4234138988214,162.2384986530478,146.94467878403194,52.24900606878901,Bhujangasana,frame_0002.jpg
179.8766762341272,175.8769804537933,167.64025333553738,167.37141459156896,172.95245993807256,165.338194082517,152.21661618274962,54.48393145787429,Bhujangasana,frame_0003.jpg
144.78679228033673,180.8890029142625,163.95927256524973,166.82044718442046,172.77431889683714,162.9806707949905,150.94029155137943,57.66663228956876,Bhujangasana,frame_0004.jpg
150.36604716439288,97.20802715342397,165.21658997777445,168.0177343871419,166.4959575523792,162.5283048164222,114.63928575394021,65.29943768006815,Bhujangasana,frame_0005.jpg
105.27702257428373,32.475855699553186,165.2750305126243,165.5915099929728,174.93512063608833,169.64839970131052,94.3120806005726,81.81646707929981,Bhujangasana,frame_0006.jpg
135.7831826636314,91.66223230774479,176.91725720190016,171.18304502078323,176.86390958307118,170.46661479268909,114.46036235134609,75.122498613047,Bhujangasana,frame_0007.jpg
129.90629465588296,125.3506861818244,164.59658972522968,163.46047965660378,169.71852777907387,179.2842358681691,31.40957096185768,127.83233069935186,Bhujangasana,frame_0008.jpg
150.27892182171482,144.7966088567135,165.71407630853938,160.05705847736093,159.1809165055069,170.1635978715534,16.27122311381252,129.52832804415797,Bhujangasana,frame_0009.jpg
173.92134428109128,159.16283280268019,160.16678180046128,150.31899426214392,140.42587576980046,155.24169318227771,53.928913764893984,166.84207446592723,Bhujangasana,frame_0010.jpg
175.21398694180917,170.41801599779737,160.82168625467963,147.0833477838557,131.88432684661885,149.37518032176806,68.70952234752848,162.86618762897132,Bhujangasana,frame_0011.jpg
172.3824190231475,174.24165778298934,170.0918360088881,158.56639130045843,128.87600620258073,153.61787060089753,67.46483880179129,170.9555133496486,Bhujangasana,frame_0012.jpg
175.62245275604,172.99774479818862,167.6660992678023,158.42889735369383,133.23427564975847,149.2039796571275,68.2135534171404,176.4478386454855,Bhujangasana,frame_0013.jpg
174.6604303308219,174.29323608766174,162.91642672390367,158.62290151892296,133.61900107305163,149.2166245292379,72.6694589368298,175.13894713863905,Bhujangasana,frame_0014.jpg
150.02504083038792,154.52758184296678,173.86664937232445,139.66958589151972,169.37436655411898,133.05679501945613,80.52978061690752,96.41099861188829,Padmasana,frame_0000.jpg
155.61592080741173,160.74770405853928,177.4865447420115,148.43326950001415,177.2195072716486,151.85675452786825,85.39512005090725,97.09351489110144,Padmasana,frame_0001.jpg
162.67102263029196,163.05535174746439,169.24031883648954,170.2664343021361,163.72534583175405,168.31454762101112,88.1429930609337,94.31235960687815,Padmasana,frame_0002.jpg
166.7692618436317,152.57407188771484,111.53286229550922,132.9237913756039,171.78048500485852,173.77279236398763,82.01862053946867,98.7863183492839,Padmasana,frame_0003.jpg
169.2215560442053,160.6114510626405,169.94302644740827,173.87030245788162,181.07276604659575,157.04674353879537,80.6604788668248,99.83807541622042,Padmasana,frame_0004.jpg
162.28023945435706,154.47821756802892,169.28842173448595,108.96739134507595,172.75126013061953,92.31131585045544,83.29224613134157,98.9412276005186,Padmasana,frame_0005.jpg
153.61050509051623,161.12676201135653,46.94066231652521,81.82318759098006,38.42092456465703,71.2332530275369,82.28144084650344,97.35864591768949,Padmasana,frame_0006.jpg
162.60919277336143,78.31831001192951,8.070087958073332,4.950853891912171,10.120152534245559,18.435446540662014,75.32701221392719,102.5883086955381,Padmasana,frame_0007.jpg
142.98583524700638,111.08461140451513,18.557542238680007,11.534535929869403,23.096883784558457,11.757548414326212,81.55227924546148,95.37702261623858,Padmasana,frame_0008.jpg
178.32136415156393,157.4438952888595,115.55562326122109,156.0954383922735,135.85147719509513,161.63215407877033,78.75751229013628,95.87220968015485,Padmasana,frame_0009.jpg
177.37376816464848,172.0061909909083,148.15814737805292,174.68378236403726,128.78001212625276,151.30045265489727,82.82642605017652,88.44687320419044,Padmasana,frame_0010.jpg
177.92682534359167,177.2281885707393,147.1923231096939,138.15243021169334,128.7391326161156,160.9431475779289,80.65626705366986,94.18910253881704,Padmasana,frame_0011.jpg
169.46292938949475,169.05524721340996,133.4352156605785,127.69769999233444,137.5935803476134,162.38495372481054,80.78874580594102,90.34392060137993,Padmasana,frame_0012.jpg
176.9960228288449,168.90897364349354,114.19908115746912,119.11695887288799,124.68699581790757,143.9450438543698,81.43508828475363,97.50199711182542,Padmasana,frame_0013.jpg
176.39301301667115,162.4532919361159,103.29787910148421,110.72696265803089,108.79372136780543,121.29245409868335,79.5092185326145,96.47255672097587,Padmasana,frame_0014.jpg
124.01686098019643,143.98770069032923,162.1098752451871,165.79945710085482,94.62568879439374,97.63606009931776,81.52930174093046,112.99717814198088,Shavasana,frame_0000.jpg
127.90125941156785,142.98366381454963,160.99743365036403,166.48974160664312,98.99040346661592,100.77953822822488,80.678805205958,109.89049531927681,Shavasana,frame_0001.jpg
117.52809800767216,141.77388761629544,157.9040376389192,158.86441619044837,98.5398733476038,99.44590535383645,68.07888163118048,127.62204454908435,Shavasana,frame_0002.jpg
119.05036653576482,170.07134962608686,144.29600159176363,147.2233826386462,103.06284504853436,105.90183077860205,42.83458359496589,142.88774507971868,Shavasana,frame_0003.jpg
123.77281401330629,177.10156973586567,124.86229327982106,128.2756162231008,98.28519603846662,108.93447819156613,114.39564543100714,99.66068421854644,Shavasana,frame_0004.jpg
112.08924554869948,154.9134061242098,125.38047347736837,128.43871162177547,120.58265125849984,137.5046595525541,100.84768022862924,106.52049889376633,Shavasana,frame_0005.jpg
122.54661632139724,177.32234767800293,177.28216192317356,176.66825908557018,174.00732225811657,181.97869402340638,112.5566424185764,82.25252011364385,Shavasana,frame_0006.jpg
128.06526319656356,156.78081954868716,174.9124556150177,174.6851180966564,179.18315441888606,175.33346472520088,111.6089108795946,74.03544791692347,Shavasana,frame_0007.jpg
162.6823577341838,145.49650055395304,174.00688443393196,175.35008691680383,173.9074353746679,172.5157828539835,104.5070610176774,75.32375550729955,Shavasana,frame_0008.jpg
161.94765732603037,146.02711220543475,170.48271749039142,173.2030351703678,172.26545970322928,171.7575477187684,97.42587807167826,76.32254727863217,Shavasana,frame_0009.jpg
154.26192649505654,166.8751799770978,170.06272348955505,171.39605915500945,181.35349148386265,181.85795026720064,115.02326375812754,71.05712515034497,Shavasana,frame_0010.jpg
156.61115799625316,161.56382440592924,164.66522903729359,166.77452775893855,181.3368457824198,175.71729948648567,114.32639774243907,67.11952750599319,Shavasana,frame_0011.jpg
154.35713692431494,168.4657771830736,167.91690740849273,171.1663025748832,179.4321513959025,182.71369401458253,118.74512560257153,67.3225196068964,Shavasana,frame_0012.jpg
157.40645181688672,165.30658990499458,168.62099454591464,169.6270312655633,178.87362285004406,183.3271696768863,114.05366163552635,70.1097131978378,Shavasana,frame_0013.jpg
157.29833055493552,161.68128361383293,160.83499541685833,162.4141836622465,180.7238722700152,179.8670551898005,111.28861992566085,65.26125780185257,Shavasana,frame_0014.jpg
173.8674984540353,155.4950481645037,163.31239311441132,171.11591661413593,174.57726623045593,168.9936639946587,81.6373663876154,92.93797895828064,Tadasana,frame_0000.jpg
166.30178952615833,139.66215156342358,173.39266242740277,181.84588543596132,170.15920742069002,167.18578236050465,87.19163199782217,94.11883743336209,Tadasana,frame_0001.jpg
166.35225187160512,155.67547810102593,181.23913572278258,177.415714119394,174.98659476763012,171.78733380117754,84.2590693954474,92.88699623308091,Tadasana,frame_0002.jpg
165.29893652211206,157.75334657470037,180.22656937015418,174.8451777886064,177.47025490355603,170.40502764382106,86.16272377679805,92.00763706452578,Tadasana,frame_0003.jpg
167.87397546888266,114.22521732860011,180.91908807708342,179.26512810123256,179.04178997235033,176.54176711375203,80.83846018030856,98.63409389232959,Tadasana,frame_0004.jpg
7.890553605646738,9.255607673392584,173.73126490739728,174.20070408152864,178.44711093401187,174.65915108818635,73.96396591196066,101.1176119310931,Tadasana,frame_0005.jpg
153.3902604161494,124.28406728943874,180.9008113907152,179.4111004638958,177.34638377695612,170.9383958179448,85.92319514507244,94.27991840047973,Tadasana,frame_0006.jpg
119.08870897035122,104.10173007867704,181.3627187667881,178.38980198327084,181.20287788273777,170.4774117841039,85.29266085540205,100.04769210117983,Tadasana,frame_0007.jpg
39.26135266962004,37.19067160659417,177.0237508841561,174.26839525692722,179.41394258169805,171.68493014005475,81.6660233197197,96.60188261974918,Tadasana,frame_0008.jpg
90.40720579150985,105.37434862702096,179.78717626639144,178.42041719008222,179.01546735291925,177.6047117559981,82.02892568872952,97.07228298989084,Tadasana,frame_0009.jpg
135.71220821714792,149.1246481429875,179.03575616072789,173.53816045093552,182.7722969241583,173.4881601610034,88.74872024369063,91.11202386853908,Tadasana,frame_0010.jpg
153.16974287249823,153.2305428837384,180.6746505888639,174.57324277312378,179.55670349052255,171.69417542681649,87.96280024204569,93.89669689860315,Tadasana,frame_0011.jpg
154.2293733854447,144.41369140398257,178.09614844928623,175.73150701179586,171.76142795697538,175.42603397444577,93.78566634378161,88.9126677895937,Tadasana,frame_0012.jpg
165.71832057712948,148.42243028197962,179.8532331472838,174.45898808787965,172.73903030110603,174.28763261688317,92.90375684529373,90.8581138894232,Tadasana,frame_0013.jpg
160.1250732607009,152.48409013528948,181.67159411500484,176.49784219134585,175.741028208902,174.90959265681366,87.07574002705014,94.93299917963358,Tadasana,frame_0014.jpg
168.9090033271515,172.8687459184368,178.33929341032868,175.60803793615153,164.78195575999266,147.0581670311521,91.6718899310913,94.26359386696612,Trikonasana,frame_0000.jpg
169.40316503940954,174.06642330507623,178.72242766159297,179.4572116607392,175.94890255486928,130.45856221999443,95.8717615860052,99.62249249452961,Trikonasana,frame_0001.jpg
176.56695392131235,174.6482039351944,173.96143616883154,178.35914165845753,164.8419236750634,102.0990566488329,90.09437216260696,109.73333865389404,Trikonasana,frame_0002.jpg
169.57714174931826,168.36980804647868,174.1268484241359,161.3929037858671,150.41152645658792,73.38651072286105,87.48825164351517,123.05000585130593,Trikonasana,frame_0003.jpg
161.20287230551315,166.93255002737592,176.6882237402113,155.60515420304418,139.65347359419627,70.43358674365899,83.31695646512094,122.54760152365043,Trikonasana,frame_0004.jpg
161.35683543596858,164.2397614714029,170.18071346877818,155.70626499973025,137.69190003246672,66.80546192629645,83.45714695374689,124.54243315561119,Trikonasana,frame_0005.jpg
161.7957214893449,161.2365481912129,167.5195690720399,154.46576458715606,135.16163680642828,74.77187246618942,86.83564451299625,131.365901187636,Trikonasana,frame_0006.jpg
161.02248255156795,159.88984646313477,168.65161079517495,159.6775845789264,141.62553860181788,67.98910973367924,83.63085664447436,132.97845552970267,Trikonasana,frame_0007.jpg
158.69399548517495,149.59092299085245,161.40080624074972,163.6464278225484,135.89161913480743,81.7414049694486,76.55091594740135,139.30056731117176,Trikonasana,frame_0008.jpg
161.32352921432417,170.48570399999593,167.5194074423494,164.3298157083348,142.1104694593837,76.55133881392753,86.21005175326955,131.88448629287896,Trikonasana,frame_0009.jpg
164.0872387276528,160.77254271752085,165.34925449781403,165.31859327738402,142.7611840685189,91.5529068318712,60.224150246593176,140.2929120053328,Trikonasana,frame_0010.jpg
162.01879228886614,166.0708222433447,166.20956471388143,165.2107613899768,140.18435087344594,78.68857103852407,77.39640534252858,132.73032588109388,Trikonasana,frame_0011.jpg
168.04523802571478,168.2567998502016,158.31959819564497,167.2365190919702,133.35365026294025,94.13673293487993,5.484208549251504,145.09713984732855,Trikonasana,frame_0012.jpg
157.6891181121567,158.77830261569693,175.06158067773154,160.84229114411093,143.3906486274724,70.23244673612533,86.68298363689243,126.09494182260323,Trikonasana,frame_0013.jpg
164.31792675920718,166.06572453718468,168.31046888857253,158.48785343743575,144.1600165121928,66.3636783501476,84.354455578148,125.12005033722681,Trikonasana,frame_0014.jpg
154.98635553235766,144.5517078949799,171.96816775885802,152.70779763379954,173.47810953033687,160.28848642208848,84.04893481999812,97.61619988706889,Vrikshasana,frame_0000.jpg
150.1220922897419,149.00583804076726,181.75779247183704,161.79760033166295,160.76610020424624,172.1389655123069,90.74524624595134,98.11295642179972,Vrikshasana,frame_0001.jpg
158.46887578484422,175.84470517699884,164.1787784002516,125.07941106904948,172.51854672463494,151.54129699767202,89.30595256046959,99.30818299906485,Vrikshasana,frame_0002.jpg
148.167122422231,163.91862916296793,171.2223587705531,172.72324321993594,168.18288815084588,166.63283208356196,87.13155145139575,93.5715699162212,Vrikshasana,frame_0003.jpg
180.78876203565713,163.0827955801857,168.38881056547,176.70684879975852,159.0893109038512,168.74064979706228,90.80493352629775,92.19471712479404,Vrikshasana,frame_0004.jpg
176.70594088914677,159.4022743927953,169.66549606747486,166.71700687361832,154.80803318698955,152.40969035671586,91.2248121974437,85.85369813609368,Vrikshasana,frame_0005.jpg
173.44537209698547,159.44260581562546,176.36882434278988,146.44639864371018,158.63112379134174,178.2856657572405,99.0844986351882,90.9591759130488,Vrikshasana,frame_0006.jpg
169.76267018194585,126.97014289683031,176.2031828862085,151.50324950170847,161.55077841834378,174.9533204607278,87.23986681081551,96.03023048238077,Vrikshasana,frame_0007.jpg
154.90647189279747,103.41601494373569,169.26150552231726,103.19868256854026,175.01735211766118,149.89792051208138,90.45575656411316,94.97919085781353,Vrikshasana,frame_0008.jpg
76.6793539788127,83.7253099606344,172.4046019472431,126.00931996662179,168.90309102541798,161.68876262939537,91.21658064678792,97.40946746230175,Vrikshasana,frame_0009.jpg
53.198192355520725,70.39678669191014,158.19881096497983,101.65488334686918,178.25265498726304,140.04223503036948,89.04113235125328,102.37750900353007,Vrikshasana,frame_0010.jpg
58.19545953399143,74.28077758917307,155.5450960948564,93.40853438406602,179.1469891852202,136.19325011384808,85.39664531916357,98.48907636536393,Vrikshasana,frame_0011.jpg
60.6253380712447,72.14097597124739,163.2719878824314,103.43303388659884,179.34573478021957,138.42382041778524,96.17723128671724,98.93346606585662,Vrikshasana,frame_0012.jpg
58.692822299260804,75.79184841944651,160.111928043477,92.84187242335943,178.62701853647272,138.8785449031199,91.1819381374664,98.60897317897322,Vrikshasana,frame_0013.jpg
59.58704412153482,80.99829469316148,166.31623062133292,103.02313182323081,172.82087150234986,149.47424319051734,89.14748154043136,97.61919703403944,Vrikshasana,frame_0014.jpg
163.31557883353872,131.33080845481393,87.73036597907443,94.7250556364699,130.32004911106074,121.11290579855851,22.329584364656025,171.46186894850103,Bhujangasana,frame_0000.jpg
163.88996160345982,143.64573145030909,99.149379546752,103.9649452908535,140.34228500866246,135.28317566162247,59.79054772266686,84.73055463435287,Bhujangasana,frame_0001.jpg
144.08116487821823,138.2876208252559,148.6521759411336,151.49392673865634,175.98804542528958,173.90266198545308,7.199460301183139,139.37434195912198,Bhujangasana,frame_0002.jpg
129.99066764150524,127.46816487478475,168.17721977269974,162.93787892679933,163.15754220791968,170.18821403277383,43.90894127845064,118.01961410207153,Bhujangasana,frame_0003.jpg
118.89962075190178,118.20512885944123,174.0112066493195,168.8170995114579,159.34528609737583,168.11057263788373,89.98402856644091,95.57632966360308,Bhujangasana,frame_0004.jpg
90.52544946460928,62.29848552436077,169.90379913080216,163.2462509346766,168.00258527616108,180.07030209957662,137.80056293380198,79.75299228353512,Bhujangasana,frame_0005.jpg
72.16508108032038,54.371114299912065,170.10602235802585,164.3390129842831,170.22060748954627,177.23101065913346,155.0047927835787,79.77452310426078,Bhujangasana,frame_0006.jpg
69.494124088696,71.06208849093359,165.88434658125868,164.74641686446327,168.20116503150817,178.53300785689248,141.2955275801463,61.80286849836126,Bhujangasana,frame_0007.jpg
110.13064601591931,90.74133889910318,155.66563380010965,158.22469347219416,178.00539644849732,168.1834065702871,159.19968520805952,48.748219700890466,Bhujangasana,frame_0008.jpg
102.622944506193,90.21302611158245,159.69905171926808,156.53507554811983,178.59993605219663,177.5630355617484,136.09501579416246,69.37610923445106,Bhujangasana,frame_0009.jpg
95.07071295900373,143.94415631649568,158.09889479486733,151.91554895265372,168.6485767671168,166.87427290932678,104.38072108043117,81.83328002323972,Bhujangasana,frame_0010.jpg
115.99414856899752,162.7945566655301,173.1691562125381,171.69185053470753,157.98793748825292,151.61248504590804,98.45507475594648,83.51334289841662,Bhujangasana,frame_0011.jpg
109.77737848288136,170.71023499423097,152.3411221612521,150.49890583568995,171.37385870735704,162.68207906269433,102.17458308639728,75.8781250251258,Bhujangasana,frame_0012.jpg
113.99802499943205,177.40727791541278,145.44647772992298,143.58305843082314,177.86707649079938,172.4297958685969,109.91875422338876,73.92493007476354,Bhujangasana,frame_0013.jpg
114.71253954153435,168.35134828053182,143.3978956070056,138.97391260840442,181.69895449142822,175.71032735376258,113.56463507589737,71.27431443194526,Bhujangasana,frame_0014.jpg
153.26352553767939,154.96091648982113,92.46492404821764,159.2812508299527,116.31382459349601,134.1986417370672,90.87358878828645,85.41096994858184,Padmasana,frame_0000.jpg
148.49125362709879,154.85123534696356,106.28312324774684,141.3978648894224,89.1001748932938,137.4646813418772,88.76768279571962,88.7651960017224,Padmasana,frame_0001.jpg
142.81016226564302,137.93735140595751,133.5415605000627,164.26496698265368,130.60683560573,165.5516413210539,85.04998024182423,91.95042056319154,Padmasana,frame_0002.jpg
133.4712455657994,110.27264119052926,104.85630114627416,166.73863644561925,122.38257928752606,177.67595315996485,80.89044418629464,95.18426283107245,Padmasana,frame_0003.jpg
147.2539077296313,105.07602072510673,98.99989268015833,174.90438487121202,115.13543014277208,156.09366972684094,88.5545974140791,94.09499983108935,Padmasana,frame_0004.jpg
142.88853924410628,116.01931681761918,113.30201639908186,175.67363449881657,124.09850634934409,159.6466901843097,83.16433321321995,96.10299681414858,Padmasana,frame_0005.jpg
134.90835236485879,117.79767056847426,133.42380096733862,158.43705817616888,139.89584832790703,148.42261711635243,87.45707666863908,90.40041222907973,Padmasana,frame_0006.jpg
180.9127067964671,165.80411339486972,121.89138822030097,126.7713737886779,122.66963812582468,149.66632581657487,81.05416051427713,92.4267355824691,Padmasana,frame_0007.jpg
176.85306410463076,173.73907242449795,141.77709885382183,168.77471874837522,129.30608278249747,151.92065665611688,88.21793140990157,93.75154487867017,Padmasana,frame_0008.jpg
181.9069586642533,168.9569338779956,132.81166856736087,138.31745861258815,126.89499393982148,180.64663193610411,84.97638088142261,97.04085209561178,Padmasana,frame_0009.jpg
167.8451964244452,111.16773799347648,153.46394353106493,126.29777826679485,173.82013483897205,130.78155677944684,79.38579510719204,98.31945445497213,Padmasana,frame_0010.jpg
170.20866020657,106.59715633495478,165.02467939942395,156.8068976022161,167.43269424894,129.01682758438082,80.23130369733605,96.55418018892152,Padmasana,frame_0011.jpg
168.33113717542213,113.84155878207432,6.904650845349423,20.160950680502506,173.51758272445682,142.05757557930798,81.2614814200541,99.6284017289103,Padmasana,frame_0012.jpg
165.25943186668758,112.4464979889013,61.934591875120596,27.17686775105857,180.80800145578385,135.69909468606448,75.43665607713014,100.0182007745082,Padmasana,frame_0013.jpg
161.42568127442144,113.31737871928485,88.37870664514698,36.963131056226025,172.03783172673946,138.54550460281283,76.662005165516,100.14858070577364,Padmasana,frame_0014.jpg
129.95030046118757,103.86155819674367,101.41103508474643,116.24268711950943,133.2873726697756,142.13106350919676,83.52453235476118,102.26161628686725,Shavasana,frame_0000.jpg
159.13809045079822,122.14703757329899,106.55021614875818,117.46545334450903,139.00518187216747,145.2381873135476,69.67814923452656,106.4522440322207,Shavasana,frame_0001.jpg
148.2533050012409,137.00591433385617,182.09372558383174,179.23985067826735,175.06698959471348,176.80614641463546,120.95134085366492,68.54035453807288,Shavasana,frame_0002.jpg
167.5603724079051,120.20602093787105,170.88064458443597,180.58179096223233,148.38014053203935,157.261221933357,51.64050946548226,126.7641775867665,Shavasana,frame_0003.jpg
169.81055780838008,130.91544699780357,164.5037713763553,165.50292022248098,175.5998224672258,172.02796436481063,39.46533405516055,142.41301437366488,Shavasana,frame_0004.jpg
178.0728354719858,114.47620038555331,60.1932037918073,101.9145159862371,41.214540639995,85.64740754529848,41.00176085455404,139.8670734250531,Shavasana,frame_0005.jpg
158.20742648521465,131.3092482603471,126.75752217475846,156.54975055771646,111.2075049351062,144.3987869906256,41.260188266891,142.46886563623093,Shavasana,frame_0006.jpg
166.74980544460658,136.5775367518213,151.3332080303598,157.3240722257383,142.62035339307917,155.3624668421769,28.585215385383904,142.5725384090938,Shavasana,frame_0007.jpg
178.76244567568992,118.84175527723434,121.57189284224287,138.56384023039456,107.20743136543645,126.88665882116868,31.43499535446727,148.31648693046424,Shavasana,frame_0008.jpg
175.97901329551235,127.96228733574645,146.291655518978,149.09681644771922,148.73072439934825,154.02782019461407,43.14282405514907,141.07093977807853,Shavasana,frame_0009.jpg
179.42100913227617,126.81495588072917,150.1471267801628,153.96046085552618,159.46853809018583,162.09540197539664,43.229627696048325,133.11741838712945,Shavasana,frame_0010.jpg
166.29020800262455,114.27431091197435,127.01723148520242,142.36260266692975,123.28360777636543,140.14145293214557,39.85380297551372,135.2666140972929,Shavasana,frame_0011.jpg
170.1127804662274,137.973955625561,159.72273411229236,163.3367531229641,166.4151599941508,175.81652883276504,87.37447094869052,86.91525552388623,Shavasana,frame_0012.jpg
176.137010689342,120.22493954602886,25.64220560593786,29.648248425253648,13.69281796611215,15.292305198273485,74.09218595202216,110.93943139640504,Shavasana,frame_0013.jpg
131.54357435559442,140.28229063214832,27.47688385061031,33.58729207811052,13.461990346013806,7.429316761591309,93.90908807163603,105.54022574613573,Shavasana,frame_0014.jpg
156.16645033361792,158.5354700777262,177.34571953974958,178.91851845649924,179.64275287022025,177.2447533669535,84.73656824306818,95.35420677980925,Tadasana,frame_0000.jpg
154.6401584783147,156.761093473309,178.061160818043,182.79579782001827,174.38083157178878,179.4142404260622,86.53426888134858,94.26230319325346,Tadasana,frame_0001.jpg
152.9370981012674,153.69585480827033,181.10034301990243,174.62957498711228,168.95486900355755,174.18171521759695,86.05751527272008,93.17165671093859,Tadasana,frame_0002.jpg
163.81070055431164,152.395508051062,177.42845641103162,175.46755903204186,177.16176429704836,176.25299685927425,87.70274310102033,88.44994372377629,Tadasana,frame_0003.jpg
161.37402656376807,156.04840973952696,180.09260156506514,177.26522298239925,178.1045880312596,176.60571728665562,82.8658241617254,96.44508703922372,Tadasana,frame_0004.jpg
161.0031978021637,154.3984603226086,177.8830852084734,176.90780842998103,176.9023160868106,175.69751464350057,88.29536703726562,91.75135667766706,Tadasana,frame_0005.jpg
162.54946030366938,154.04099651375822,175.27517656094292,177.4449189771405,173.13772509642803,176.0766148906621,87.6624122386494,91.21650289172015,Tadasana,frame_0006.jpg
167.49516586736604,154.0673540897206,178.5879962478509,177.45234551101635,173.88652511979657,173.56316807852264,87.96291927005986,94.88960174286778,Tadasana,frame_0007.jpg
163.70090114903473,159.0655472376351,176.09386351235875,181.7999454582882,176.55824012614474,174.81989683431016,86.53939568701726,94.73320375472959,Tadasana,frame_0008.jpg
163.73648660374795,155.13924236303563,178.98210074143353,177.61555120868337,172.98178716104889,176.20667480418643,86.95957165224458,92.24920944969142,Tadasana,frame_0009.jpg
160.11681009773744,156.71080684742245,176.8739225291467,176.7665279691055,177.43561782099857,175.08854780492115,83.27582687671843,93.48925389466466,Tadasana,frame_0010.jpg
160.79163544881877,156.00841012033433,179.8607893082706,176.76434543876948,180.78045500350805,174.9503747284696,86.00629626171677,92.10141524662355,Tadasana,frame_0011.jpg
160.32492672721534,158.08976402943978,181.526117249334,178.02239455381547,175.22334472704614,174.65668120143232,84.37927111013266,96.2159714156023,Tadasana,frame_0012.jpg
156.25639210022717,153.98366593518583,179.87134617155485,176.74762843897238,177.80318962731124,177.57600720057724,83.22554697581383,97.52290904862022,Tadasana,frame_0013.jpg
159.58769690249298,158.88841665580122,179.03809773568628,179.10691136673142,175.6360023663597,180.08080641419483,81.80660296162392,93.0317693138336,Tadasana,frame_0014.jpg
172.2947969489092,167.37817437005947,178.8942143582384,168.59566027156072,169.3858618072017,162.87309163006674,84.24207116480946,93.68286960427983,Trikonasana,frame_0000.jpg
167.51294831716336,173.17107556290105,182.014453717752,171.54067149606564,164.56974232812283,169.24425651798404,81.03436100992876,95.13301281076232,Trikonasana,frame_0001.jpg
171.40742137433713,174.55046933473523,177.3293257680468,171.92142151482284,161.22906244971787,171.79230203388624,83.37370882493425,93.68389611994489,Trikonasana,frame_0002.jpg
175.8589733309303,173.88645863886623,171.47885584344758,170.4547685347376,153.69310251039505,155.13044733673706,91.35549555271774,88.90006333644382,Trikonasana,frame_0003.jpg
162.68125146520356,177.2195620054482,176.3482543830767,171.744064183976,156.40979367433138,147.19657537260312,87.66155038253132,97.42001102597929,Trikonasana,frame_0004.jpg
165.9818171471,177.77859730528294,167.7651801653199,178.07784046912775,158.5798730219696,145.0068148294626,90.20535004593707,97.09190384916833,Trikonasana,frame_0005.jpg
148.55817357582745,169.0283694945861,169.21826340292776,174.19201767250237,174.18927143529982,120.91811970203754,95.45878930470025,102.4597394535093,Trikonasana,frame_0006.jpg
165.16598714130748,169.85993632376085,174.65988902136968,173.0623615555108,158.09098725790824,99.60790173322069,82.99193027235394,125.18370990373498,Trikonasana,frame_0007.jpg
160.57070367317036,142.4297494953267,181.9474807123759,176.55325795625419,162.11715251845533,99.19816385450525,84.1094128665177,124.81226256841708,Trikonasana,frame_0008.jpg
155.08704414797873,174.29757990737224,178.70255137596243,175.999513528329,156.1589356548059,109.79431966385002,15.616646173726132,143.26026338327767,Trikonasana,frame_0009.jpg
173.17778644552445,165.44629425948455,171.8987262299029,173.25088605383166,148.91599717811576,113.41160343753751,29.650600401706892,158.0540820797189,Trikonasana,frame_0010.jpg
157.7243279799287,172.5747427387307,176.3870636871643,173.2243177436745,145.1072143867689,115.93533306922977,41.60035946535557,169.8549646557387,Trikonasana,frame_0011.jpg
179.26393719136928,177.7047762090343,177.1249321473084,178.7111395129213,146.44048065269925,107.72955883040537,47.338614796965985,161.6743013210823,Trikonasana,frame_0012.jpg
161.730875449178,159.23234395356184,182.59164087410508,177.33582641084743,153.9099480941212,100.41530143507576,66.91462165533936,140.40308989035924,Trikonasana,frame_0013.jpg
165.78712582145965,160.48200099851803,173.67048637762986,168.3521131974226,159.8898451451014,70.48459931625992,87.71133120717555,126.65117892325279,Trikonasana,frame_0014.jpg
168.13200158504617,171.93222837794895,180.60372629659545,173.44714422136306,176.10965435767716,169.41789929284855,82.03484870982648,96.80797534428574,Vrikshasana,frame_0000.jpg
165.93779935063333,166.9362616898099,178.52466573038487,176.33638598292615,179.56141864633187,172.08419157531438,86.85181373736756,99.34708597883099,Vrikshasana,frame_0001.jpg
161.45611434741346,151.1501620598534,176.44330567494413,172.21136619220556,173.80541653012415,178.18197346284458,81.68607901743006,94.7535341093144,Vrikshasana,frame_0002.jpg
165.93201391124973,160.1783743302555,176.6277452961017,172.82356380161355,175.31376213694924,173.533143709254,78.72453050498846,99.86761588840466,Vrikshasana,frame_0003.jpg
161.24813002603057,154.459323959314,176.69363779381484,174.48785170860236,175.9917928919882,172.84588622400818,82.45446231148239,100.38838685555018,Vrikshasana,frame_0004.jpg
59.86169726772898,55.00843609642694,120.64368812682896,154.35028012220482,148.19877045742982,179.38512415190303,73.7522093099822,98.85256400879177,Vrikshasana,frame_0005.jpg
44.86962104905813,35.407697393644625,86.40383212097417,147.6091031624816,148.15467855801268,176.02573027129907,77.087500076982,92.4021564588316,Vrikshasana,frame_0006.jpg
46.7109397776463,37.38098485935203,86.12860264189635,148.5480919206242,143.27342443920023,175.43188916019267,79.30070573921827,92.57615121570863,Vrikshasana,frame_0007.jpg
52.02049190563075,41.127648481057314,86.77326855941229,148.41300069634264,148.61357293813006,176.57461114868303,75.10908152255763,95.20071827339311,Vrikshasana,frame_0008.jpg
53.51517941793286,41.17685860215628,82.77850232535505,148.57703688465787,144.64283998152823,175.47204436397968,78.39051365100796,95.41731385165703,Vrikshasana,frame_0009.jpg
54.80145600462795,42.12724320804617,90.62162181119203,151.30442317304085,143.0895035487389,176.37739225759873,79.76089978258133,96.40392848052473,Vrikshasana,frame_0010.jpg
55.06807077378673,40.91459439302393,84.52603622246961,146.8449192446926,144.65960671405978,176.445901348808,74.88876177031295,91.32903176618684,Vrikshasana,frame_0011.jpg
52.54883611476834,37.76288332641644,80.08667768776293,149.70921217134998,142.6344685310228,174.10571070360376,78.98856290205721,91.34357604171387,Vrikshasana,frame_0012.jpg
52.948921234963755,35.08854278225894,85.84530427007334,153.03833555336467,146.26443932885186,176.88490527757477,76.69436855351232,93.39825570294683,Vrikshasana,frame_0013.jpg
54.911517359204275,39.31835784660731,83.09192520697366,151.2908893405821,142.3891726208041,174.5656047915476,77.42248131900784,93.73924146512272,Vrikshasana,frame_0014.jpg
30.81537014657856,38.170416306942265,179.853182304674,182.01320351347877,178.4740289294438,179.66368120178936,138.19411912528784,57.565695554582376,Bhujangasana,frame_0000.jpg
44.66411885992755,49.06340844400388,170.8527706620652,169.7662931400137,177.84040067344472,168.9933601526561,141.55213312467154,52.89638523582845,Bhujangasana,frame_0001.jpg
50.29461806757709,55.42673945676163,168.92428857052454,165.10631894851124,173.3616694295785,162.14656494003066,154.2869606824901,47.700457347343466,Bhujangasana,frame_0002.jpg
67.8639295731508,57.023881628741464,166.36367453234467,164.91238470805865,176.65363818784823,166.8759829083761,170.73000010595976,44.32796617835145,Bhujangasana,frame_0003.jpg
46.6744116725831,43.753128135737406,178.1270342187189,175.12394671848065,178.6578270574445,176.05515473145144,147.91386552133915,55.82615849732601,Bhujangasana,frame_0004.jpg
81.71427851855721,52.53937813138416,167.19548682943693,172.61454687075545,174.10569062739629,164.75113069406748,156.82952257327085,53.15525234807575,Bhujangasana,frame_0005.jpg
124.43253852727884,87.15181248194745,164.6637790575111,156.79599363228687,175.38262372824266,174.1878104266623,129.8015214180259,69.92824659416551,Bhujangasana,frame_0006.jpg
135.48363475014932,103.87253536222993,165.71030845002707,161.83752336991753,166.36100693835692,178.7029690680351,83.3589710823096,93.88229449160553,Bhujangasana,frame_0007.jpg
150.62108154669966,121.79565764587079,169.9450857004564,157.05200876571945,162.81723014595144,174.3412495296075,20.028913924171643,113.86081944811687,Bhujangasana,frame_0008.jpg
156.3420051712749,134.93128198266092,174.42563415243066,166.89046702112344,150.67402298412557,164.7273367145369,25.71993401122719,141.76725020086553,Bhujangasana,frame_0009.jpg
170.12921173490392,151.97329985565815,174.03542705263428,163.4441481650068,147.79583834253515,161.16731038631337,13.629886839988892,137.46325647880275,Bhujangasana,frame_0010.jpg
167.7819615936859,159.15226487406375,176.09032086396792,161.67739122444732,139.56881572397884,158.61764869915797,27.423523790419004,143.71866258366845,Bhujangasana,frame_0011.jpg
171.77922593427368,154.1622760635773,174.51471922452956,170.20436051981434,142.27918850421136,158.4577868530632,24.48620668433444,147.57342020864047,Bhujangasana,frame_0012.jpg
169.0228444606113,162.43412293708602,178.8773231640059,166.35337971210203,136.73232655553105,151.9128862545555,18.704216285774557,141.58020243093597,Bhujangasana,frame_0013.jpg
179.8864273229199,158.10730424756142,169.6422912862682,155.90032606475827,131.44226939918624,140.79910839493678,31.146827900051502,143.8907840735859,Bhujangasana,frame_0014.jpg
177.5184764280997,177.54046611744684,175.58016812563895,169.86344629223862,153.85910479036968,155.3631822091696,83.63634253183858,97.27794296747841,Padmasana,frame_0000.jpg
170.1557623848719,166.5182553685212,178.6717791971396,179.48948069167162,165.16248154435905,136.33941709102044,82.02417845994584,98.95882971083324,Padmasana,frame_0001.jpg
174.55464832736155,172.60871552594202,173.19691322858364,179.03006040470302,165.93529531858135,141.89076663774622,80.19403005283274,98.50012657738331,Padmasana,frame_0002.jpg
171.1190066785432,171.4570933037445,168.58286621183382,154.18136919101468,169.0087542012403,142.56580836408628,79.43777588791762,97.53549433103043,Padmasana,frame_0003.jpg
168.01693916580672,169.78015332008945,176.30816686647944,174.7135260997798,159.1903798324616,142.3026734767895,81.98512435496332,96.79338565442325,Padmasana,frame_0004.jpg
175.86736949122698,180.16332300422113,169.29062182253097,166.90448684688127,148.95443135545443,153.5106638310167,84.5299097422824,96.40892235278324,Padmasana,frame_0005.jpg
175.08764813376084,179.4060873591462,174.20248353055726,166.97103968408004,150.80486491698565,160.04225527522723,84.31983660823836,94.45630060148328,Padmasana,frame_0006.jpg
178.4901562392238,179.3523052020036,172.04627719362418,168.26566589920452,153.33221622440917,153.53260023438867,86.67691103502082,95.01348889142398,Padmasana,frame_0007.jpg
173.92396713221285,174.79483669132335,165.70733204279006,167.38733160044478,153.3714273918661,151.25204648277298,85.787002885095,96.59871985705506,Padmasana,frame_0008.jpg
175.27319701490677,180.00116893370478,174.14365111583945,170.3193849849606,144.70147373114403,154.01907403107072,86.18077926362143,98.38315262192494,Padmasana,frame_0009.jpg
178.0132652329481,176.14812129828837,167.95046593716262,171.93462758010912,144.92571397160512,154.20775897079028,83.21213105336211,98.25554799980932,Padmasana,frame_0010.jpg
175.1931746090228,178.9901550602826,169.04245392606285,166.29943478029438,150.97686050857817,154.46025731949382,85.4837781035562,97.08147503292913,Padmasana,frame_0011.jpg
173.9212809266794,175.6173678187893,170.25536276352253,168.50238039838925,156.26096397985387,151.53382385397362,85.44933782317402,95.50821146706542,Padmasana,frame_0012.jpg
180.89840667403772,176.93340657334397,178.8256786681041,159.39107923796993,156.68178009841859,150.82856195947505,82.4078733380297,94.97165296479855,Padmasana,frame_0013.jpg
179.7978570870839,174.45582543007316,175.3276405743419,169.7381875539941,155.13893709196597,155.38617695855453,83.99079346897794,92.52785648208528,Padmasana,frame_0014.jpg
168.33736171436806,161.62208451842542,171.95786721845718,171.15195382511035,173.0672162951305,179.37382530758694,82.08667467770864,98.32220923169994,Shavasana,frame_0000.jpg
166.03778743265306,164.08528294843592,173.82848607724148,169.85914041516227,174.68435114912361,176.69436129499414,90.09231571545797,94.6640122284067,Shavasana,frame_0001.jpg
169.01544528508458,160.4598432334523,176.31073347957727,169.57058016205025,170.85211269607808,177.64442746181186,80.74786016051507,96.01892356330038,Shavasana,frame_0002.jpg
165.7982705703823,161.40224546678556,176.56848884861992,170.93586169424734,173.8591384203733,180.1899308187674,81.02361701775202,94.4619703180377,Shavasana,frame_0003.jpg
169.47824528339348,164.01688043027718,175.27114343583284,172.35120666086885,177.7220594567448,178.22765963692862,86.73648193428745,96.91788167605901,Shavasana,frame_0004.jpg
167.48407289233327,161.87960103112388,172.88786077653737,171.36277112850487,173.46670366624397,177.80172095382966,83.38451446463765,95.45531946027073,Shavasana,frame_0005.jpg
166.71058831610293,160.74797342454974,176.92096733001642,174.812734653339,170.62574813285684,181.16474966218328,84.23267285356198,98.50043878419118,Shavasana,frame_0006.jpg
166.74360583231856,162.5506234877938,173.38064368382814,167.9553133383745,173.7938346465991,179.3389084853175,88.22518816533832,92.459277683766,Shavasana,frame_0007.jpg
171.05978364535866,166.16720597035885,178.35050620307715,173.25006906448476,172.47319496937067,177.8364323760696,76.81747027029131,102.00912574687649,Shavasana,frame_0009.jpg
169.63669013988147,158.49103571562654,173.95828734473855,173.5641202257495,170.66786604776004,183.93756457591977,83.281151667514,95.33500202153643,Shavasana,frame_0010.jpg
172.26983274133676,162.42774336139254,176.13498967086795,169.17086730927184,175.44098822395694,176.62524983175092,82.2946810740559,93.85153539290408,Shavasana,frame_0011.jpg
162.12687358398207,154.82945979147243,172.0814140465839,167.7552625783202,174.4717771365913,179.42050372483243,92.71782294937522,89.11767358506108,Shavasana,frame_0014.jpg
168.1992471988341,163.63019444515706,177.67322844933668,177.56549256704344,178.68590341530125,176.81424923372012,84.81154356751777,96.56348250822957,Tadasana,frame_0000.jpg
141.22860118683155,155.5046638756895,180.15082599202148,182.20412564561587,179.7113007306273,176.21761760624952,85.82283451952462,96.83568899817728,Tadasana,frame_0001.jpg
111.90153118276014,110.58332287281758,177.13168673579838,182.32270723547396,181.91306008916396,177.81717656175192,83.99524697777153,99.34699933043785,Tadasana,frame_0002.jpg
109.16628900585566,105.66733349354288,172.5159119909555,177.47786726792614,175.2014364616525,180.16725472919038,86.53356512093775,96.00968986281215,Tadasana,frame_0003.jpg
62.41159492922007,67.35333846920038,176.58699940882738,175.27483422951184,180.52606731048806,176.35919827567014,88.05081007286181,97.4991981725014,Tadasana,frame_0004.jpg
143.5820883270576,143.7307319131258,179.18677473513878,176.2287094468212,183.38642166194,174.3520060094788,80.1320792493029,98.62371050759452,Tadasana,frame_0005.jpg
156.3374200728707,158.54020005298608,180.37376735436155,173.69476243841348,180.63317671839076,171.41657679766908,86.62962175640273,94.98788182251118,Tadasana,frame_0006.jpg
150.17666090786284,154.96080434208832,174.23437883607932,174.7659389712672,173.04747919994708,178.18472077869453,96.39561158976633,89.27441479420041,Tadasana,frame_0007.jpg
152.21174261066648,148.12562643341195,177.78247287756415,172.73646115392663,173.74519801031295,175.663967036216,100.04422921585814,90.87198780311628,Tadasana,frame_0008.jpg
152.75258942343237,50.399823388416195,175.84262397050622,172.62318512857962,178.10115524585558,169.36938372723804,101.21462050083763,88.0864837474689,Tadasana,frame_0009.jpg
148.68746177485806,31.345684927193705,172.89889475705328,176.9277144243332,174.3605358634926,173.1363476033037,94.21351574400062,91.0157078316064,Tadasana,frame_0010.jpg
150.43003903035728,41.040128798814166,175.0929668608202,179.51210808229862,174.68402427745315,177.079439930478,98.96275008877494,89.89306044900705,Tadasana,frame_0011.jpg
152.84932895221,35.99842858984541,176.26709518914413,179.54174909107974,177.29085143711455,174.65998439838452,104.27959106057848,90.0500235033671,Tadasana,frame_0012.jpg
156.72398477675623,141.1222967116528,174.19752092315224,177.1800439988312,177.17663741757931,171.38544544236345,98.5358917052483,93.03081322050039,Tadasana,frame_0013.jpg
154.09213093499667,138.09364188224635,180.32216430072833,175.4550832920707,175.41775055741505,174.17142455239426,95.46538761141571,91.98712569123624,Tadasana,frame_0014.jpg
167.9971930794631,150.47226811458913,176.76493727798515,177.49529434246878,94.07500973013853,155.7538376070693,70.26630487413448,77.96526121997283,Trikonasana,frame_0000.jpg
161.00455847937084,143.84615760904148,177.29221237629574,176.65352445541356,90.3765201087356,148.4725697511318,75.16997311967246,76.22141241711975,Trikonasana,frame_0001.jpg
174.01106456152397,142.29862849290217,180.1428669060197,176.32944489221526,85.75079313136088,148.711689878587,71.58021172847303,74.30757786604826,Trikonasana,frame_0002.jpg
175.3514987731112,144.53255953221452,180.95439670262877,173.19420513505548,86.94851290172126,149.18806454463623,73.05528636035456,70.64317241269639,Trikonasana,frame_0003.jpg
164.0320381056809,143.78623979541584,177.6699535197769,176.98837860024727,87.94769813112492,151.04673907475575,72.4926288804656,75.93655551647255,Trikonasana,frame_0004.jpg
174.57963029358558,143.63229279539064,175.61812048497492,176.841481818448,85.27348903197456,146.55141976543618,72.29756044557332,75.40660083236794,Trikonasana,frame_0005.jpg
168.9493229270929,141.1737443265076,179.49965875070373,173.71235484654392,84.93122530988913,149.46862362132256,73.67693305152925,76.71162656792251,Trikonasana,frame_0006.jpg
173.25744342725372,136.46687936017074,175.1643627046293,174.3482219669928,77.10297230323646,150.97294442147606,75.31381106155855,75.60933426240629,Trikonasana,frame_0007.jpg
168.34918698807508,143.36793573204014,176.9755824903744,177.63729689224294,88.14117030808943,147.2988950137798,71.42143592148322,78.7856411524585,Trikonasana,frame_0008.jpg
164.4077986695199,146.65123380932133,177.13943309603056,180.9486193071235,88.99564174225588,149.7137049540587,76.69110946844549,74.50972489794945,Trikonasana,frame_0009.jpg
166.78756984468183,145.79698488799684,174.60657251786648,176.99873448665983,85.12181002248855,147.2568975919705,71.9067171853552,75.39441928698753,Trikonasana,frame_0010.jpg
162.3818977921738,146.6039905394487,178.53408988248412,178.160848950608,90.43063760883345,153.31882410844815,74.19848926420757,78.6480209478849,Trikonasana,frame_0011.jpg
171.40697584516107,141.73939138516025,175.6408661609819,177.36124582757566,88.46114171969536,152.67653598328863,69.42477789844396,76.03406779494944,Trikonasana,frame_0012.jpg
166.6044294842156,141.81322719709055,179.56669385597993,178.5120687471358,90.66809402443575,152.2467059232758,69.8970962210856,81.56476837054754,Trikonasana,frame_0013.jpg
170.56741387941585,144.74545192714476,181.57414292746225,183.47647022455752,88.32379580213197,153.49431213094644,72.35526939466232,77.72845395288356,Trikonasana,frame_0014.jpg
65.14176385869307,38.47800302825956,150.76678163516192,92.84793693654852,177.62906817508474,136.39940106442552,83.48114601109619,102.11945281625222,Vrikshasana,frame_0000.jpg
65.99499814841724,35.19265898053201,153.2272660857907,96.5702268868041,176.47109542621322,138.07044902076225,85.02565892502345,103.56389311947596,Vrikshasana,frame_0001.jpg
66.55924806780156,35.63093550650556,156.03658951723986,91.215657398157,175.6046880119045,134.37285911566033,87.32840767050503,103.51643351463603,Vrikshasana,frame_0002.jpg
66.53755775910247,31.44582118404093,152.54622633987776,96.41719588800987,179.52840369941828,140.22325692416064,83.24525992185454,102.9372906672064,Vrikshasana,frame_0003.jpg
65.95691456511926,37.478681255457495,154.9224162700504,99.92259454972874,176.54753471896592,136.80817324739937,81.23803203946112,100.83016082588847,Vrikshasana,frame_0004.jpg
63.93634663011349,40.238452366113215,154.64724864918156,96.38988941998441,176.32166003311363,137.46217240400406,88.8593963353052,103.6973834002263,Vrikshasana,frame_0005.jpg
62.190118098376516,36.16461006158198,153.77294521204357,99.71168829510252,174.51162986928503,139.0229212321783,84.4050998659267,106.44517209898126,Vrikshasana,frame_0006.jpg
69.58109098752269,36.65548285643241,151.4818737603263,95.68513187723974,175.00737088948497,137.06751386507247,85.6471793287347,100.79304592415589,Vrikshasana,frame_0007.jpg
75.39920775826977,35.239079465236365,153.4101652864112,98.4788268033103,174.02628009410657,137.82892916029977,86.08566023326048,99.91193490688609,Vrikshasana,frame_0008.jpg
76.08993231584347,44.94469271706531,152.40296067206975,98.69487832208449,172.06208031587096,138.36550787770136,84.21559957076772,105.07768765731515,Vrikshasana,frame_0009.jpg
73.24175245333561,36.6930175590321,153.63122573034192,96.6065730640677,172.14910322985148,136.5814949646991,87.0029231482658,101.86487148388765,Vrikshasana,frame_0010.jpg
70.9751519082409,42.60380263059311,151.68144416883575,97.00504438614693,176.12279795308808,137.36697568535666,85.03245660012193,102.7155950700054,Vrikshasana,frame_0011.jpg
72.36397090131501,47.077054211738954,155.58206414556574,99.09382133750653,171.667984706581,137.4313692536016,83.52583446374958,101.25312484848936,Vrikshasana,frame_0012.jpg
74.68354206908312,44.91227917804494,156.4776299503593,98.1925270516284,175.62898047423076,139.44107537704323,82.25657852467155,97.7261153797767,Vrikshasana,frame_0013.jpg
70.55906807454747,52.46066775732286,153.16176527517771,98.72538586995749,176.41769139898238,143.5854768961635,87.51875973832841,101.66795199340426,Vrikshasana,frame_0014.jpg
148.61732119000214,152.26472434717488,111.73224755779913,120.70574801924631,152.39580486237102,159.41720566261597,158.67775105989537,53.807573414107075,Bhujangasana,frame_0000.jpg
159.05435796137985,160.13009858872417,109.23065878993538,108.64408093180815,149.0476096618142,149.77180539121335,162.29940236005484,64.44896893889663,Bhujangasana,frame_0001.jpg
148.83694289321937,165.16905414856038,134.86994109048013,131.28709473728463,179.50689595704117,173.82071510410915,157.80409477684515,77.36925511341754,Bhujangasana,frame_0002.jpg
148.04163652143558,171.73030179800077,139.94997160382678,137.24219866925003,168.0281926694093,177.85790205327646,133.203417761261,97.01376645199873,Bhujangasana,frame_0003.jpg
161.29839504391583,163.4034067962122,139.07455503362738,128.23466335307106,170.12594449148511,175.5049317379391,146.49977176055106,77.3795574620499,Bhujangasana,frame_0004.jpg
154.21821344736597,166.17648690004506,142.89499468449787,136.45452249336373,169.6936122176197,178.97379741660217,149.71109659682128,86.97515751599755,Bhujangasana,frame_0005.jpg
162.51509845908535,169.99282722347192,141.86988035427285,128.56762721231698,160.51485277806836,176.2549932571749,84.20410590429879,99.27568298785339,Bhujangasana,frame_0006.jpg
162.91767118109766,175.18469787656772,153.95824604307072,142.85424903415742,145.24053852378293,163.49892006409527,76.49906612598768,129.56782958603688,Bhujangasana,frame_0007.jpg
163.77279020489647,166.18569162592223,142.61853621931374,137.19653407607737,158.5470745841119,174.36072358762343,68.14364660533664,107.55691013102515,Bhujangasana,frame_0008.jpg
168.35163501546535,179.4570810975068,161.62198938396054,149.9613741687926,142.09546270611887,156.89529459734123,77.11316114220996,138.77070528321286,Bhujangasana,frame_0009.jpg
160.89861085736817,165.2566784933164,142.8651650562519,134.80623970867177,164.36009226656617,172.03229636343136,156.90942674615368,89.7973156686431,Bhujangasana,frame_0010.jpg
159.59177691921317,166.51578110808447,145.59799023034103,135.95550496167075,165.7518353928435,173.99056705643108,133.37802747448796,88.60574116466742,Bhujangasana,frame_0011.jpg
162.5948841779756,166.85257359536806,143.8507112031282,132.28719574548626,164.1920551419999,172.7228073196158,141.04155998460004,78.82169200005067,Bhujangasana,frame_0012.jpg
166.7508269714676,162.41767657080464,141.37134394870228,133.74674932895434,165.70139658751805,179.02848673571356,133.14374419620214,76.85169589837325,Bhujangasana,frame_0013.jpg
172.2270887404978,172.75774586902023,151.1106509570969,147.17996797598747,154.08361183369396,158.51180709066827,131.1388478012817,71.56931107454893,Bhujangasana,frame_0014.jpg
153.44602692333746,136.30533597334477,38.28776137663745,79.77524389992747,72.12391880752804,47.033283118416705,86.10795802265999,95.10221108612764,Padmasana,frame_0000.jpg
151.44429612213077,140.41830357953734,49.369269981850124,103.76000469319465,83.1828986557564,63.373337765098476,84.46313465686163,95.18316939763886,Padmasana,frame_0001.jpg
145.14077600558255,142.23249367093365,57.51673564559047,137.82795048510658,88.62636905046026,88.78345684398309,90.0872348294147,94.65511414517492,Padmasana,frame_0002.jpg
152.3488142940909,139.67401981211202,59.28535018277698,138.49892287442944,93.86997203303743,91.96323239140001,86.84595225401551,91.51397498667096,Padmasana,frame_0003.jpg
167.13274552728797,179.52056167509585,63.9325351280898,55.87248619616736,47.127774206499325,33.67210395729316,85.03065888076742,93.99616385233881,Padmasana,frame_0004.jpg
181.2439073674722,173.37448938889668,146.51603137562836,163.05522263916149,144.40565482056942,131.1080139094925,83.43080030679899,98.29697579049342,Padmasana,frame_0005.jpg
178.18331736813232,173.50726645521328,129.29344916548425,100.8216836440204,164.53533918763873,139.61896716279026,88.71960171875999,97.01211381650512,Padmasana,frame_0006.jpg
177.08748869990436,173.84563857352322,126.06950011537553,95.7111722399619,165.09606132136918,140.73079720055244,85.62082928723872,93.87186849888253,Padmasana,frame_0007.jpg
178.90176985543533,175.2538006423308,129.15623994549253,116.46499556345742,164.67544641456524,143.1441045698028,87.51021725526539,92.94313546521755,Padmasana,frame_0008.jpg
177.8489427177944,180.5051068201503,120.79800385335824,88.00412615974389,164.67975907455642,140.3288181307132,87.83924155639623,93.61265035724765,Padmasana,frame_0009.jpg
177.11259890480557,171.11551570129527,158.0496852921994,170.02506330479954,152.12010405916055,139.54821732192144,85.58496534093236,94.57929562607781,Padmasana,frame_0010.jpg
181.0579092173898,173.7677243728149,155.59737790641677,170.63222662064794,149.42735602589318,143.80954467960046,83.57616059882699,96.86659966729549,Padmasana,frame_0011.jpg
180.07902982937674,172.99876741011755,155.26753849333818,176.10506142572146,150.5288524267021,146.10330355279697,85.09206886399998,97.08497237221613,Padmasana,frame_0012.jpg
177.52539754611135,170.40124363481695,171.0415408826944,165.91338105091364,162.90801563998076,142.9292636201596,82.11029958417267,95.55249083056887,Padmasana,frame_0013.jpg
179.27500651325633,176.11562747681234,166.10168173980358,166.50432500729076,152.8018018749455,144.2844856011161,82.5091710216927,95.99167327794818,Padmasana,frame_0014.jpg
147.19778716600945,159.3798335539835,184.1188883368256,172.53071824116,182.2365166185988,176.18078252519365,128.38469545763547,63.516875911173095,Shavasana,frame_0000.jpg
150.98295826261696,160.8748141271405,175.85754041543194,175.38373300657494,174.45170361583376,175.33802587457876,125.94701523071346,66.83093148769676,Shavasana,frame_0001.jpg
154.51415775542162,168.16103743444185,180.8820203770051,176.5109399847088,175.94377588836164,173.04608628478897,127.19753871431998,65.86636840336504,Shavasana,frame_0002.jpg
152.59586722876045,147.37954054133314,175.55809293219238,181.19857018543487,174.61685679551042,174.62583203930444,124.5158487684765,63.08007642476356,Shavasana,frame_0003.jpg
152.92387655941653,139.74912460009742,180.75689474004332,174.8415520992829,178.58536865510152,172.5644008634893,122.43274045771763,64.25794481009098,Shavasana,frame_0004.jpg
149.28860288139043,143.9753369130429,176.87019379533783,179.44872427180707,170.89537350880227,173.67061824305864,123.46797969956128,61.72254033834682,Shavasana,frame_0005.jpg
152.3751467635536,161.30237251232728,180.6186975066567,175.29979352221847,180.22712800917154,176.3450836221891,123.28935813428134,62.58687520993836,Shavasana,frame_0006.jpg
152.5999329467545,162.09348854326217,179.65342294381728,173.42715220530272,177.01595463006592,175.97738810388967,124.37032750115058,62.9612680552519,Shavasana,frame_0007.jpg
151.20426441231973,161.2405145487108,177.5402235800134,173.9954078842224,182.6014276307199,174.23476121415874,126.04047019312016,63.49293818246101,Shavasana,frame_0008.jpg
150.1244329216616,159.0914695179517,179.68899937358276,179.24409786651685,175.42158266186797,175.80651062739912,119.31698966025836,63.28554315303181,Shavasana,frame_0009.jpg
146.66713072693918,175.78545213409018,173.59605082617432,172.59378518711574,179.62728942372502,176.97752497665306,106.2033742109132,74.55072181215718,Shavasana,frame_0010.jpg
168.14842792544906,137.63411975546452,170.83608995485235,170.3540275764789,162.93728845177284,164.93869522064315,111.69222655101221,73.63074076927579,Shavasana,frame_0011.jpg
164.72695971106663,180.37179571488707,178.55710333054748,175.62806734751794,171.15417770089456,174.6047027937665,138.4543002124244,74.79666221374723,Shavasana,frame_0012.jpg
154.6460088125515,151.41852043602782,176.17985179258082,174.79990592291864,180.82822927571206,177.97265826756808,123.09849064038049,69.88036079938425,Shavasana,frame_0013.jpg
157.87977439717534,138.927124611755,177.4457679405835,174.3964805338792,175.02153696698593,178.60500939691943,120.14847006110425,62.93436030806471,Shavasana,frame_0014.jpg
17.86799281599042,91.04727480332166,171.0391034575453,177.01624910404465,173.94058377556215,177.35705431434863,85.0766024924164,94.88820404737089,Tadasana,frame_0000.jpg
63.29286344961807,63.060106754198145,175.6653340591243,175.9446597337351,176.8892719889353,178.43077848926652,82.07173729169702,98.29831189615173,Tadasana,frame_0001.jpg
127.12255211917025,124.15561747618028,172.90650364437974,175.2272618850865,175.6693082857344,173.79875818654577,78.92025116566695,95.28679699452977,Tadasana,frame_0002.jpg
149.73592246461138,132.9572095884978,181.5005983369583,172.60102512770465,172.69403889690034,170.68879776468657,79.50049005454603,97.02457003158558,Tadasana,frame_0003.jpg
148.97351950728898,143.75389297286827,177.06060813360773,174.79025112377113,175.04587221323754,170.91821226440675,83.68892485104864,96.0823175399562,Tadasana,frame_0004.jpg
146.05301663300793,152.0377207457398,176.94333763384577,177.4119950002993,171.38110569145016,174.87774785755076,84.81474967475856,89.98790273498025,Tadasana,frame_0005.jpg
140.21451309903608,142.9590569790568,171.18237935811342,176.90012614899535,172.5830392789293,175.24762866166793,90.51112346758362,93.97128844802167,Tadasana,frame_0006.jpg
135.85206437376803,153.16146218438936,171.04905655022512,179.2419935830652,173.0949824994852,174.8093350879536,85.52050336107685,93.17948020983557,Tadasana,frame_0007.jpg
144.6678087040832,141.51005533363607,173.10609727577219,172.05896954304703,174.3991820869556,170.3439042548836,83.49931620776704,98.05821269670923,Tadasana,frame_0008.jpg
147.8274311390911,136.5746040847606,178.60032638031447,175.05056539926892,172.69405598483598,176.91642513742016,84.81989516158923,93.7713903466843,Tadasana,frame_0009.jpg
146.71690956476377,139.00180074587402,177.67605092707058,176.39474981348715,173.37075370531502,173.75301549113942,82.3643825486213,97.14497183421608,Tadasana,frame_0010.jpg
147.7323311134172,139.13189071724287,175.97247297192757,173.55158885165648,175.37361586085976,169.92274344016053,86.16567360474896,96.41805224862638,Tadasana,frame_0011.jpg
151.3062623615007,136.8174623028251,178.90477151255104,172.65094617679244,174.89730152836594,169.28865899100367,85.16560173712851,97.18786552628364,Tadasana,frame_0012.jpg
143.44421012040402,137.03170151993478,176.4151663067362,170.00831470424805,174.587997550809,169.13917951588516,80.83315053303392,94.65554652180388,Tadasana,frame_0013.jpg
147.39573385712868,141.98428768297552,180.1680456279818,178.39887301617424,174.2995582035599,173.6320348855974,86.88638487733962,94.0820707711117,Tadasana,frame_0014.jpg
177.0289911780442,180.81966688078634,173.3309589631345,174.86600639134787,154.0743491783306,168.97931247844187,81.75239139052466,90.08291412473606,Trikonasana,frame_0000.jpg
173.93541482016326,168.5486700550322,179.60806342828647,176.26441842131496,123.1025936441191,165.715316087907,69.32794042967188,93.38729088763911,Trikonasana,frame_0001.jpg
176.94225509828803,154.39341547674871,174.6937518776429,180.08704098978183,90.61539627870536,140.54573517959375,64.44100085935158,90.14820731037491,Trikonasana,frame_0002.jpg
175.1490306623287,154.6902673487908,173.0203763067266,178.09716634664346,90.78807400857991,137.28489926434645,62.20637248528899,90.2659469943422,Trikonasana,frame_0003.jpg
178.57445216557662,160.73161496308572,176.3321241796686,179.56101363760118,85.72375116555885,132.64111969280782,66.07603904088684,91.09857848901672,Trikonasana,frame_0004.jpg
175.85721202439115,152.48229398846448,175.7158140196107,176.80315162229738,79.63113912247942,131.23039393668384,62.12192502233456,85.8181538383823,Trikonasana,frame_0005.jpg
173.90141601631785,160.7846674668308,182.18523280480593,176.0323661521041,85.82643113373753,134.5041381753583,61.60216639689486,91.34153162221165,Trikonasana,frame_0006.jpg
179.71264789003376,159.01245323593218,177.13949319833281,182.17468212092768,87.60820632187264,138.39109774313255,65.06747041334889,90.8721823199361,Trikonasana,frame_0007.jpg
176.00339159330136,158.8950310386506,176.0398836024052,178.2668071345835,88.73789210174164,135.21849394104527,60.910730251441414,89.16366864664656,Trikonasana,frame_0008.jpg
179.00162683946743,163.112034829222,175.5073093947377,179.23905153308726,90.3368816886682,135.41797209310488,58.36455964003609,86.68502592982095,Trikonasana,frame_0009.jpg
179.1532500065117,163.5934378096556,175.31107299772884,181.14912254300316,92.5262259991612,135.71885912190422,62.63093458750874,92.26543919520623,Trikonasana,frame_0010.jpg
179.14581766813805,159.96405439675726,173.75663574741975,174.3001390641008,94.23201664055797,145.06104390334605,62.67650113974568,88.52811997732483,Trikonasana,frame_0011.jpg
177.89383126336975,159.37038241553637,172.0439678167111,177.17974553896755,95.96941702742156,142.9571316820375,66.61966834376648,89.77967474005678,Trikonasana,frame_0012.jpg
177.14423281763675,156.50024205885808,176.8461532741823,178.3210872551341,87.47834671293211,140.11037919015783,65.66526032880358,84.77787679762048,Trikonasana,frame_0013.jpg
173.43971708753133,155.43754117496593,177.1857349838178,172.8535014317911,84.78568584389676,131.58027735413,67.93543543068148,83.21469824425742,Trikonasana,frame_0014.jpg
37.73358183500166,40.61438639608169,178.03700515861465,178.60016147729118,177.52717851395502,174.17229670220829,88.03366700519133,95.14491651169972,Vrikshasana,frame_0000.jpg
33.94246408915894,35.06399852019246,173.60317747070755,180.21393230802337,172.07960559136183,177.62665345008125,88.44485749716482,95.41299120483833,Vrikshasana,frame_0001.jpg
37.54699590973691,38.49719813305916,180.32876867411022,172.42758411896213,174.75952827352918,172.3853529177866,81.37041099223272,93.18273797851909,Vrikshasana,frame_0002.jpg
46.00308007672129,38.401898238517134,166.0699019549995,131.75477705987802,177.56885594171814,148.49722818947728,88.30623644165732,103.06098104122182,Vrikshasana,frame_0003.jpg
43.25953608698381,45.36158699942148,150.92282706517219,101.06675827770147,175.5576778033231,143.1208326063081,80.11526109936173,102.80966089802035,Vrikshasana,frame_0004.jpg
103.45037795487187,123.53296772410523,150.46193922774327,89.61338197960136,179.27890833961578,138.3779533456775,75.80717374963723,109.73071460331437,Vrikshasana,frame_0005.jpg
123.26830574063875,40.366795491945446,173.63278191535701,156.53769448871654,172.31818395553438,178.06023891206087,80.58810564239207,97.85649360439973,Vrikshasana,frame_0006.jpg
125.32447391796943,44.775039588849204,177.65679355793444,175.0744707051603,177.48481475648364,173.17870903580123,86.49563834559434,97.66570387806155,Vrikshasana,frame_0007.jpg
125.44406817607435,91.26038944722602,171.73640771684413,162.37551414963946,174.67757518407808,180.27848319384182,84.06858441583768,96.01811006883679,Vrikshasana,frame_0008.jpg
34.23643587568286,36.80265478117375,176.63097180029257,177.88644407486672,179.04181088375393,167.71101924410195,88.57410817171245,93.35124464415685,Vrikshasana,frame_0009.jpg
28.991906159389437,30.93468368548416,179.5330216647233,179.82961357920132,176.89052846737343,179.54721789621877,86.82853107275422,94.32280724437254,Vrikshasana,frame_0010.jpg
46.11124783584857,38.78140646463416,156.84201255743287,106.18594686855799,174.79591864284794,139.36252490879414,86.54286741037126,103.64908051569526,Vrikshasana,frame_0011.jpg
42.84849480822368,36.91060901888486,150.70296255061595,106.02418354735036,185.36719956897397,153.58668237205382,84.98681340359441,103.36409382956809,Vrikshasana,frame_0012.jpg
39.66609299232045,41.16925052252125,153.89242029612927,108.51633654420986,181.6313870333332,154.83438206240913,79.11155190725965,101.29970381046056,Vrikshasana,frame_0013.jpg
49.13304696185526,37.980216210093516,147.69579859324537,108.49107994192197,176.66255090654965,151.42439298035674,80.87517378405552,104.83046548018451,Vrikshasana,frame_0014.jpg
157.6151150329839,160.73016394321957,159.39365902679532,151.79965528579604,157.02465592433722,166.89710590512033,16.089634984695316,121.20658859742035,Bhujangasana,frame_0000.jpg
168.36037939419663,153.19902765313327,158.90793638305001,149.59211137455446,150.96001399670806,173.37901248169285,28.84802537781256,167.66387422652065,Bhujangasana,frame_0001.jpg
165.3318012160746,156.05849859300582,165.23900300267005,154.7417882375796,152.6709787077442,167.89407832355838,26.725712658991057,147.16781673776595,Bhujangasana,frame_0002.jpg
165.88556114405648,155.88746291444215,163.06436611735944,156.29311991123174,148.85502632707005,167.24944054252555,30.06405314030379,153.56958811851555,Bhujangasana,frame_0003.jpg
168.35587394870709,155.00634504663222,170.9320793815841,156.22260717407178,149.74125231086347,165.7689607443876,22.06583140069741,145.89801972527886,Bhujangasana,frame_0004.jpg
168.04824681045056,157.10546858561733,164.12080261859566,154.20452010242133,151.40912308519248,167.01486373291465,31.514996518484757,141.85366810596588,Bhujangasana,frame_0005.jpg
167.8600242148565,154.5639647171003,162.7224859052036,154.25039565503528,147.53504370073807,168.31605869521817,22.98260814384451,143.34627172151463,Bhujangasana,frame_0006.jpg
169.11022225060714,156.21768083204947,159.93443780200386,152.5279436132097,151.50874271994405,170.2109099179102,15.786028102387265,136.26583434960665,Bhujangasana,frame_0007.jpg
168.2938447082773,152.05156926574892,160.4472450708881,152.8261222611213,151.29907729847596,173.98785469517668,17.85783949174504,137.25733396222049,Bhujangasana,frame_0008.jpg
166.30572312077905,155.08219474848136,163.75148888813212,153.06525976503426,156.00760927221097,170.9208274230294,7.948444452337685,136.51761156975118,Bhujangasana,frame_0009.jpg
168.4827543613372,152.81490486350808,163.0955624750386,154.6216796929752,149.93286139810618,170.87137969752774,25.026479335431585,145.1101446496076,Bhujangasana,frame_0010.jpg
166.06902390209527,152.02106611665323,165.32529654235873,150.86993375459136,150.36237305291155,168.15942815043118,24.27174050353106,147.79075958570684,Bhujangasana,frame_0011.jpg
168.4677023294155,151.67375702819197,164.74953138359734,155.67694741139852,155.86415793553957,166.8859171563293,23.17190445649923,151.06412141720958,Bhujangasana,frame_0012.jpg
162.95911079443033,156.99978566673974,167.67520055777072,155.42117785440803,145.8981664356323,168.82129772433743,29.232285141507376,149.00663364332004,Bhujangasana,frame_0013.jpg
169.73826706114113,153.75801836794636,166.0976879667019,159.56434610517843,150.84460974858936,168.82008939783486,25.533965938143407,150.32939695175298,Bhujangasana,frame_0014.jpg
172.22019441997466,177.91921413421028,149.32914751020346,166.1998978327114,115.77834219619403,127.56963624223211,91.48186297375294,90.36143435575605,Padmasana,frame_0000.jpg
172.36702627192554,176.01201405070822,163.31325872846517,166.1199892395118,115.90950696228167,126.47218169907141,93.56502880336033,92.64843931745195,Padmasana,frame_0001.jpg
176.01404597522188,174.63038284226505,145.49893281660536,166.99348742201687,115.84057018845405,119.09014259882255,86.95846368688748,93.08973315086138,Padmasana,frame_0002.jpg
171.41212893378835,177.99302773758092,114.79847789573554,164.00783890988006,114.78474187378008,126.64695771239953,87.62711721261857,91.13234020936441,Padmasana,frame_0003.jpg
168.3168650812452,172.98684318992204,152.1379535628386,159.51908223317932,120.74998468340769,125.51429435754287,87.73825379792252,94.32805566724564,Padmasana,frame_0004.jpg
170.3845648747227,179.47304630536803,157.2999602239056,157.6653810943105,120.77427499631736,127.81886584921357,86.94203091957102,93.05654840531125,Padmasana,frame_0005.jpg
169.67187921293973,172.4165934416987,161.60700387213444,155.74447581593398,120.91112981989859,128.15515331905505,89.44988758612733,88.79651261621167,Padmasana,frame_0006.jpg
171.20612495168896,177.87858693042926,158.58631081702936,164.16249909602303,115.95973120884884,126.11441622621285,92.14826459537956,90.07361181089071,Padmasana,frame_0007.jpg
170.45654206095463,171.05317648100845,147.9765854912413,167.2328130206102,112.24554604477373,120.52135786547689,92.50720328108957,90.34675567455001,Padmasana,frame_0008.jpg
168.7610708043537,174.93402083103595,154.06437246519337,158.1420720423219,117.83937921122983,125.03645533431413,92.80016218504757,94.75124126983405,Padmasana,frame_0009.jpg
170.5756530924281,175.64082138405035,163.5133774552886,156.35194490108964,115.48729238124629,129.250034284617,90.28706883077707,92.3694371880039,Padmasana,frame_0010.jpg
168.82765305622334,173.47150519853943,164.78109798992952,160.01729659709102,120.07240612144157,130.50451623516935,88.32761668797404,91.32877510526755,Padmasana,frame_0011.jpg
172.13607882430594,176.53237294678007,155.79525341365337,155.20320905182103,117.421577501109,133.9038906167721,92.4859104721506,93.08886420759792,Padmasana,frame_0012.jpg
170.509140972922,174.7136680382487,161.52694453905326,151.60835215806736,125.99065914562736,128.7511322374847,87.303595814803,93.7648002723511,Padmasana,frame_0013.jpg
171.43851715856437,177.53935063790448,159.6563941497906,165.24390337329746,117.03610452415404,127.71665598178272,90.77044287607542,92.7468458007561,Padmasana,frame_0014.jpg
164.33312773693402,175.88636994789033,172.31347063013828,171.89330969010987,174.4093833663401,177.5410370987446,120.98100975682827,64.10467259924292,Shavasana,frame_0000.jpg
165.8787635943822,169.66003604648105,179.76616274587002,179.52949485787036,174.92950997659062,172.93991234721574,118.78912168804194,62.07843251839213,Shavasana,frame_0001.jpg
164.05165967288693,175.82470199030382,177.30455632371283,168.70235903313002,175.25956117142138,175.41011182529166,121.03849923413443,61.647215777457504,Shavasana,frame_0002.jpg
166.68288980492073,177.34819015854816,171.10973926671545,164.82594537833063,175.8543886074324,180.54116006048946,122.0134466270132,64.46123544798766,Shavasana,frame_0003.jpg
167.9100046896333,174.65638582406953,175.11790383953166,171.26502480219978,176.75684287653155,174.5770410567327,124.04347407904774,63.58631204988931,Shavasana,frame_0004.jpg
164.86819306615914,173.20553158169201,172.67271618552567,172.70255367824112,175.8113316687161,182.35846785565437,123.18356859294408,64.92220429976834,Shavasana,frame_0005.jpg
169.85318905954531,180.90284147228726,171.88542123758245,179.41884296891783,175.7000503905709,175.6958499959532,121.31178837030797,63.67535854973838,Shavasana,frame_0006.jpg
154.36077752748076,127.95016847905573,169.17486902456722,168.57683220799473,177.08194082852017,176.38558965620035,98.12898123567945,73.40563847411823,Shavasana,frame_0007.jpg
163.20284904888067,20.74747164433684,175.0396803719822,182.22517786469507,179.10869671210003,176.54339799723485,93.77145491098409,76.68031490756383,Shavasana,frame_0008.jpg
143.1873166688677,36.20090748528464,176.08619784762251,177.0552595274149,178.11308760091325,173.21370344236544,82.50991278838819,87.62572891180533,Shavasana,frame_0009.jpg
154.42653686760116,97.97430840153368,177.1780353983253,178.62486374111703,170.81821690093324,172.262468529758,86.99195074276837,78.47274304356813,Shavasana,frame_0010.jpg
169.29722448713983,173.7745019888266,175.33610664433166,175.8877201668507,177.89705322238873,176.55604020067213,125.7553737308415,64.07621517750276,Shavasana,frame_0011.jpg
164.10359999030203,179.72999755179006,169.12819498030066,172.19768623807303,179.21239392866556,176.6334456997308,116.29954248779319,66.27670688536344,Shavasana,frame_0012.jpg
168.7569508407779,176.5595043813528,172.04946544874895,171.52591071394593,180.11886033605066,180.5854718802817,117.44928516066017,62.02366790388669,Shavasana,frame_0013.jpg
164.20780997548894,184.1573475480515,175.74995227020898,175.43411831541582,177.24578116374323,179.15103763497657,109.6904940273964,69.15492026867959,Shavasana,frame_0014.jpg
155.68771600698142,164.75113053909394,179.01360641881004,173.0493990063844,182.0959250439736,173.13866557654296,83.57460771733561,98.68484736055022,Tadasana,frame_0000.jpg
151.38276259269867,166.62393105313788,175.61395604525467,172.88142237000753,178.95711726394472,167.2819256681061,84.81201815205574,95.68370901305912,Tadasana,frame_0001.jpg
156.52795652523346,167.37841786394682,179.09083609193394,171.83958107872203,177.77785629354125,168.63281476274813,84.80214758768561,96.8023672331017,Tadasana,frame_0002.jpg
158.59737576420807,162.2243151247304,177.28134721186487,171.80289757330206,175.8237338825478,167.29980753501596,84.46427808571264,95.87580895536445,Tadasana,frame_0003.jpg
152.33410109000556,160.20452682959933,177.8592024692898,167.45034644893082,175.94639545955658,169.9918952138641,84.69523581008382,99.66619688679832,Tadasana,frame_0004.jpg
152.66461042169732,166.5118074229126,176.69086562791227,167.68997854097861,176.73350327313634,172.24994842428242,85.02829572145295,95.35832698273128,Tadasana,frame_0005.jpg
152.10444749543512,164.18797558605053,177.6633567217052,172.93558711312525,182.15551431809644,166.74212201842636,86.87982173071649,92.3488800833217,Tadasana,frame_0006.jpg
154.38896205063304,164.80204364678082,179.50465112493887,171.67920458572095,183.78351511925717,170.12687989599456,80.62102419162419,99.021772998657,Tadasana,frame_0007.jpg
150.5440513226402,165.15924726903523,179.06569114483642,169.56600275626056,178.24495720894345,171.7085368955154,88.77515382119074,93.65064031925435,Tadasana,frame_0008.jpg
153.66254892902128,165.57925686912841,174.88320457539254,168.902896091811,177.0863965361398,168.6702611395743,87.46563850727455,96.05952946260112,Tadasana,frame_0009.jpg
154.01541038304552,168.59070694379122,177.0475862906282,169.77081711361947,178.5036657097901,174.00761786958896,85.78790292999352,94.1193193515453,Tadasana,frame_0010.jpg
152.06978970414318,167.04360610603817,181.7836957870749,173.6862646792954,177.89742019067234,172.3260824472886,84.03112182788944,94.89957304094456,Tadasana,frame_0011.jpg
146.66235040813766,168.514185053969,175.44106051807785,169.01778120522542,176.95276136202787,173.61925510583058,88.50432449696422,95.52898604810167,Tadasana,frame_0012.jpg
151.39326054005377,163.6422550890596,179.6108313735942,171.77538659519763,177.2710226519756,168.1057062436858,82.23862184899302,96.94349750270743,Tadasana,frame_0013.jpg
149.64526266769388,166.46479804788305,177.9564881514217,169.92722128491914,176.60233744078863,170.8648385784673,79.91048106064389,96.06985817228714,Tadasana,frame_0014.jpg
174.42023284372155,159.51020016781044,165.6914299490471,181.29693525828156,167.9968284581996,73.49962385989564,84.02394070342693,130.0455527367287,Trikonasana,frame_0000.jpg
172.84055406750986,158.4505699580495,165.21390514855193,177.0554190893855,168.01332165289293,76.01818230292676,87.09138163577721,127.58078212658452,Trikonasana,frame_0001.jpg
170.0089279529618,161.12472583979195,168.38224287824144,175.27235441771015,165.83301041680895,76.70948600515996,84.93234793621163,128.23868542661387,Trikonasana,frame_0002.jpg
175.2526901419834,161.12756884962587,164.40578347268763,183.95907119711157,168.56110242447775,74.17037501205454,82.7149146462647,129.7665521620699,Trikonasana,frame_0003.jpg
177.21622044125286,159.39517390549514,164.90031857402747,182.59478061002375,163.3363287715531,72.07963117464827,85.78632404758453,127.07993924188723,Trikonasana,frame_0004.jpg
172.39028010817444,166.5118913322659,167.19512733673093,179.90298746529874,164.4899241528351,69.50631736722146,86.99577693591758,123.95404404421379,Trikonasana,frame_0005.jpg
177.6343630149027,158.45857467732668,163.29850896851337,181.39114240045188,164.19188736055807,72.8263603281117,82.83335699116955,127.48089854732879,Trikonasana,frame_0006.jpg
177.22585896685464,163.9580307294616,164.94520212422515,179.53522481002472,161.72516046719,72.28405829096245,80.39764274371467,130.93175459886075,Trikonasana,frame_0007.jpg
178.00896919330282,161.7718753753426,167.82586802294634,175.72791340984338,163.91732917320994,71.91432722647838,81.54309984835197,129.70444598191133,Trikonasana,frame_0008.jpg
180.46121960338388,162.08044559482195,164.31788472946963,179.96143217355706,161.68110876090645,69.38389100251288,84.46862363729647,127.83838175308888,Trikonasana,frame_0009.jpg
173.89181847891467,160.04473912770325,169.90149475468962,177.41970405958713,161.68005677504485,71.53457994912955,87.19098819623045,127.8188257089442,Trikonasana,frame_0010.jpg
176.17833548125247,160.8956853070979,165.9680919691309,177.3217288865256,164.60380768025797,68.81971054685106,79.62580289509339,124.3220912142487,Trikonasana,frame_0011.jpg
177.34474185028557,159.88720488997464,167.80458917064604,178.4442700900923,158.98221118913128,72.41891959417265,77.28306568325644,127.4216248845616,Trikonasana,frame_0012.jpg
175.7966183878142,165.9478547046531,165.97189993037637,179.440560139202,157.02200624465567,71.12930039073328,80.73029487028981,130.6479036374411,Trikonasana,frame_0013.jpg
173.62891492556105,163.24413318765767,166.9818532051958,179.79177507023664,158.800853081161,73.33391763618567,84.22306276259951,131.79482732942628,Trikonasana,frame_0014.jpg
55.79385460900409,53.97726026847679,166.0486588688245,122.20641189801754,176.82309565349902,139.0780778653609,89.40487362394597,100.9580057879397,Vrikshasana,frame_0000.jpg
57.0120395428347,53.39188094081173,161.04798073094702,110.27206646300351,176.81120379068707,129.82384520046048,87.66253514316013,100.04626506701933,Vrikshasana,frame_0001.jpg
56.79237211215741,43.327196830087395,158.65440191959547,93.84621976436098,176.5073045490791,130.8425844307843,83.66538748919882,101.57822345739392,Vrikshasana,frame_0002.jpg
50.06672984619003,44.341202405799535,158.07125172255192,87.11153016928618,178.66698051299207,125.98091362161249,86.46697117594312,104.02745312171862,Vrikshasana,frame_0003.jpg
48.414507370913014,58.33873045270947,157.0188262722004,103.12961763582528,178.2209463978712,133.38584825126318,88.67425312727894,103.77878043684919,Vrikshasana,frame_0004.jpg
48.74785802264331,45.969053401245525,159.64435836874594,97.88222885150037,180.77695994785122,130.39807581150265,84.36042985279602,105.30556925507045,Vrikshasana,frame_0005.jpg
48.260416878979115,56.36736940861733,164.38821243797284,119.92912177959766,177.06089955781206,138.9770216923827,87.36213361618614,99.07403052277293,Vrikshasana,frame_0006.jpg
48.86136322427681,57.075784205377275,167.11414002497034,122.19206710911072,174.89111455524292,137.28890703003316,88.40457940759045,93.21940985008267,Vrikshasana,frame_0007.jpg
48.51036857404567,53.46823977831642,171.4612888789658,128.19797615243232,171.42093448340432,144.39740093601455,90.33588040661569,98.92265559652441,Vrikshasana,frame_0008.jpg
52.72695831221235,51.69269155218942,168.04044914494898,123.1024020553562,174.74348272269566,142.06078833300015,91.36411753367393,97.36938045733726,Vrikshasana,frame_0009.jpg
52.74590048227028,50.04436726198277,165.91093057021737,118.64104963952471,174.38252209594606,142.27388347869245,91.37841839318652,98.83893953008217,Vrikshasana,frame_0010.jpg
52.75351705691411,48.918552323318494,168.09148644174883,121.03708875583949,174.88400496939627,144.04729397489206,88.19685016595892,100.0800323776326,Vrikshasana,frame_0011.jpg
50.48747266213434,53.372070352466494,167.5334513430303,123.39652847531845,175.61822769930805,140.93694327332526,89.70891641867463,101.53979038208075,Vrikshasana,frame_0012.jpg
50.64678950046003,50.66651206431464,165.41087559771927,125.6503598174905,175.87188436370633,141.70027685241737,89.61742205379177,100.38761257517686,Vrikshasana,frame_0013.jpg
52.43089977281587,50.02167128997934,164.8038188306682,120.61350133617029,175.9841021759466,132.27301106706676,88.19225409291955,98.60408058588972,Vrikshasana,frame_0014.jpg
104.33905899059603,103.89412090889012,153.45842555734407,151.8230858050472,165.93724085397676,158.69457641930282,133.11164997959304,57.51049320119557,Bhujangasana,frame_0000.jpg
84.53181265720926,56.9446958354453,169.83059016190487,174.75627643674798,170.9952968250285,169.23920436324374,124.98761303962237,50.443080030947726,Bhujangasana,frame_0001.jpg
168.55265250631444,169.4546566416162,172.89723101254614,170.23254559622578,177.86774406188272,164.87246783230577,-1.8741833128825638,146.3012052676882,Bhujangasana,frame_0002.jpg
69.96276178612561,54.67933548303369,179.65429037179607,176.70164144123078,180.90536341613796,178.38923392746082,91.9859937624837,88.52903035118892,Bhujangasana,frame_0004.jpg
148.9616674291966,81.92960405195176,167.50219368297275,167.88027135348855,169.57294410628154,169.971775712727,128.76798509948372,58.85799621828696,Bhujangasana,frame_0005.jpg
145.3772023168553,74.19885818715218,166.7760721053328,165.5586981423844,165.51690769675548,167.3535447661793,127.68113854617313,62.905197211045156,Bhujangasana,frame_0006.jpg
133.54686548780953,107.38570769224772,161.21875640592924,156.0600976501128,169.0218072286873,170.2890124502372,124.86974567546076,71.78802254902592,Bhujangasana,frame_0007.jpg
125.27729316585273,127.6170305621781,158.6098029851422,148.65734650715862,177.53477223004182,175.45856502959774,16.5061933651366,126.25363329871948,Bhujangasana,frame_0008.jpg
155.8980010753763,141.72317304277672,160.25193886671738,150.78171288401722,162.57823265250354,164.89736913551835,129.25019037517308,82.61443143131265,Bhujangasana,frame_0009.jpg
178.51206178087486,162.003390928307,152.58714541022692,151.0391437354866,152.89114625792575,159.58902164691438,138.63001397064963,88.43547198536127,Bhujangasana,frame_0010.jpg
176.75813832305732,167.48575535709864,159.50694571273058,148.16615878096854,152.66087021485598,162.9398097395651,136.6429695799484,85.49804576434393,Bhujangasana,frame_0011.jpg
173.85290213424273,164.34552962166742,157.95630006298882,148.67139649902424,151.85766897530473,163.27238774820006,146.5358643936345,97.6107269198379,Bhujangasana,frame_0012.jpg
171.13844457171405,159.2362440179929,159.0466783441921,152.81599515034972,145.5203506082375,157.70073771657636,143.3166670835357,96.80482043257511,Bhujangasana,frame_0013.jpg
175.12957137195468,154.70514681313298,171.10751710008233,159.40246420322993,138.48191734291234,157.02970403246167,62.94704774528768,144.65949856086132,Bhujangasana,frame_0014.jpg
154.9395630770626,71.00687588140448,50.78515697826929,58.24660034602501,108.86335798189315,120.83518788684339,77.20889049347423,94.95841337927914,Padmasana,frame_0000.jpg
103.26930616925169,59.849824324033676,17.853383246497724,36.34704600666632,63.860137387334774,84.1873543052898,76.8716476118683,98.24935229427565,Padmasana,frame_0001.jpg
81.62185739561632,76.59930244113939,42.733928278237336,75.73328414997074,99.40080473456311,136.13981260485662,79.01237620812086,100.3048227564974,Padmasana,frame_0002.jpg
137.68090676142543,105.8430210082527,56.1256066497768,98.26248653771303,106.22950668781601,145.64206785522725,75.66823744498366,97.80330274176981,Padmasana,frame_0003.jpg
139.42579012947385,86.56416476732628,57.375361536095284,75.18168126511482,99.53679454636033,117.60469060529097,77.41840363976655,100.62142116509716,Padmasana,frame_0004.jpg
120.63976071886923,100.28916388413091,57.65189291325795,114.19345961041141,91.97997751621445,160.4964375815943,83.32021203570724,98.70014026504626,Padmasana,frame_0005.jpg
145.03486615991037,164.32597915978428,62.93701535441923,77.18418685547405,98.49691633093862,127.43791480531395,81.06202176854755,96.74671565300369,Padmasana,frame_0006.jpg
132.73865611288252,158.2346185386976,68.29512585876212,98.60202622920701,108.55381313833341,158.8098111198982,81.41565401494974,96.52860294181369,Padmasana,frame_0007.jpg
108.6606047249658,134.15539253862914,127.43690092254602,158.42696328216917,140.69522778216367,123.20736349822542,84.08533442818859,101.17716728083639,Padmasana,frame_0008.jpg
87.9205795965397,107.75960268257892,104.27026915315102,165.78522942733036,134.09337522843552,136.77556632388396,82.80636339451924,97.50789806784275,Padmasana,frame_0009.jpg
98.46505833621227,149.7307185055669,92.04384735486914,160.57615136852013,128.10352824805514,134.80826807152042,86.3851254467942,96.80928817464172,Padmasana,frame_0010.jpg
97.58322739604574,181.72085567935252,47.78628135546712,171.66599937694843,98.032844842716,108.09478739037081,87.13461364810316,97.75512718500454,Padmasana,frame_0011.jpg
120.96470262907627,120.88701261872524,56.66419981237309,137.95669107862565,128.83753703241607,133.12921500621923,84.53849122294977,102.44690314314445,Padmasana,frame_0012.jpg
168.87089821684,80.07282009844127,64.35579070858074,129.0083481477371,121.48268146275127,150.63704716840104,81.0389063501874,95.13055554421547,Padmasana,frame_0013.jpg
169.2299424768555,177.7420296887494,160.588397842107,99.44854050969313,130.53215457255357,129.5826217612859,80.36953993357699,98.76133258724629,Padmasana,frame_0014.jpg
149.94771561337652,171.25318749395436,160.19222891777602,168.0950425774303,182.0256142272778,165.6270047290461,157.62570428353027,49.84823078804624,Shavasana,frame_0000.jpg
149.93999042619097,175.4141224171476,166.04488646679434,176.11192293666502,180.81076374419106,165.6354139667605,162.1088328302787,47.669473241183816,Shavasana,frame_0001.jpg
155.01931762716828,173.4025361027435,170.40275038780953,177.1437095109014,180.64608036787808,164.54184802025696,160.18457016088897,50.00203802500179,Shavasana,frame_0002.jpg
154.98286200334286,167.86797917675398,171.8377760862538,173.48315557646464,174.1109219352389,168.00598329000434,158.5792943790597,47.66008597512301,Shavasana,frame_0003.jpg
152.37033790961934,174.46895930189714,163.8794066490767,170.90439564476492,180.79121165015468,167.4978848311855,164.4102912483955,42.86541724775863,Shavasana,frame_0004.jpg
156.79080188160776,171.2403342298417,173.41506986220315,175.55263001339716,175.4426164340136,165.61765907946105,156.09359865015168,45.527163843346486,Shavasana,frame_0005.jpg
149.83703760791136,172.03682407159192,171.6252290381589,170.70305543631824,181.33445705422048,168.32567135646286,157.66308444621458,50.89235610751332,Shavasana,frame_0006.jpg
153.90026306318,169.32731731165524,171.46546274720467,173.13653409732916,180.84876405892842,171.42350482324773,155.8053910752369,48.01839158800661,Shavasana,frame_0007.jpg
155.81903576630765,176.48827448121222,169.8612723971947,174.23258371499807,178.13317660147365,168.08461948246932,161.90595971316804,42.12935946366963,Shavasana,frame_0008.jpg
151.95074999529183,170.04804633231103,173.28478174335675,170.76925023626208,179.22305220228952,170.19768697357463,155.55275297075562,50.703904006753454,Shavasana,frame_0009.jpg
150.90221358333238,168.38663573366898,171.22728684708406,171.41955441704536,176.28483543419472,165.2402422526937,156.37460379550262,49.522032338291346,Shavasana,frame_0010.jpg
148.04065304927838,169.4926736952668,166.96983637734795,170.4751315500296,176.08409173695156,167.64295955835811,152.9203647584604,53.007928321183186,Shavasana,frame_0011.jpg
153.1417981484772,174.11474352231238,165.73602363677267,171.62275924156458,178.94503710941277,169.890850601656,158.8108643150723,51.459346964249214,Shavasana,frame_0012.jpg
156.19401974159047,176.81026130924954,166.3876272954647,169.95131075211424,179.23922495539264,169.49361253502863,160.02497926634166,52.705089843452534,Shavasana,frame_0013.jpg
152.0070695725304,171.10682552134529,168.51669557444055,171.452571276265,181.1399127078277,169.26498567201833,155.82682119488953,55.43066379482153,Shavasana,frame_0014.jpg
151.2858767954126,152.57968520409366,174.76312893696226,170.18395362272713,177.53230688710295,172.52420817828587,79.83551525346347,98.02083051350662,Tadasana,frame_0000.jpg
146.5990245255022,141.5074287740922,184.5997723033951,170.08540006593543,175.430462904398,169.67982322807308,80.98069347087228,93.78418456805305,Tadasana,frame_0001.jpg
148.08849145909838,143.57434768253282,179.8442098933972,171.38600894577962,179.3188962238831,166.7920967188603,81.47760755642118,95.85042469307064,Tadasana,frame_0002.jpg
145.2436287714177,150.7308797660217,175.6680014826108,172.17837152199195,172.91412537584964,167.8150834291819,81.86880237525973,94.4791005569983,Tadasana,frame_0003.jpg
147.08672823197517,144.3519358829558,176.81779452072058,169.64667441408312,175.47075751782697,168.00054529095476,86.84060651620226,98.10433200690143,Tadasana,frame_0004.jpg
150.16015263217233,146.81076587822812,175.99458662187675,170.44680326884864,176.13123160671125,166.17300177321516,83.91838215606053,96.20248184960383,Tadasana,frame_0005.jpg
144.88465411208418,136.59079296695998,179.98841464510153,171.3184207288262,176.0961332949681,167.372144047461,79.03278849181376,99.30211039447335,Tadasana,frame_0006.jpg
148.20130281203993,139.79921682031852,178.61933163243432,174.6991002281909,174.73163959806445,166.0102622554634,77.87766051298266,95.52246327060327,Tadasana,frame_0007.jpg
150.86852263545444,142.97479194077908,177.37238315405736,170.85713876005954,177.5468630825971,171.3628016411165,80.55710407076319,93.14073199838587,Tadasana,frame_0008.jpg
156.25407043706522,154.08650575384797,180.92860445292317,170.1136725152639,180.88100962358487,168.17399675051553,78.73858570849005,99.18313786351581,Tadasana,frame_0009.jpg
152.69220783273337,161.17400384877067,177.267825876816,173.49864241237884,181.7360094046702,169.58791942239918,79.59666773388365,97.20695939985022,Tadasana,frame_0010.jpg
150.18004243465597,159.70727692722664,179.22050200149891,176.66361701200663,179.65850174613774,170.91313018645792,77.94102446138986,94.73164562925429,Tadasana,frame_0011.jpg
158.33140913521976,152.43980938684913,180.32691289159627,171.76191288879699,179.018478785195,166.4079286092357,79.4408700578406,98.15863024824804,Tadasana,frame_0012.jpg
151.322942711175,153.84576609017918,177.1963050318648,173.59943963996628,180.7076235538152,163.97859684083565,80.10508392339966,100.14917503742736,Tadasana,frame_0013.jpg
156.95091290704673,155.87093932759004,177.26157065940092,171.17987372542925,176.46957208674755,167.67753223264054,80.5867007855959,96.5984875079956,Tadasana,frame_0014.jpg
163.11594013447285,171.56861640748167,178.12335180656117,171.73975643332176,174.21133565790106,163.67121000023593,86.42076539465445,101.934268629892,Trikonasana,frame_0000.jpg
162.4494515469331,176.46564626285723,178.04822947597182,156.56026964317687,174.6202861342376,159.2926384320162,86.84500276913685,98.8201467349223,Trikonasana,frame_0001.jpg
169.61495063605608,177.57876639971664,179.081920111345,164.51792938245234,176.10508805644855,165.58557687845078,86.29827842462342,97.120046017173,Trikonasana,frame_0002.jpg
156.8511504348807,174.17378316861493,173.5541557376856,172.32282648771871,174.37768524900562,163.72185861593528,88.52375825430303,90.40578764518675,Trikonasana,frame_0003.jpg
167.5429826861679,177.7568071868472,174.64889534470416,176.83206590356258,179.3361457391664,155.60402910520597,86.90804085148262,96.45255977275659,Trikonasana,frame_0004.jpg
154.5831535055759,177.72791712191085,179.0237355264577,172.8762613557495,176.03588212902318,142.7356562843181,88.24907418737772,106.9907837231311,Trikonasana,frame_0005.jpg
173.31335108295931,163.99400965900986,175.19694304617713,179.29344242561208,170.15973991425977,124.31733544035866,89.9044817318049,105.30260288463109,Trikonasana,frame_0006.jpg
179.68111469798893,172.4251794755871,179.00838928756255,173.15775290040648,158.2455806496695,109.29172275824502,92.34980178898049,105.13630382530573,Trikonasana,frame_0007.jpg
172.4974669971856,181.95136834856498,172.2351796326669,178.2093824427951,149.3292294759847,93.85962109688495,87.82939759505217,120.99227446458029,Trikonasana,frame_0008.jpg
158.91519510843378,175.7295038770973,181.99518660143693,173.46803433888917,143.41885160714708,119.07639766307547,38.39841671756394,164.81477577777414,Trikonasana,frame_0009.jpg
167.87703073313526,165.37579676724525,175.4100432796236,180.55937073257695,148.8394447959882,88.16005919789487,76.71848791413917,128.52540200423604,Trikonasana,frame_0010.jpg
180.44435995893346,159.89583449581033,175.83513644369035,167.88342207656171,151.69794470654716,74.9001599789979,87.69781720800104,121.26191625754461,Trikonasana,frame_0011.jpg
167.2390287586506,156.83729398945172,172.07142925874544,172.03209181364582,145.15021348815364,75.04665057590132,84.20105447614117,122.2770097307968,Trikonasana,frame_0012.jpg
176.45520667885293,146.28110331115383,168.2186405582897,173.13509309097418,146.1888151947692,70.82229480808056,73.31397996102926,129.89121662331704,Trikonasana,frame_0013.jpg
174.1476119139905,149.0671445070252,169.40198292005348,174.27822399250346,143.54527548521568,70.46390227164014,77.960302579924,130.53070522069655,Trikonasana,frame_0014.jpg
155.63414905055123,156.29639043186026,141.08398428824393,169.85515296995723,163.93999687572585,173.8501731514826,84.93988673863048,93.59846334563525,Vrikshasana,frame_0000.jpg
138.43499104985614,133.7751216167048,159.49427320646316,173.01761881625663,175.40408129340082,170.52514929688618,79.38039348864707,92.87998858854544,Vrikshasana,frame_0001.jpg
89.37892664328893,58.943554888962055,71.74265491589452,149.22079929137135,131.82351512159158,175.01030232175037,78.34160830861367,94.2912682538268,Vrikshasana,frame_0002.jpg
63.34584250910203,42.24676882076855,70.45304348960494,147.29465837993172,132.85071977630741,175.68315003425357,76.87835816177808,94.6444763562614,Vrikshasana,frame_0003.jpg
53.59697928802885,39.44741187894252,69.89678157778765,143.339281940406,133.83543954392474,171.24741655311092,81.44675597546139,92.80863152816494,Vrikshasana,frame_0004.jpg
55.658926802404814,43.61638017186689,73.70348052276044,143.82013656659825,129.58795711490706,172.7800745720918,79.77603115199635,92.2005314633729,Vrikshasana,frame_0005.jpg
56.174265286522974,41.929969736112994,72.05298922320439,147.1916678082434,132.83052208533786,175.0774206415253,78.34638106426776,93.58133342213759,Vrikshasana,frame_0006.jpg
54.445852217659166,40.97949885902351,73.67047136428195,149.4043370006599,134.97365982903912,176.4093751350979,77.53301744213869,90.54588501556506,Vrikshasana,frame_0007.jpg
58.210124013022885,40.948767870865716,70.60391759596321,144.59516336813974,131.07832881869598,169.18436997489133,77.11444493791679,94.56596254994808,Vrikshasana,frame_0008.jpg
60.05196532518109,38.74320458971572,69.89716830051819,144.8482000425853,130.94769489283195,175.848255323052,78.19387019192858,91.74214488618917,Vrikshasana,frame_0009.jpg
60.68515619627595,44.72227232965009,72.47260591670823,142.79624510254826,128.02317229263804,171.68602103240218,77.29991184300393,92.10220745464505,Vrikshasana,frame_0010.jpg
62.05328065637993,43.12021691670922,71.384226227772,145.60464470332616,128.84947999372838,174.47735458178312,77.58981250747404,91.40551514280169,Vrikshasana,frame_0011.jpg
64.13506071327052,41.65778592443781,68.3094969426621,144.03528156903295,122.51806064695974,174.47404166535193,82.91374414901311,89.51652723585775,Vrikshasana,frame_0012.jpg
65.87716575145498,43.23516517829717,70.4553954408855,145.42160070352483,133.70335626661506,168.83901317915922,79.25377641574012,93.03110731284511,Vrikshasana,frame_0013.jpg
60.61784517566606,48.002847695040714,68.46868332127437,146.7116977153039,127.9711458824214,175.20786451882884,79.88309072873508,93.04304075384368,Vrikshasana,frame_0014.jpg
132.25237109578745,71.79921551921308,161.4131117190185,156.12816869879492,167.86187809216543,165.90727943793317,124.80981044126156,63.14274909069328,Bhujangasana,frame_0000.jpg
155.66354152043957,45.35322633040389,163.9410460101747,165.9806764836923,169.61383902354737,170.91268550328078,125.72973819469797,56.57053919358727,Bhujangasana,frame_0001.jpg
64.49973967438412,36.0469841140871,170.51172812725443,176.74489114150285,176.37679951831717,172.31863874367602,143.48629408109082,50.341582651627974,Bhujangasana,frame_0002.jpg
25.807896094581448,51.09248461660095,177.06636164096057,174.0720992787978,171.1527126359662,164.15194966443465,138.6414102507236,48.15664144972934,Bhujangasana,frame_0003.jpg
92.58412487700092,43.498737300796975,178.82874055038627,172.72380951273945,174.331410936113,170.363051747964,143.75822945328395,45.055718086996826,Bhujangasana,frame_0004.jpg
3.639649729246644,39.945930507282455,169.77295107094935,172.35832980639532,169.6433600128822,161.9486706093108,132.89832313652994,52.188706817688846,Bhujangasana,frame_0005.jpg
68.56729799215937,38.70417132628962,177.89297955749873,174.6905753813475,180.79206476978794,170.96971905993587,145.1771786168279,41.67110074236393,Bhujangasana,frame_0006.jpg
56.028272936191854,43.9332904569187,171.1756028462026,172.66667579701334,177.4655344886891,170.87518966303065,140.47478832684573,45.243886197976245,Bhujangasana,frame_0007.jpg
37.0817987888966,40.2504646697808,175.4726714306252,173.70404943072,175.3283582332172,169.88100768376694,138.8256594274262,46.538364959021465,Bhujangasana,frame_0008.jpg
21.41500376294108,48.156414213085014,168.7729547945767,166.136416998563,170.3393834739353,162.9017045846107,146.02690099317016,42.31324766496594,Bhujangasana,frame_0009.jpg
40.34153968231825,43.73206581229934,182.5147065778415,177.36016838622737,175.7982258503871,170.09781013679094,138.54457653077347,45.258029657708335,Bhujangasana,frame_0010.jpg
69.18635410417382,39.39860016296724,180.05502597978156,177.1942850237443,178.8978891389888,173.5480779423507,148.08868407358747,39.68926749427533,Bhujangasana,frame_0011.jpg
8.329537255062471,38.438092098022594,176.18338977098986,177.9840449528125,177.57565653056463,175.71392201097245,133.7295422119897,56.78676277447858,Bhujangasana,frame_0012.jpg
16.93334969342991,34.41088485612774,176.3006757117403,173.51462800163978,176.52994655094375,169.57026069699637,58.710305442802586,109.30491455456895,Bhujangasana,frame_0013.jpg
25.697193615290637,47.288144736564476,171.56096988756934,173.09149886821348,175.29942717881147,176.82490257460537,72.95113797512204,107.05609122866282,Bhujangasana,frame_0014.jpg
144.78901430771214,178.54510518222565,158.4170500945409,170.93908813854057,152.92715224224406,118.6031932925221,76.84871973051192,101.86876639073522,Padmasana,frame_0000.jpg
132.23790936230208,171.6567255483841,171.83683393077325,145.93565102011308,158.08028307027956,115.13831254666022,78.79230898953341,104.9845022774436,Padmasana,frame_0001.jpg
128.73278552214882,165.17968923524944,155.99225030786815,153.09283400443948,123.50354704923103,102.08890973356561,80.83123662512517,104.79092710794322,Padmasana,frame_0002.jpg
114.81174938959097,172.71818406976422,148.1711597284327,127.18893867790845,116.28856959825556,91.68689313053423,80.01624913320349,102.20564041648967,Padmasana,frame_0003.jpg
103.43907101371406,156.81042439550342,174.5212942404616,140.64298319237017,121.57398079516729,101.80192128814276,81.93180649436361,104.11457005501781,Padmasana,frame_0004.jpg
105.65746459703993,175.13845601741332,143.91169334118425,100.19128506826755,128.31479391650234,106.21873285502942,78.67853186438408,99.69721452763146,Padmasana,frame_0005.jpg
100.98538054706238,111.46903136160738,166.50341626503842,126.22919631660743,128.60558563030617,100.28316563184995,77.8900272834462,100.98870563072374,Padmasana,frame_0006.jpg
172.5362122582681,179.30173104638456,137.96145936668285,169.56135077793544,179.01214461851555,143.44277107260203,84.04307353530656,98.24514973174064,Padmasana,frame_0007.jpg
162.13430684856186,177.4071858897355,180.25408357451178,149.193951342579,174.99454247373805,122.43275886348752,88.7301129149925,95.52880801198218,Padmasana,frame_0008.jpg
152.8494025247471,169.94367293181216,166.01128889955058,121.89829690517978,146.43276396329676,119.85394932449177,78.09166182252548,102.83600618772557,Padmasana,frame_0009.jpg
166.95165357255257,167.5694833785149,103.51603719264675,115.90416848825234,149.7938972033015,173.10185627465884,83.68266392293984,94.44714183383711,Padmasana,frame_0010.jpg
154.23972971174183,168.26779915380132,124.68123743307851,111.54570141724993,135.636544723517,114.37547297698485,81.2227105823621,100.6311028130139,Padmasana,frame_0011.jpg
167.87869018797406,160.95500885671024,121.91679623433282,101.5733001630442,126.64037901911924,111.93626231281073,79.22105211551556,98.47446557142264,Padmasana,frame_0012.jpg
162.61549713959747,165.11341495079324,117.50205993464408,70.03787708162648,134.064616845535,116.86047872056803,81.4061660341517,99.7621187202103,Padmasana,frame_0013.jpg
169.58923184665932,168.7096620459266,126.16719688645213,121.75112956989736,132.86038175945347,118.52225903657936,80.94530601543626,96.59647029494835,Padmasana,frame_0014.jpg
125.84080660175472,167.0588432788504,171.2887918330738,179.348722446094,116.17888286688184,128.38706623205917,43.41374363352491,131.92329930842888,Shavasana,frame_0000.jpg
126.40935449706828,165.5992250012799,174.32574107497354,179.18742464283477,113.76984152588643,123.34791414437798,46.30388535892826,135.22099019048682,Shavasana,frame_0001.jpg
159.2167550876209,179.52233047627837,163.667707193775,172.100347136023,127.13606187948565,134.38138080097846,74.49458613933429,115.47030650304681,Shavasana,frame_0002.jpg
178.939827178347,179.987191965952,169.20663209020563,177.28623844823258,143.46298242395045,152.70326621463886,44.981387821312346,115.78268455504904,Shavasana,frame_0003.jpg
12.921063859933794,15.29149134043637,177.54110101179617,178.07179318711968,177.5279110899213,176.31062891860796,97.16855964377493,87.99968817039482,Shavasana,frame_0004.jpg
175.54168167739945,157.3517759598336,163.5559616764553,162.37258778920344,173.40457341252792,169.49412632344234,104.66549287014097,79.44363949154929,Shavasana,frame_0005.jpg
173.4810183547967,153.90556826231466,170.45043175990818,169.19056756650684,172.3747968145784,164.99663438752083,98.09653103137076,78.89126990126827,Shavasana,frame_0006.jpg
178.65810531010752,163.5535520501224,159.77112318002355,156.17751908161515,173.6154973034164,168.67132560072386,108.24177562642542,68.4438272499224,Shavasana,frame_0007.jpg
174.83669986670247,162.8453410724918,164.95647125509305,162.95915129606036,173.99535348456038,164.80930993175065,98.37170119035012,77.27750385696537,Shavasana,frame_0008.jpg
177.96708862689712,149.1935503008719,175.1243823222888,176.92275929024387,169.37830965037384,179.60286136089803,93.55080195727945,82.75925059630178,Shavasana,frame_0009.jpg
179.91804308663276,150.73425065580977,172.54054275661417,175.68448816149026,171.95734202355672,175.66094533439852,93.89915666659554,80.31397441626719,Shavasana,frame_0010.jpg
177.0859290131231,141.5225033521991,170.7778988510493,170.63693519267514,169.6541566203549,173.86080151156972,98.2994698053284,75.73080950399309,Shavasana,frame_0011.jpg
180.89453422498661,147.39076041148064,159.06027772715078,158.73864253507938,162.86748713368766,156.99689373021556,119.53994151516885,64.73330102688116,Shavasana,frame_0012.jpg
174.32639184109786,131.71107315151116,179.7803497281164,182.28132429178706,178.6537063482367,174.69862182783763,112.4300734155983,65.27817480091576,Shavasana,frame_0013.jpg
179.01906343021486,129.2500170650416,170.00392025421726,172.09381081760498,175.28653700825961,169.82641314198938,116.32686608495463,64.82197680304144,Shavasana,frame_0014.jpg
55.664092510470404,65.29878372954197,177.7583940893119,175.15750385397735,177.60636024703572,174.37706253774513,86.50557083840435,93.98719001936713,Tadasana,frame_0000.jpg
61.2522953728322,73.73994668774877,177.16152223879422,174.50593558492267,172.67628168749252,178.86553555169502,86.95671540075315,93.75693200793219,Tadasana,frame_0001.jpg
63.97495569833518,78.93576254506017,176.81068837006148,176.35395046566936,174.16462623082342,175.63119068232427,82.06113399513555,97.13537181443601,Tadasana,frame_0002.jpg
53.057286019862254,82.32007655564746,175.7053190839807,176.66250121867822,181.0023393248894,174.73363973634432,83.7658061486745,95.4379939615438,Tadasana,frame_0003.jpg
117.40082341462015,107.89121931484156,177.80016535657055,176.92292662021356,179.17625426766762,174.33291452666558,87.19602290913589,95.3902347622007,Tadasana,frame_0004.jpg
137.06423617219488,149.29765240946844,180.2644551228941,174.47339408818,174.88421512855652,178.61550902644424,87.68861596198629,94.22161695660716,Tadasana,frame_0005.jpg
143.86252474863625,130.05042460331663,174.53168494478606,176.5743780919626,175.23494080951102,176.6802342620598,85.12916018877706,95.29750995065483,Tadasana,frame_0006.jpg
145.94731440457412,144.67030684841438,181.82846349284497,176.80676375871502,180.4430242154957,175.64028750808438,79.03051651535834,96.60962380453941,Tadasana,frame_0007.jpg
142.93333120863497,151.3820145220659,177.82224724632576,175.17477199063586,179.9865904797864,178.9238943297151,86.19085380249513,91.82026238486583,Tadasana,frame_0008.jpg
156.38894952718528,149.8281999149384,179.63479311642635,173.13800044097547,179.60628965473796,176.05962986587542,81.06894675350077,93.96357267016612,Tadasana,frame_0009.jpg
153.47853239385725,159.77779607565103,179.804217735218,174.74621858220846,178.58038347901152,179.63864612414795,81.09805410864277,94.02096257198217,Tadasana,frame_0010.jpg
152.96241157155973,157.19553008213916,178.93461842211923,175.928171792364,177.5385766190063,178.6323448578537,81.48559083219145,93.59262041799465,Tadasana,frame_0011.jpg
154.44802343543452,155.86741728968653,179.47278142443366,173.51272560985223,178.38382136710527,177.31418697647712,82.94063489102697,95.43398834161485,Tadasana,frame_0012.jpg
156.8878461495286,155.6744332194935,180.15357220873122,177.67829209894447,179.98064690599767,175.05303254905738,82.40587662064158,95.73734310934155,Tadasana,frame_0013.jpg
153.4726607361669,149.2615609906206,181.59951151692638,173.23764975233559,179.20922847359464,175.93307904335296,76.99980260519405,95.66918646652445,Tadasana,frame_0014.jpg
105.03925536455293,103.9608858837793,180.00172488621087,179.47099364900924,170.9397977684097,176.4151254033224,87.72203478964255,94.84473162861714,Trikonasana,frame_0000.jpg
99.28838823463971,97.04946015636413,182.64418738002016,176.82876332140216,172.61123887428258,183.99426106765162,86.41011920507772,93.94068203852025,Trikonasana,frame_0001.jpg
139.20659402830935,134.65023772498876,177.12822184890015,182.46349200118183,170.69656859568815,177.5332626749666,83.85428759037117,95.52491637999648,Trikonasana,frame_0002.jpg
167.65314302092196,159.8572444679161,180.38866076266282,176.49297243380403,176.2214953339944,174.3111647706032,82.00742622549423,95.48694801551432,Trikonasana,frame_0003.jpg
177.3677806487449,160.8846941490629,181.510072229282,178.80503816865206,171.2316860367549,166.9456859134,85.84387005211588,94.11016919842753,Trikonasana,frame_0004.jpg
165.4245601614319,160.02607427284616,178.32224297805584,174.65452754557452,169.90722476699915,173.17713745445215,83.95480934407176,92.66584197570934,Trikonasana,frame_0005.jpg
173.70524090988994,166.26409584551118,174.46057118836333,174.47486160135284,173.88043779210878,167.3064757304664,88.3745130993361,90.83744152609583,Trikonasana,frame_0006.jpg
174.00841699076102,172.19138140503534,181.75540087199522,174.40248602643103,171.3211272682923,162.4408919196885,86.73405317420323,96.34596319394382,Trikonasana,frame_0007.jpg
165.64657939047237,174.3895728179982,178.55901268303597,172.23483654335243,175.06333629616387,153.4617670978929,85.56359436030608,98.63843466777303,Trikonasana,frame_0008.jpg
179.1783889854231,173.24971644837382,173.02039946952513,177.1387235687979,158.3862482259542,124.33091430708974,102.90276986894423,104.74515579948269,Trikonasana,frame_0009.jpg
161.959433689561,170.31479188151891,178.1348780012314,166.2630025896376,133.05577527145874,79.11421931303578,76.69668066842598,130.31602003446224,Trikonasana,frame_0010.jpg
141.77787923470962,173.78475511012292,169.46980194815416,163.80479215328256,123.06091226610701,75.89314371170055,70.82249965702427,140.78220087951482,Trikonasana,frame_0011.jpg
133.95318747056552,173.7208883485362,173.9064462197894,169.63322819555913,117.73208973483148,70.68623318504521,67.60528304226932,139.38595544084984,Trikonasana,frame_0012.jpg
157.4056057131643,163.19990317799076,175.50296872016096,171.84219346653398,128.96296068363438,77.39277806234264,74.87600254245014,131.0536811035722,Trikonasana,frame_0013.jpg
142.37083968970705,174.37255033242738,170.98369139443884,166.45705161332089,113.6836590115766,69.56605314783988,70.6864766173848,134.39499898574485,Trikonasana,frame_0014.jpg
167.16834725069378,171.31509765687795,176.32698244212176,180.84602749927566,177.040968305163,173.34671207234388,88.02595168878511,90.88269016247301,Vrikshasana,frame_0000.jpg
170.49261686019966,164.91990434631285,180.44952088306346,178.70373039522573,176.94580918028225,173.68875380032443,88.29654390972713,94.33884538098401,Vrikshasana,frame_0001.jpg
171.06166649160969,164.43802540797233,177.97435748999206,180.8394929976474,176.66504727434378,175.84725425821028,82.20073150484893,95.98499711267728,Vrikshasana,frame_0002.jpg
168.6080474138177,167.8895918957486,174.54178197423846,174.2352846558151,175.35033778167036,172.64510680208002,89.25570060841088,87.0350612107696,Vrikshasana,frame_0003.jpg
172.10018941981733,173.07543072574697,159.3347734276003,101.37572162762902,177.4602777870885,140.96641291030156,89.26431859018078,102.20194451752702,Vrikshasana,frame_0004.jpg
171.5118000433844,169.606335539451,156.24935396086838,95.10838233977137,181.4772871207435,138.22196466817036,83.18658901909438,98.61897991989682,Vrikshasana,frame_0005.jpg
169.1803469504938,167.58719959898042,152.60747676115662,74.12038019335624,183.77954223144613,120.46597842702553,85.57103618341795,104.54744395797658,Vrikshasana,frame_0006.jpg
171.61455823493455,165.77300131645907,170.33887035210438,183.65675956764454,168.86767363544087,169.31332237184463,82.29396445570234,99.73464099264932,Vrikshasana,frame_0007.jpg
165.78283145555818,161.6829686696029,168.84863153280153,174.07260787589283,169.05903404530727,175.86224072722624,86.37308277857768,97.02195350788278,Vrikshasana,frame_0008.jpg
161.42259378427985,157.0985561567774,165.45625336726152,118.72882511080044,181.7224287863911,146.39764583963918,85.72709440541564,100.04259365156703,Vrikshasana,frame_0009.jpg
35.423132611373,9.918432169732801,147.84545551507958,81.22582137114937,178.89683010956117,131.04882562302802,88.37584344907965,100.02728098951798,Vrikshasana,frame_0010.jpg
46.10329601973185,40.437030557448445,145.13328088333034,82.35657214423703,174.7622845344555,128.40795965816787,83.76425949900504,100.86370835069087,Vrikshasana,frame_0011.jpg
48.911499394804004,42.66642241722242,147.45604383909466,80.55471931441511,179.334382839999,132.8751212129206,87.26770638290012,102.25284255944106,Vrikshasana,frame_0012.jpg
53.22306932254648,46.776886778686226,152.21389229513443,89.4676387529375,176.96068324801365,135.96311362639514,88.05519418451964,96.67786451555705,Vrikshasana,frame_0013.jpg
53.45962943156327,43.655476778951254,152.37616588233507,85.4577091622563,179.16678063698345,129.54674309108424,87.13935440051254,102.59090596493478,Vrikshasana,frame_0014.jpg
163.35320362321394,155.87057560544136,162.97758298721857,148.9659398468961,136.18964854845882,148.02607525941883,9.446805441452494,125.9290351378193,Bhujangasana,frame_0000.jpg
162.8647940685714,150.61536408797411,163.13991963193232,153.58394171746923,137.2482742824725,154.10945467448434,12.333033237619118,118.16183577931776,Bhujangasana,frame_0001.jpg
158.92794042678773,153.84220299375227,160.68573716865924,149.3684303227044,137.8833780068638,152.5539061926298,-0.15413791996280923,117.65039086713489,Bhujangasana,frame_0002.jpg
154.67862421591164,151.41103963071131,161.432190741223,151.36243299842107,134.96401905896334,153.04183103811496,20.2466089533633,117.0974625009313,Bhujangasana,frame_0003.jpg
155.43672470940035,152.70122698796584,159.36352940395676,152.69808444642598,139.89395777944972,151.15219251168668,44.90449319591456,112.54788335590789,Bhujangasana,frame_0004.jpg
160.02226272325552,149.69451284154536,162.22001461250923,150.2022622790002,135.6610739013028,154.50247361723942,69.25498956489128,105.68766933128494,Bhujangasana,frame_0005.jpg
158.97735701623057,154.811375640064,159.8612119184068,149.90274461487397,138.70997050499201,151.42484107481621,67.51437782813848,105.85117211865818,Bhujangasana,frame_0006.jpg
166.90188450013608,153.0891836773585,162.24744472027191,151.54503989697582,139.45295278724242,150.13161570083668,21.862434000592295,126.11420990714527,Bhujangasana,frame_0007.jpg
168.35932966835915,155.05993057321845,160.71464617764434,147.76557606502058,138.12481622464034,153.70669375017408,22.64007820212454,118.09148755655454,Bhujangasana,frame_0008.jpg
175.77652038075064,144.13199577197977,164.72448871107272,154.63313344675635,140.78344604912488,158.15713153022966,62.483280444046684,168.19514146528337,Bhujangasana,frame_0009.jpg
169.67103863038972,142.38164778389228,177.31896105178814,171.39991629938737,134.4176191825137,153.10090080856025,48.73073839802473,174.05754495549849,Bhujangasana,frame_0010.jpg
183.33210914765112,144.6319576648361,158.51004939377182,149.36888852267583,138.5685068724236,156.96535880586953,60.43041465982074,168.71759121492005,Bhujangasana,frame_0011.jpg
175.97542997063158,155.21228018941395,162.21218681578284,153.37597609312778,138.88170903921937,154.13353726748414,51.04768246268569,144.2449358130033,Bhujangasana,frame_0012.jpg
164.37220889347833,154.42908791740382,161.41220834537293,150.33364253698102,140.11069570127052,156.7705336099546,14.131940866250666,115.08560652401948,Bhujangasana,frame_0013.jpg
155.607932893626,153.55464586303182,165.10291791924115,152.19301296674004,134.55431767164373,150.7842289251812,33.987563188072485,131.99127127659312,Bhujangasana,frame_0014.jpg
175.265191932583,113.0844217510491,165.35973346761506,159.91201952516718,164.26109509945584,168.8601295512663,87.32289132345042,87.97486940851486,Shavasana,frame_0000.jpg
174.74522483873204,156.7166193965729,161.60154860598107,160.00902693574002,163.34530349435667,173.67489849778522,97.77002428218358,85.73282741648653,Shavasana,frame_0001.jpg
173.11431346694906,172.32001059284266,159.31950063870516,157.82612638492046,166.686298840082,168.96388996348188,86.41849981978129,98.26982104817279,Shavasana,frame_0002.jpg
165.16384875651656,143.61307177314615,171.01994014443932,172.05962602764447,171.74258346259953,173.49789153869625,106.12632559202055,82.46066444243975,Shavasana,frame_0003.jpg
165.84420554629938,152.02448954151185,170.93434519189654,169.9388379024244,169.04885859906457,174.0681838095639,107.56584474511514,77.33659796906882,Shavasana,frame_0004.jpg
167.2830699185959,150.12292867173062,162.75133703589768,166.30958627221983,169.29712546167346,174.16573761585366,102.84205406971243,84.5552482441625,Shavasana,frame_0005.jpg
178.23377197750642,132.31065746815838,167.9753273294002,170.46008748331167,177.74700840192227,181.9621141743321,107.6467374384492,75.77417370681101,Shavasana,frame_0006.jpg
164.096320264714,156.8798730609784,163.3772954141618,167.02285835150616,169.99863676053573,173.53624198614784,99.022422120766,88.0472832372169,Shavasana,frame_0007.jpg
165.95442692643698,180.97321612977552,160.75337814937782,167.79972756716373,163.50098278570192,172.28925121106644,79.53418638191101,99.52624365012507,Shavasana,frame_0008.jpg
160.49743947695129,167.02424598092665,162.161424329256,163.96537589714143,167.377148792926,177.3966778982846,84.57734786629898,94.75920258195656,Shavasana,frame_0009.jpg
163.7031562134134,170.25636862419316,160.12056343794674,168.3880765064014,169.63492223616453,172.62292208753237,81.354484861644,99.08341799113974,Shavasana,frame_0010.jpg
166.97521451601773,158.3166432118403,163.79715471665716,167.46974104039327,168.66270435699465,172.7416207241761,100.35786068351227,88.90564646981161,Shavasana,frame_0011.jpg
167.14091226081612,161.95059102792908,161.5432168862611,164.15732033051427,171.24133366612645,174.06623172042086,89.67403121785826,92.43625148221848,Shavasana,frame_0012.jpg
168.75224909536652,154.66886339098787,165.7708315351112,168.5877884127801,168.97647056644234,172.56450869674248,94.92108423107312,88.80694059967226,Shavasana,frame_0013.jpg
165.80719721586726,161.92619016526825,158.92575171211976,167.36450640290448,169.14526138602017,175.63873178963087,89.15760886296171,92.7197373066482,Shavasana,frame_0014.jpg
159.0469890092609,156.20837228262383,175.3257503180788,178.57186610341168,180.23084263892653,174.89408861412605,102.79040936565337,90.60125399736157,Tadasana,frame_0000.jpg
162.13584538994365,155.73259820558283,176.54491952071183,179.4726513197282,172.98202333839737,173.91287800771318,103.78933760977635,89.2369269652569,Tadasana,frame_0001.jpg
160.84291255180662,157.37743812426623,172.65965137108327,177.5980015746941,173.35388117838116,176.51006063856096,104.58329609134405,84.90534542460406,Tadasana,frame_0002.jpg
158.2291363222033,156.4882777844705,172.36965410530024,177.56577794824167,173.366466923875,173.14097067670593,104.9911368631313,86.8497341970729,Tadasana,frame_0003.jpg
158.07579172400037,153.04092666942077,171.80944595978173,178.40850979253867,174.2423168321102,173.57675336409875,101.40541554856689,91.53773905205867,Tadasana,frame_0004.jpg
155.48705915786664,65.03756572063955,175.5802908079496,176.4157364844905,181.73025972549328,172.22735891865608,94.18400970047847,91.78638292769838,Tadasana,frame_0005.jpg
159.13896085043405,92.27850089537031,173.6073848136488,177.59906430267756,177.6198204768252,172.86660171663627,96.73195024423718,92.91894389344009,Tadasana,frame_0006.jpg
161.0531127023194,9.694809129081909,172.87835879677883,177.93006956428417,177.71945790826462,170.3126723384456,94.12053862289373,91.8691693159544,Tadasana,frame_0007.jpg
156.08245642905922,151.18205090313768,172.85097507856568,174.90153217218352,179.48454918667994,171.00325889778537,84.81072068549167,97.82768383926395,Tadasana,frame_0008.jpg
158.9007475963315,154.77959401547872,170.72282107359882,176.74420421534484,176.83589576247675,173.5620855874795,102.87752422397047,91.16106574113341,Tadasana,frame_0009.jpg
157.2082847636788,152.86579538469195,173.52714951533326,179.64457850531923,181.24920645300122,173.15512755744413,100.27216223128336,87.10845805385574,Tadasana,frame_0010.jpg
154.18363200220952,158.18257356465236,175.46393357073487,177.49163433398087,178.29261587899592,177.02331624183338,103.04580928544735,90.86134543691792,Tadasana,frame_0011.jpg
157.0737832957589,153.51093948668253,171.45581667626323,176.58997938397675,177.13855030976896,174.2609319838156,103.41510442693868,90.33313751834112,Tadasana,frame_0012.jpg
160.22574715546736,155.22580374642595,173.0675277249139,178.35066921278099,178.0666872939772,172.9457357061949,104.3861921896273,89.8739828444479,Tadasana,frame_0013.jpg
156.26924429640326,150.7230826876844,175.30993816593502,181.46494224572174,179.24691450121594,172.35356566357692,98.32713417631001,94.37202795957252,Tadasana,frame_0014.jpg
163.2739285564668,164.88965916096373,179.54126846034387,170.63853077588303,179.7473840798165,170.5491699000308,85.04971485026722,92.57886618773105,Trikonasana,frame_0000.jpg
167.10481291468253,164.89204777803982,179.0242606942024,174.65574166605285,172.85060890982814,162.31664574633635,82.24714072835462,93.16424151899488,Trikonasana,frame_0001.jpg
168.59296200539427,159.42370760623174,179.47690865868566,179.13052995198774,170.89798343191262,167.68321263000334,86.37273682709981,94.13361876679312,Trikonasana,frame_0002.jpg
171.37266125624154,168.97547992133968,180.51492860372485,180.402199100694,168.27299553678048,171.19113738746728,83.30103081913168,95.78710678285398,Trikonasana,frame_0003.jpg
172.17577299117175,179.12667395702277,179.75754883798353,182.04987962736678,162.3263075516088,176.01926768991527,74.41015701844006,94.577661667597,Trikonasana,frame_0004.jpg
174.39314206879718,172.30986677950222,175.38185907839537,174.82702482108604,131.63297427967234,164.80314835533025,63.115966481728385,99.65647779492954,Trikonasana,frame_0005.jpg
173.3947574800071,170.67903303665966,175.2804679317697,175.03472340974426,88.15306276726116,137.92560818453725,62.636523307949574,87.08951864023905,Trikonasana,frame_0006.jpg
176.29371981421716,158.16369042842297,177.66638245897482,177.18675927055898,85.63370723601528,135.57583696138772,67.90698135373039,79.71687067907459,Trikonasana,frame_0007.jpg
175.98294326207431,164.08767334518595,176.91489060131582,176.93279964839388,91.33179104849302,142.92135074518285,64.8257562784038,87.45597485525161,Trikonasana,frame_0008.jpg
178.262258478061,155.8113879039485,168.88527045546584,170.50407190782283,95.17730246415412,136.38003171459988,61.1621116043281,95.68888568748413,Trikonasana,frame_0009.jpg
178.79313623647656,154.3843678866602,162.9358458846978,170.77791092121555,99.03909168062614,141.9457334380701,63.28264609772402,88.01410371189476,Trikonasana,frame_0010.jpg
174.05168648894363,154.58340562153143,172.19251876645126,170.15913678297593,89.91911768850119,134.9903677638366,68.66647390548054,79.8686447538655,Trikonasana,frame_0011.jpg
157.11755244583247,119.74966489170619,174.7109895851887,170.42564499590756,108.32709114649806,122.72875390759272,150.76846192568354,31.6091655274352,Trikonasana,frame_0012.jpg
169.57282958923767,175.81449296522686,174.06272823783962,172.6714205534662,103.55746505469847,104.93380409763601,141.6176593850053,18.193893102209852,Trikonasana,frame_0013.jpg
173.9710655645525,154.18150532123093,172.15793650479992,170.973087683398,84.06245039976626,132.41085429435321,71.99048501102368,70.35761618050662,Trikonasana,frame_0014.jpg
151.6661153355457,168.96465599881643,175.65034204938183,167.68997752009076,179.51466485220027,177.95044943470742,83.54478576223836,100.82449488621633,Vrikshasana,frame_0000.jpg
126.44054677827995,177.39486908268552,168.42637065184508,155.44680370154484,172.57928715117743,168.19198456386505,79.53203930067939,106.79984506150493,Vrikshasana,frame_0001.jpg
82.15635881295456,76.09198077527694,175.6781678159256,173.27096537921696,179.13665602092138,176.71945670637172,79.94191224937074,103.7916326855019,Vrikshasana,frame_0002.jpg
58.739473076124625,64.52228913093231,168.92544182235127,162.97328691983103,177.78203244908877,169.96825040273825,81.84590919101686,104.44285356510555,Vrikshasana,frame_0003.jpg
70.54314601439523,66.18458938748964,173.99062603437687,161.68993495395384,176.4248393749027,170.1857585968649,77.24744032630369,103.33701594693042,Vrikshasana,frame_0004.jpg
63.06347108527922,65.89518925471008,178.325341352365,171.61986991986183,177.5403592296403,175.93038910018254,81.62262852581482,105.77933092415331,Vrikshasana,frame_0005.jpg
61.845368365474954,66.26936517922405,177.9999524259671,174.27490092591236,175.57279166363617,180.8132772708716,81.64817998430814,100.99164550340441,Vrikshasana,frame_0006.jpg
59.91045536666226,64.00745272153236,179.42028629608342,171.71227536325156,180.02494684126015,176.81240183962325,81.93034681130595,99.75340658628429,Vrikshasana,frame_0007.jpg
58.71949454234318,68.16702743119873,176.37356398658352,172.6862981437269,179.14902039450854,180.125096449626,79.5097292634835,98.50683428881521,Vrikshasana,frame_0008.jpg
62.6785684473476,65.29341996919844,180.37267576128406,169.15061093130035,182.16134463562105,177.18425957601565,83.53292708104728,99.44113738187414,Vrikshasana,frame_0009.jpg
62.44214636794878,66.04056047821842,176.4514160089356,166.31961654313358,177.11721549551018,176.58512312254996,82.71977959772722,102.58680179382327,Vrikshasana,frame_0010.jpg
65.88070641701343,69.78365151428419,176.25045023153433,164.29101135113345,178.04353840383928,175.1098750888061,83.48409421537593,99.51532140623938,Vrikshasana,frame_0011.jpg
67.4334893614429,68.23350808313042,170.88060807444347,162.75907522836368,180.16465813320656,174.42455445517845,83.10263576661248,99.66109437551825,Vrikshasana,frame_0012.jpg
64.85432013653563,63.113074897766495,172.82584710965654,160.77512169001534,176.79688329396112,174.93916078989636,81.36321815217623,102.23986942860233,Vrikshasana,frame_0013.jpg
63.221658292026255,71.3035901774511,173.36228394617552,154.21870218906872,176.5540392407814,173.12898974786984,82.54579538675672,97.00740158280084,Vrikshasana,frame_0014.jpg
141.52343912563973,153.34441294437963,156.36045772743088,145.29593934164424,155.68564258422603,169.9230970316316,17.56266719931958,149.8442554037396,Bhujangasana,frame_0000.jpg
140.53746218526442,152.30662228938985,159.7514622440796,151.08177325550105,154.78899749370146,168.47354584404755,16.152984350492133,150.98447448969569,Bhujangasana,frame_0001.jpg
142.00602721785438,150.95850711960657,158.07233160467467,152.51545503932851,155.96408281698731,172.84428777603404,10.51503991569965,148.1917012656154,Bhujangasana,frame_0002.jpg
142.0764662281088,151.94927758113892,156.08371812266884,149.26869305067737,161.97246564959843,171.02362855074566,14.429872854819985,153.76202842061832,Bhujangasana,frame_0003.jpg
136.95697233586586,150.36346691965218,160.7120591166423,146.57419310046805,156.81640532065717,168.7084401427605,15.31125221394689,148.57152525662522,Bhujangasana,frame_0004.jpg
139.1335966738368,151.4288012571931,154.72292041414153,146.6684209392494,159.127968319922,177.66649781420313,12.490539114282202,148.10452713354468,Bhujangasana,frame_0005.jpg
141.051842521964,151.27726369917133,148.96101029559173,145.27583662810318,164.39711952827327,175.85020314007798,15.380454964663171,143.04553671948293,Bhujangasana,frame_0006.jpg
162.5728310709942,162.75978777423546,129.87558079058368,127.32529025839162,168.727696639944,160.13935459444826,4.249037958470247,105.00831558415204,Bhujangasana,frame_0007.jpg
158.30474690237222,158.74818758918553,92.92628644561431,102.9245492379221,127.87253712065922,131.3118191463971,25.680589739213907,135.75180672774962,Bhujangasana,frame_0008.jpg
158.3376887927117,158.7668814840087,85.46343737718875,101.24153780037909,121.45246196973928,118.6795844102403,21.17943100044666,134.47329408687838,Bhujangasana,frame_0009.jpg
165.39786521980912,163.6030652614724,116.9590518794797,114.71552453552137,147.3486101479577,142.3251114866823,29.855005113672437,132.84645511640213,Bhujangasana,frame_0010.jpg
148.70688704020233,152.36332564899587,136.83149729106432,122.93541108312986,178.348353656872,166.41435107458867,30.283231903304642,171.68117846078746,Bhujangasana,frame_0011.jpg
148.5092930040686,164.90328477745746,139.12745293541312,133.423271685224,169.0015927531993,175.21738888276593,40.15400177012522,169.63346226719537,Bhujangasana,frame_0012.jpg
110.73386183827637,118.45605363033282,157.87157080531426,150.05877553412145,166.7413383137009,177.16339150751756,17.214414186805808,152.90142742047465,Bhujangasana,frame_0013.jpg
72.55950994333146,82.3193779038968,160.44954435375206,155.0336091190899,174.4205363776154,178.38306125834842,98.02355311764556,86.55114651558011,Bhujangasana,frame_0014.jpg
167.89419940780238,168.40741148417828,67.86790031458737,57.72419086192556,176.80891501132,153.0897493991866,85.6893364507933,98.4432256594465,Padmasana,frame_0000.jpg
137.56349466508632,171.52737140703937,143.8040595906187,63.4426394725432,167.5821528836044,135.11220972537947,86.31777189657409,97.91703337558938,Padmasana,frame_0001.jpg
142.71279456596207,175.32225964462683,89.50891186577745,73.89333163697773,75.60181657159174,68.7861282230557,84.83969220864752,103.29124142036294,Padmasana,frame_0002.jpg
113.15000674517952,157.05994086597954,120.14337940056988,62.63945553548202,119.0902522207414,81.82969924335924,88.61835895652067,92.84853947973728,Padmasana,frame_0003.jpg
112.71432748787541,167.47245227018703,110.22774535917459,112.22642250729315,118.81178706953276,86.8852615446098,85.0781039440425,96.91701104454089,Padmasana,frame_0004.jpg
140.13375222253543,172.37435383108868,63.41600094274428,58.68529371153675,38.58190875302551,36.25264628295868,79.17609160164157,100.21977018273905,Padmasana,frame_0005.jpg
119.28289465736428,164.75488789853327,139.75995625121138,132.1809065235743,94.2687281127018,81.42947410704004,84.46415266444357,97.12662405370556,Padmasana,frame_0006.jpg
132.65649038427816,163.6100077607549,43.094486822906745,54.73290068835427,30.55758146721812,48.29808361720153,84.22111686754289,98.13275016473418,Padmasana,frame_0007.jpg
140.68616741467926,144.7523249237032,172.20536626866237,125.66411467724802,171.0709618913406,118.51005848423405,87.12481173853475,91.33302262254085,Padmasana,frame_0008.jpg
140.4321802657853,138.9864174632488,75.69907127172065,134.74346716313187,126.78170125092858,149.90747466719193,85.16534672918397,93.78301837774532,Padmasana,frame_0009.jpg
148.37011009148162,154.68870064785077,116.34955638490882,151.77796285813665,120.32542924581806,117.96573731918635,85.00348096313917,97.50027550519911,Padmasana,frame_0010.jpg
134.45228749933867,152.23580663047977,58.700205192664136,91.1692824446062,129.236682844304,171.55363829458503,93.182368814104,91.60204873894905,Padmasana,frame_0011.jpg
159.8073948503441,138.15591910376864,62.26729532056592,93.55992783813159,117.91021561303839,158.07422269914753,88.91837665269874,88.38555742360585,Padmasana,frame_0012.jpg
167.01055440508296,106.28153047583996,71.73678376080392,158.93468386502983,105.46046311219386,134.5902103532926,85.79713982178455,93.76230658442549,Padmasana,frame_0013.jpg
144.39503887850864,149.78259031963847,117.84837214986113,162.23682384286087,139.7213892230466,154.84662304529505,85.37567081693857,98.03360695770517,Padmasana,frame_0014.jpg
172.99461318701503,118.65714515232719,165.70111658173712,165.26808135536507,163.04398507318226,159.37353384319175,133.1145879675859,53.13160039440994,Shavasana,frame_0000.jpg
180.12433274789151,114.05297210432975,166.13747200885572,167.9606640572449,163.55980321911343,164.18362517613363,119.97068369962173,60.09514178811661,Shavasana,frame_0001.jpg
163.45535273899367,114.00323947297451,163.71297406391452,166.37832909085736,163.73712721346214,155.15883639238515,123.70446150476342,65.03464348601773,Shavasana,frame_0002.jpg
162.7895819265482,116.7797099930928,162.67502147748039,162.23696292671198,159.3905900593802,154.4093149203599,116.7238428548565,69.00666857079152,Shavasana,frame_0003.jpg
168.6021345572285,124.31866723642393,157.81801789899035,166.34875139935946,164.50714233409326,160.0671644240222,117.37311216069544,68.3396594806526,Shavasana,frame_0004.jpg
169.8172659257436,117.15116745633043,162.46886741056213,163.19763639652155,162.65799079977432,160.4841301264369,125.55008284034912,60.20351144229862,Shavasana,frame_0005.jpg
166.28477278992844,117.7610628569874,164.35353087818578,165.1616007074278,162.36345016242672,159.80195093822368,114.12081819451717,68.59685106640174,Shavasana,frame_0006.jpg
171.2909703657767,153.45001613957706,171.44708374222628,173.19438374604306,173.20697107729447,168.72198188249055,105.52624701473144,74.2047961850224,Shavasana,frame_0014.jpg
107.74556260898434,148.7109157469539,175.29838315985336,177.8315170623336,175.9305701934077,175.00849863262548,80.19250569055767,100.38367483461906,Tadasana,frame_0000.jpg
130.09258616366418,132.99257231286373,171.27781553537667,177.40847500782604,174.7884845633619,176.52678652534968,87.22647192379696,98.62917877840313,Tadasana,frame_0001.jpg
114.89292643813819,106.73714067693017,173.50950766133528,175.87084664567413,175.16018959081475,168.42087394745906,81.58345395242178,101.61012603497467,Tadasana,frame_0002.jpg
103.34268966939814,103.47070739898322,175.7500077483074,169.98279073845603,180.5750658676296,171.84198705436074,85.81100570188259,99.01090506813557,Tadasana,frame_0003.jpg
120.89852064067759,114.4827910527377,177.46383735923607,176.08810945445802,172.80916885847085,175.55784234380457,83.32001982795666,96.05303302085197,Tadasana,frame_0004.jpg
167.87635190279423,168.84848974250107,179.99209222211846,176.54020154096565,181.78526955035878,175.50321250662054,92.02277381946212,93.92092791229459,Tadasana,frame_0005.jpg
166.35699167528566,168.86544417874438,178.79853156747004,180.09795713397082,179.20837120958683,174.66508345795938,83.53624082730558,89.82437374959287,Tadasana,frame_0006.jpg
163.76628632238166,167.19000932974103,182.11100241018605,180.20712826939223,176.39243955029664,170.50927387121857,88.3850221655791,93.13953313633584,Tadasana,frame_0007.jpg
164.94124141724316,166.1531738348188,176.84776614554715,177.32225988716561,177.54285904564742,176.18200900673628,84.80428832470496,95.67591552651974,Tadasana,frame_0008.jpg
162.1172126526874,169.20111288931392,178.38383111275596,173.9484166670916,179.53083658127505,173.8575556804598,86.18813072786973,93.549592919761,Tadasana,frame_0009.jpg
168.64868810595496,170.71812007306826,178.19171198922064,177.85706182935868,178.88126041554844,171.9890249221555,86.01118851293833,95.07722860349763,Tadasana,frame_0010.jpg
164.31751510263712,164.5035887197257,177.3322679390543,178.7405199283927,175.92820384446398,172.7849891644799,87.16946898601934,92.32072552048993,Tadasana,frame_0011.jpg
162.47902007679747,166.68618248370603,181.03226432989507,176.8905855568901,181.34789540231853,174.67538021046246,88.36716623146265,94.85269169098108,Tadasana,frame_0012.jpg
165.4755077439307,170.82471890318894,181.5743952280189,178.14113266494405,182.83795082206868,170.53818474112347,88.49243151040667,90.11696605185301,Tadasana,frame_0013.jpg
165.9955920268098,167.29398178612539,178.04273154755626,173.34015411504117,181.25845008297645,174.59807342965755,90.01345628355,92.91018815524744,Tadasana,frame_0014.jpg
164.93768176749464,154.46298015405418,174.61478101074687,177.78665834413295,164.41999091469629,167.9226281533113,83.14045610631352,96.34849011913973,Trikonasana,frame_0000.jpg
169.13311021177532,165.8446623472381,177.70881246612493,179.82387381307353,167.38424929753708,163.96404567662807,86.24459407336498,95.21700412280528,Trikonasana,frame_0001.jpg
174.52172669493405,171.7872875017422,179.2821442735714,178.49699178298098,178.61950190857803,139.7212419871408,88.44535314463698,101.7776991755606,Trikonasana,frame_0002.jpg
171.80623876906557,167.30657614392535,175.55310558419959,171.43439537234718,149.5062965399619,88.12465559809162,92.29311620795185,110.9234493305999,Trikonasana,frame_0003.jpg
154.2838032364629,150.56832669609304,176.70491257694366,166.83455014035962,117.8840861772524,59.63196152422078,75.88507949796683,122.63945234236651,Trikonasana,frame_0004.jpg
164.70086146875872,166.74574902280338,159.42352689019563,156.1492210195927,107.5996766095484,47.12428490353059,75.10261841610028,124.22314415387707,Trikonasana,frame_0005.jpg
166.13460233556242,167.82179240777648,162.78244268506012,145.37014331245322,109.72621921720787,47.55130826431974,84.73267567090174,122.54383831540314,Trikonasana,frame_0006.jpg
154.5994684748902,170.11766931937305,154.33504759128198,154.9972744277793,102.92845831710973,45.20410933890547,68.4978164235621,134.47340030601833,Trikonasana,frame_0007.jpg
146.52215818290188,166.98351329629241,151.79621737174057,155.80418976602493,99.8685740107269,38.90022616372448,70.97368838742409,133.69543012583003,Trikonasana,frame_0008.jpg
155.03311239856467,168.51844036511807,152.20328781760867,154.32266752677344,104.89456085128997,46.86549948428575,72.74045261955409,134.4104521582374,Trikonasana,frame_0009.jpg
155.6755075705075,168.6379161635898,183.00055544470456,169.06581604962477,132.32704166330723,63.24879428273649,76.85928210614703,133.20548668033956,Trikonasana,frame_0010.jpg
174.76150406302708,178.83907339430527,180.2345324873147,177.51146145756277,136.34047203219467,67.19282793232796,76.91406662141762,132.11483613098892,Trikonasana,frame_0011.jpg
176.0101062318571,175.6317914030165,172.52314601741654,170.8699005741276,131.73819841731643,68.07355792510332,75.54101019116848,129.08484207484838,Trikonasana,frame_0012.jpg
173.97464648206162,174.97885643713198,176.81300373241012,180.09414784988581,150.35315583970086,71.18684423899278,75.17360862938462,131.19800276157477,Trikonasana,frame_0013.jpg
172.27883327589382,168.18656737294071,176.17372514646522,173.88722335274562,147.31426350787254,61.02667373600273,73.26797553234907,130.8774352426156,Trikonasana,frame_0014.jpg
42.95813023972597,34.74215708206373,148.94743390024752,72.4791147721689,170.36923543333896,118.97684553163742,79.92828111447636,110.17041924643956,Vrikshasana,frame_0000.jpg
43.78874906028228,39.92731335100785,144.84607795853626,52.05328475366738,169.6606864840049,105.21816694664103,83.12670660442569,105.53866994883535,Vrikshasana,frame_0001.jpg
53.174291068143994,32.88675162295991,144.0763736634419,47.0042705343085,169.89330464155034,99.39081005192521,79.30999844593963,109.46521828319929,Vrikshasana,frame_0002.jpg
51.239912563586984,32.85307903771476,144.93400656854033,53.3390719254925,164.5425612788846,104.3660286916362,84.3383450490066,106.65916281121137,Vrikshasana,frame_0003.jpg
48.76261267395207,40.1160765857063,146.66459257194356,50.879053641264015,165.1112756867938,104.46656631664786,78.03764761885724,107.06200708001589,Vrikshasana,frame_0004.jpg
49.91255503466375,33.620269937484174,146.28107835907636,55.43420052948522,166.10139300916433,104.84335198932587,83.6773628596495,110.3285853225443,Vrikshasana,frame_0005.jpg
50.39885572339293,39.14792983470769,142.55568934785182,54.73405956170873,166.99233365946998,105.05436981529927,82.94556245035214,111.13552163215859,Vrikshasana,frame_0006.jpg
49.43355747010799,36.49444770040732,146.04770988925102,54.17985103646454,170.33860293306776,104.43931500374705,81.71217830915477,106.54148502104509,Vrikshasana,frame_0007.jpg
50.15425876292409,36.56050446933599,145.29416160752956,61.969178926716495,168.58601117562847,109.67999154587925,82.13496209116853,106.27625505930446,Vrikshasana,frame_0008.jpg
48.25940531812787,41.19200839336114,144.64755826959296,53.66699717108267,167.7095006290661,107.2819804134855,76.73540120678507,109.32673896189657,Vrikshasana,frame_0009.jpg
48.838446277492714,35.344437980813055,148.62553664075548,56.47490180673219,173.07520079398014,102.62136860967017,81.68306812467877,107.57069417491925,Vrikshasana,frame_0010.jpg
48.68659130899139,38.85279866434685,143.5102928424866,55.46091902372195,165.24610629142785,106.18923247527874,81.97992815177065,106.43387796714835,Vrikshasana,frame_0011.jpg
49.650568141004534,37.3084495933688,146.4254350476205,56.805523962035906,170.03183476269675,111.10873095641473,84.81006999312936,106.06119898410175,Vrikshasana,frame_0012.jpg
48.73699725998405,42.92105884779632,140.32850179730377,57.15769716010929,167.87352527250687,106.85797146059143,82.43088802927875,106.68498487100864,Vrikshasana,frame_0013.jpg
47.75214486387054,29.26803489710604,145.97985763501703,55.63615650783903,166.35483679294637,109.05254071868134,80.94495164406875,104.51459074846696,Vrikshasana,frame_0014.jpg
127.1200870403617,113.88082237663954,142.83136721125467,133.38696036143324,159.3036702926112,165.36910766955575,83.37112216746566,87.14792053217072,Bhujangasana,frame_0000.jpg
116.94239991178408,113.89808874773935,124.17311823489626,126.36200917330815,152.44054884484444,163.03338270243697,82.22136566243975,90.70778727727169,Bhujangasana,frame_0001.jpg
133.07832493555975,137.75039087343816,146.87999310135802,130.36218481881525,143.24994235390378,153.66514718333892,88.84673489180871,78.6697106105515,Bhujangasana,frame_0002.jpg
156.2706609867732,147.02893334654053,66.16010566052906,78.53056301949836,119.695309924282,133.04804407154737,125.50129640150796,59.241861939207915,Bhujangasana,frame_0003.jpg
152.01988499310644,157.54720905081376,72.43553390818481,83.68670257752943,112.15320070253519,115.41465244610622,47.80306891392249,92.5973698312957,Bhujangasana,frame_0004.jpg
133.0727803771477,147.08682791336685,107.18297826151775,106.55692079004925,133.0607791089528,130.85211217574374,145.58375107141853,61.42300985666855,Bhujangasana,frame_0005.jpg
131.4919092608338,135.88089700660902,128.5633014318145,127.58888658362591,164.6825358436527,157.3384027906309,104.08986208939544,81.9412974862802,Bhujangasana,frame_0006.jpg
62.02818071308826,75.98411221615618,146.9778589429546,149.576972471344,171.47513810303354,165.06989634986982,49.433206633572475,105.01112735333125,Bhujangasana,frame_0007.jpg
171.2898853487167,154.96578693037068,150.41940929767162,148.66857712307203,169.86873028229886,170.59269917341197,117.70707996642136,74.1473062866425,Bhujangasana,frame_0008.jpg
157.4692469470859,121.39042154892324,155.71731700224169,156.4281795388227,170.00515585188865,164.47191079027476,135.73467653144937,52.174002858470445,Bhujangasana,frame_0009.jpg
156.3975536815415,139.4992216424871,166.29736674209823,174.00604229254222,174.18798831592932,173.89374236975613,111.07036934519203,67.44179060414531,Bhujangasana,frame_0010.jpg
166.99923239825165,175.886993795209,153.47082901871215,161.74540026291945,163.9440322993691,162.45231535356305,145.30429964387605,54.03099315391594,Bhujangasana,frame_0011.jpg
149.2532925168175,155.73033111949408,173.77172884275222,179.36549847258914,180.13704400837506,174.22288355543554,128.17590456797765,61.93697079579864,Bhujangasana,frame_0012.jpg
171.28145633265075,151.9967058581428,162.4532858738228,159.06526113344387,168.19065833584642,164.30087083911548,159.58891648452735,37.96258430401417,Bhujangasana,frame_0013.jpg
164.83356246242093,159.09277867351452,157.10850697982863,155.03325982253665,168.66203180911413,156.21122172080823,163.65051691434263,37.46049332072976,Bhujangasana,frame_0014.jpg
132.3242573100718,143.73402620377388,137.7781079201926,129.5941984456647,175.9622724802677,164.262846932162,93.32557034712373,93.12314968264744,Bhujangasana,frame_0000.jpg
120.78548099194332,134.70453796466578,156.44238729640813,154.29338770652237,172.13995225373503,162.73888994401392,18.047078028967203,121.35342091176616,Bhujangasana,frame_0001.jpg
150.127316400252,130.93964522575925,155.24447222697714,152.25471064696538,179.9554971834001,173.63158847733362,106.13995594434917,78.35879291166357,Bhujangasana,frame_0002.jpg
152.22378600483853,117.29409004268221,167.69607213729316,167.50104699659258,174.57438799915263,171.9957041619887,122.98955989330769,65.36946257366715,Bhujangasana,frame_0003.jpg
87.97341175468759,37.67649747920206,161.58566264379078,170.70296951578004,165.1864695532723,174.22711579127287,105.14229322608433,67.02260278532896,Bhujangasana,frame_0004.jpg
116.15814853259853,75.14568595880561,177.63360241771596,178.37358376707888,173.18959078873777,167.41148800378792,138.6383278783955,50.93908519736162,Bhujangasana,frame_0005.jpg
132.48932202144545,74.72236911761387,157.8194652449285,169.61834382792105,171.36443488249637,169.29360558142926,123.16068739756237,60.07703516148847,Bhujangasana,frame_0006.jpg
133.2538170966553,77.8923377001588,160.44644844971754,163.91453062307667,165.97692227227407,165.01076222143226,127.04749370661716,57.00741441568207,Bhujangasana,frame_0007.jpg
137.72395899533757,152.47344390294495,161.96202855972146,168.7336552375696,171.03162484557544,169.961276062177,120.44744613701147,64.85741261782007,Bhujangasana,frame_0008.jpg
131.11792722878877,94.20695126590518,159.2338046714195,161.90144540978017,168.9366594416697,169.5549860990678,112.32123621316899,72.28240208815436,Bhujangasana,frame_0009.jpg
75.05096391740737,18.1676320808489,165.3133828807322,172.79823474767937,180.6821420083809,177.8659521127809,90.94413021998062,86.3994599392708,Bhujangasana,frame_0010.jpg
75.71744081750965,17.148541919298534,179.1102814475859,174.702268348957,173.29893367324237,175.4852340642486,85.40303878575119,93.53759750822535,Bhujangasana,frame_0011.jpg
141.47440525779652,68.92381024112643,168.0716274491397,160.72248942942855,176.07727946617464,179.00414108597727,78.53991260925311,98.5000297640277,Bhujangasana,frame_0012.jpg
114.02331643325321,112.94225949487436,164.4751425503617,156.0492052826333,156.91923583862797,171.0853104013332,34.13256775712296,112.94970358074485,Bhujangasana,frame_0013.jpg
158.04268014790733,152.54318130263977,165.26531256156218,152.2929133733831,150.0400085698048,166.2762401842696,45.99593507564815,135.4112060233071,Bhujangasana,frame_0014.jpg
135.813747754631,106.07211325365807,86.48408319005244,80.18448201914156,79.06190232212714,63.61434125276276,84.68402968642653,98.80882745526678,Padmasana,frame_0000.jpg
141.92336078287994,119.7971088767286,104.33345855096093,102.14832674941445,88.84821201225813,86.76918060111976,80.12977338503703,95.31033540812153,Padmasana,frame_0001.jpg
139.32838919565,113.51667007812776,94.53842386533391,100.38603013765058,81.98393671953849,81.91980669762779,84.33011269423103,96.32033086709363,Padmasana,frame_0002.jpg
151.44518809199872,102.15221457355828,63.27824351097049,43.1507920553729,41.803055530534564,58.112264408151574,83.1565553794151,95.50437009723515,Padmasana,frame_0003.jpg
145.20836904753463,101.63447660197956,49.62102290553323,47.567735051345444,38.11466191796828,59.43435022980876,80.08278397105292,99.25910619650135,Padmasana,frame_0004.jpg
150.49793989898117,98.2840897026549,56.81012072209364,48.82130439237578,64.9610346272973,50.93791654527861,84.77951913234722,95.80313657408522,Padmasana,frame_0005.jpg
145.02676568690129,121.1105705597027,81.66386013364512,86.68292201872005,96.61278368453058,83.05500605295934,83.92885568814422,95.34620619160494,Padmasana,frame_0006.jpg
116.53091042451285,125.84141234816134,47.933029195252495,18.612177172019113,69.50379293612893,7.080304919029757,97.0602054853879,89.39682867675256,Padmasana,frame_0007.jpg
128.72550306195072,139.44241329932504,74.77528346588666,169.22745417123002,91.93266064934453,142.1314984293262,98.29253204317865,87.27772008882415,Padmasana,frame_0008.jpg
130.63167795234844,127.68651232569678,76.73076788535332,158.8688291042079,97.41879983282523,132.20449679395242,93.69304942097583,89.030060453704,Padmasana,frame_0009.jpg
125.19860515790165,128.0261348816402,63.35006903980498,147.86979733598946,86.46405313462898,115.59955638107692,91.9276672475316,93.92628979943146,Padmasana,frame_0010.jpg
134.3068138357166,132.87790813435782,78.828346529138,167.2861910099033,99.39939378736634,136.9172528738364,89.14688014050377,90.73498923392872,Padmasana,frame_0011.jpg
155.65324691243927,125.00670304822006,48.352438032628164,6.520534213761076,69.21500278730461,7.626304342538111,86.42655841456713,97.36714643211032,Padmasana,frame_0012.jpg
101.75262285458527,105.85127584984204,49.94583929754101,43.400375935197744,44.52732975114771,31.195974439305726,80.5613589228247,97.98581038720305,Padmasana,frame_0013.jpg
119.01239613720719,121.10987442853369,39.247727182414046,27.927727881780044,22.81991467971704,42.503822178984876,82.03663062138384,98.04927014329296,Padmasana,frame_0014.jpg
141.24186086169266,177.74391727313505,124.35095969749763,130.30147864850687,140.21090279662909,136.16087280812263,66.59679144018259,122.49164808902651,Shavasana,frame_0000.jpg
147.27750116980536,174.9882532686447,130.82107777720483,142.28302140030752,113.56527460288507,125.20383798918517,44.31809234189599,138.48530551093748,Shavasana,frame_0001.jpg
171.10702652974481,174.91577891799545,117.01921215816235,114.87455163484682,70.4740144257983,72.05954138264795,17.94289989212305,171.95585568434313,Shavasana,frame_0002.jpg
167.36519447858345,168.35128189526668,110.00560311228203,98.4486912807276,47.85025552004089,46.940589666793734,172.63469036167953,38.74148287048436,Shavasana,frame_0003.jpg
175.70540930288968,130.28472821955262,102.46051952802345,106.59023476850608,55.703071442169666,54.71295008083372,64.44532667194521,126.95072595457457,Shavasana,frame_0004.jpg
141.97169511648906,157.96058466161708,140.23427631305813,150.35516160476124,124.54133901327184,130.58134367161188,78.65624991009082,112.40274471444697,Shavasana,frame_0005.jpg
134.99404960400463,175.023604422006,154.04437166240305,152.01354296231233,163.44253416650537,163.17520382718027,85.06372780293856,97.4088967269011,Shavasana,frame_0006.jpg
155.6830244057629,111.31051652912511,162.51467829756805,169.28111097540736,161.3130356269672,176.38521011460307,15.331199171741167,151.06573378119805,Shavasana,frame_0007.jpg
149.4558519844528,129.29248241625808,175.46089499667895,171.16782041310017,178.39785829184316,177.9802465798283,96.82675369632662,92.4274544715661,Shavasana,frame_0008.jpg
155.2870963751109,144.1181491400681,174.2716796595355,174.54094687126545,171.3403226007022,173.23088338566723,109.50817273386505,79.9207330748618,Shavasana,frame_0009.jpg
155.7705932639334,151.76418886375302,162.57703036673843,167.0726483291762,161.46750784999733,152.56828388761485,103.04396338600117,87.6908123709271,Shavasana,frame_0010.jpg
158.40992276771755,136.4589945239241,175.70583472134825,173.03775804747696,174.97427850491562,171.05936516402122,110.35531670027278,80.09395925162235,Shavasana,frame_0011.jpg
150.11901044537254,151.59505388789046,180.78888228261872,177.072057155975,178.24918548621133,175.050328365061,104.70415933001297,85.25820142594839,Shavasana,frame_0012.jpg
153.20667150972452,127.74877949267217,176.6243300342587,176.43320817120318,174.61881107282898,178.59431994053838,101.33429960564816,83.62043238037845,Shavasana,frame_0013.jpg
159.50296333466108,139.58684920084193,177.77668685948788,172.20968527755912,176.50066912782128,171.8999121010255,100.55958601431337,84.07288795033938,Shavasana,frame_0014.jpg
175.838118696247,142.4909456026185,180.158596808025,180.03329679700775,177.8074818370897,173.34988728493263,88.3091760998576,96.91208403173877,Tadasana,frame_0000.jpg
164.75733642496803,154.84811017175542,179.97250094716006,180.27112331737248,181.08601075191757,170.83717018610153,81.23112808007686,96.01443929821095,Tadasana,frame_0001.jpg
138.97717579979266,124.27351785354166,177.41049898535456,177.54986097864884,171.8683686372737,175.71552400724732,84.45909944319892,91.8206508190667,Tadasana,frame_0002.jpg
135.76930808126502,128.37521074437382,182.15104357662915,175.5759022470322,173.53050449130615,173.81459047843305,81.98196481155313,98.52517107555747,Tadasana,frame_0003.jpg
124.59915519579583,122.13314172499965,174.87116438281933,178.04044112398947,173.94888459774768,171.20568386162043,75.8315524791596,99.8290462742745,Tadasana,frame_0004.jpg
160.62852434798228,163.2906012617636,177.19672532271656,175.63682551074754,176.90397971161735,172.4442304844601,84.28431812084307,96.11474385576375,Tadasana,frame_0005.jpg
163.11681048862334,166.38307236208996,178.0668984038144,181.62423326036054,178.87473930755783,165.626962362401,80.9433208326622,98.29474670425664,Tadasana,frame_0006.jpg
166.44048145983913,158.46195033724848,179.57558826049964,178.18230993618909,178.40552482048193,171.2600982554631,83.60019999399161,96.71034220297753,Tadasana,frame_0007.jpg
160.38476434928702,152.19139188656436,173.7059916336766,178.21077293019286,175.48232979692278,173.86469807741315,83.54791129019401,97.00651788028938,Tadasana,frame_0008.jpg
161.7815128046797,153.70339992326177,179.79633918914556,177.57479719454582,174.23337931781506,169.84448017654412,88.97033945860649,93.80290106218435,Tadasana,frame_0009.jpg
140.82606656695853,147.27849606552013,173.8877985219147,177.51408529657184,176.03053188180414,174.05344503422322,91.17536698190231,96.88180261895387,Tadasana,frame_0010.jpg
143.23048971820384,143.41151261914547,174.34732679128524,178.99578704441208,173.00894483398014,177.0994599348927,88.64599177131926,94.09263499687277,Tadasana,frame_0011.jpg
146.9329666607586,151.89476440400475,178.69766381440223,177.62511543202476,175.17310138535922,174.31775389648556,92.7160839551254,95.73403235098873,Tadasana,frame_0012.jpg
148.51798106882111,158.22654916233282,177.008313715268,176.10377042786823,176.23428674629764,176.20293181214808,86.40300666905122,90.4095758462211,Tadasana,frame_0013.jpg
158.5725927033938,152.06638704464265,180.78829524133442,177.05222271003834,173.37472836920045,174.32394627401698,88.21005124808671,92.13270870519577,Tadasana,frame_0014.jpg
166.52282139607496,165.85945126190126,172.432585478168,180.4899901663527,154.20541463951844,159.49019875922102,86.25927521341677,90.15312990642089,Trikonasana,frame_0000.jpg
164.74576838962028,171.31607526729536,174.24696799906127,172.22689410045268,154.72280364373563,152.8643098262407,79.83279135664765,96.44234595234765,Trikonasana,frame_0001.jpg
165.74360412479726,180.28906074779695,173.49956417745895,171.82105043759475,147.97820155543752,150.86275752026694,87.08636426933654,93.2834668056045,Trikonasana,frame_0002.jpg
168.58374034647608,158.95104627780682,161.91918217688698,173.4931127963231,107.74425496574429,176.24502460467826,82.39107314991467,76.68804663008376,Trikonasana,frame_0003.jpg
173.36088166648983,164.06484867026808,171.50753967285837,178.50412074841822,84.03989505253902,163.43640748932918,77.98770082772573,75.76894326120367,Trikonasana,frame_0004.jpg
174.3463593537514,178.37113716324546,179.2989759838393,179.03603809786503,70.12395727707195,153.26579751804886,59.39731333301015,82.68478664860339,Trikonasana,frame_0005.jpg
182.14837330399948,165.9333348293654,167.4569611302137,179.91704945054505,71.54075970133476,144.3026261345771,60.44001086171833,78.4562685126545,Trikonasana,frame_0006.jpg
173.42278470504635,163.70306689034618,168.42971549635868,177.62075948485614,66.32895199870418,142.64378886615893,61.39460032301472,79.40544510968463,Trikonasana,frame_0007.jpg
178.8180851920744,162.19275665310295,173.9790871346446,174.4716127314383,99.20202408131898,137.96704922198325,54.668159326897154,109.02332667462275,Trikonasana,frame_0008.jpg
179.1515855022435,160.33246105363506,172.25521543255445,178.87750188023492,69.63776676785929,148.46417201962257,61.32757438679639,77.28293508803272,Trikonasana,frame_0009.jpg
172.31782099863278,150.32823598756283,179.04974513756045,175.08775958023514,61.64380225863647,148.16075266229558,59.245658705761194,78.59072458219595,Trikonasana,frame_0010.jpg
177.95419341846977,148.18615475607422,164.2770599432829,178.66051305540523,61.81028352270941,147.88688330312763,64.76273743825811,78.60662604129145,Trikonasana,frame_0011.jpg
174.06705055526814,150.9813071961675,169.16531946107852,175.00377725201815,69.08010370645273,148.1844039444575,66.50959735884827,70.37142566482228,Trikonasana,frame_0012.jpg
177.11125277849007,155.87312883749178,161.72341264052568,176.5593742379757,74.16282326982034,156.33269440669943,58.97939323861736,81.70175172002463,Trikonasana,frame_0013.jpg
176.17254733946652,154.7936874716655,173.45051255054432,170.7625393574493,67.9686823008155,144.26025732946778,60.42430189753011,71.13602019568587,Trikonasana,frame_0014.jpg
159.45700436809884,165.35627431622564,179.81157926801725,173.90722567901327,167.26813506736417,172.86882663943783,81.70982341393139,104.43092788585982,Vrikshasana,frame_0000.jpg
149.74310684434593,151.84976620200837,175.56697252488308,173.44395574307842,173.76471511030317,167.7599562619679,81.75692454307291,97.46464027105755,Vrikshasana,frame_0001.jpg
148.64660881090848,160.68943836328873,178.72490603138684,156.55005818276283,179.24809833775,158.30317889788407,86.53756336139611,93.07317885738703,Vrikshasana,frame_0002.jpg
177.89845198171278,168.11707063168245,163.22881667199152,99.27388019171536,176.49394637384069,129.2112328911272,90.84618111751182,102.56609338159959,Vrikshasana,frame_0003.jpg
178.53369980839102,168.15859726423875,152.5102978819161,76.05981926186503,172.11376681602704,127.80242535159762,86.20555644815944,106.29408048200351,Vrikshasana,frame_0004.jpg
176.53475650202478,174.36049995704172,144.6478230962098,65.79224350356948,166.06038611009714,117.39469309760909,87.45681407075405,106.01634243273259,Vrikshasana,frame_0005.jpg
169.99147792284606,160.5770223206702,145.49987973533158,73.73454842106918,163.73948543842886,120.93003484327102,86.38936135198988,103.6052475005046,Vrikshasana,frame_0006.jpg
164.00939441739234,170.4690738802853,157.3736400743558,82.86550488868347,177.73538353844185,124.0205533491713,100.40271766381564,98.02179975036015,Vrikshasana,frame_0007.jpg
159.70503034256018,161.26681563953494,158.80424682875605,118.24082023437619,168.29232043174582,133.19038316041122,97.80817482687603,90.01328569600304,Vrikshasana,frame_0008.jpg
153.19374420900684,149.3191462812438,172.09925060857492,139.15214820109517,182.0752192181694,138.9357431039346,103.99647246694865,95.14127228177632,Vrikshasana,frame_0009.jpg
152.92797089708753,124.04768262811216,176.78306736641528,154.6576661764605,180.00121532188334,151.59556056379517,105.23319761420619,91.24556001067587,Vrikshasana,frame_0010.jpg
167.6836763894416,182.44415608632275,163.02206287648656,91.15061172224243,172.43276664165893,113.94001123108106,102.13651529896488,103.18131645622579,Vrikshasana,frame_0011.jpg
168.2010834232324,159.22462909234545,171.22360546099196,101.96754895416157,167.25339877944293,114.18572426116079,98.37496895597774,108.2356332916848,Vrikshasana,frame_0012.jpg
171.45281155914884,164.7523570095254,179.19786735323007,128.71404519877126,167.4705976247731,134.1987332838065,100.15308449481887,103.95872192189752,Vrikshasana,frame_0013.jpg
145.14075202719783,175.88338711310345,179.59652709522848,153.0759277329151,171.431268074398,160.054548826027,104.00184968693003,99.23152377769387,Vrikshasana,frame_0014.jpg
145.95514642655962,140.6367462758883,141.73712727080724,135.85561455196768,178.96256261191965,171.10272355994752,13.030512254324934,105.17415840199509,Bhujangasana,frame_0000.jpg
145.92133111139165,130.41094328304098,166.54426024487913,166.10077141357652,169.36301689067372,181.16090287423194,26.839802570084956,129.55793587896545,Bhujangasana,frame_0001.jpg
67.6559860532201,37.8966369755306,163.59559663908965,168.65426692869877,171.08804700265932,165.32027898017463,115.18643964238478,71.2076526701453,Bhujangasana,frame_0002.jpg
69.21155355256172,5.1176684573839255,151.46411232052355,153.8744796984415,169.6807295627073,171.40147454609658,97.65140552365399,81.22564353597068,Bhujangasana,frame_0003.jpg
148.84959637306665,75.73720998194166,148.51319967680575,148.31403452796584,166.77575670703968,158.81678739989385,117.00774136237415,69.04023363026106,Bhujangasana,frame_0004.jpg
82.21406574034307,72.42206803790623,144.18512665783544,136.79893121079778,177.73767966789111,175.3673609050611,86.71454987670856,85.6776582088816,Bhujangasana,frame_0005.jpg
26.99103798468267,56.9753612462076,141.42116175743809,140.35044262486227,165.58786643640008,165.56032943551318,107.76933823913404,75.81439683508678,Bhujangasana,frame_0006.jpg
154.90728984099022,123.91690526532469,176.61187566271605,178.7018456862478,181.1108713631152,177.5286487096192,104.05638154540219,81.03120354098249,Bhujangasana,frame_0007.jpg
165.7566655821975,126.36289072559,171.1238217052657,170.1982166931987,173.25651931813823,170.97814636299225,115.81126597420521,72.54722700816738,Bhujangasana,frame_0008.jpg
162.8574480202739,134.59961089166242,176.62239499039933,176.73667981916827,172.59328449654188,174.66105158731344,105.27177624999699,74.365983671374,Bhujangasana,frame_0009.jpg
128.35811595650668,84.55626070325133,169.72262229330954,165.6983442287753,179.1058966133871,175.818840836933,102.91915473250464,79.84751645453206,Bhujangasana,frame_0010.jpg
164.8781667125217,112.36124485804802,167.2553186085959,167.6717989619286,174.24800362961116,177.90636599027258,105.75880636219993,71.76823473218097,Bhujangasana,frame_0011.jpg
115.15976330255887,15.613439363532216,157.8103734001034,159.13447399263316,166.11541499206334,167.69133145243373,101.09799788249546,77.74746227351942,Bhujangasana,frame_0012.jpg
151.93499310890726,131.8716338057842,143.77317887218734,143.5542084959954,169.40689485293487,163.6089386410632,93.2986470974872,89.02677186224206,Bhujangasana,frame_0013.jpg
125.79102703319434,64.51237525714329,168.93385617503955,170.47258985268462,175.5711136522898,170.93188975610835,108.22259262932911,74.09970506603766,Bhujangasana,frame_0014.jpg
151.36856020258045,113.68213063680365,83.76220271028613,63.62978021016833,124.31792244850514,102.20522486902706,76.04443805074524,101.17980388366253,Padmasana,frame_0000.jpg
159.42827852169563,175.7965175108757,172.6547791127381,137.93995006483405,125.30770027397023,172.8257957348755,79.5504577364294,98.34754983241368,Padmasana,frame_0001.jpg
154.6816212153514,168.0622299153175,61.0507503153707,44.0489146510169,121.73915739082155,99.94825727186375,83.58763418408009,97.32420085478007,Padmasana,frame_0002.jpg
156.44437440014488,153.07715621965679,65.55356951830834,49.501527589128074,129.63353015156608,103.89349701796637,76.91337192338341,97.8119700683421,Padmasana,frame_0003.jpg
159.1167981805201,166.98612804261703,51.01114804008792,37.40888958343554,114.55375212399271,92.46749461476729,78.58660296119862,98.48152178989642,Padmasana,frame_0004.jpg
161.52574589871486,133.78717108748205,44.500514656451244,26.78721773059953,105.08924193938485,87.18607605336084,79.45578977582535,99.88348811832115,Padmasana,frame_0005.jpg
149.01548780552906,143.54262669383894,109.92340239287134,54.1889809364573,167.95043976931902,107.73331054358098,80.07392586674077,99.62071075684163,Padmasana,frame_0006.jpg
158.62165232660706,103.01412065559492,17.857602843488213,24.482861738939377,64.53339300175709,69.31382492003623,75.37333002529805,99.68554643373088,Padmasana,frame_0007.jpg
145.68277847558795,109.68492857576742,95.15334256656897,16.51102297505153,63.56327548152421,46.88174763391571,77.61545726427329,102.89926513031389,Padmasana,frame_0008.jpg
179.37405221121563,74.70973154429817,33.71522574596834,29.081956990003427,22.38224819344968,-2.4603846357526686,80.85518064404982,101.88939787832224,Padmasana,frame_0009.jpg
163.78607123374601,173.7954012834632,77.51790734636475,86.26763219307809,68.94105468604634,84.8129166975259,86.3725359107908,96.92944288755108,Padmasana,frame_0010.jpg
167.7635689078009,163.5457122673854,27.98615442087859,37.21872079093485,92.10429338037368,106.48210704212951,84.35103229330332,98.05498420475729,Padmasana,frame_0011.jpg
155.05461590130045,172.86926600731786,73.27694261559053,140.52241677704578,91.58866975573133,96.53514919675992,87.90253709745222,92.4702275448093,Padmasana,frame_0012.jpg
155.2452844733958,170.33741784610072,50.456627269317345,6.195763836937753,49.05183271208562,4.6989534942121205,83.58635536385795,92.46735772639511,Padmasana,frame_0013.jpg
145.71754725481213,167.06626105208392,116.93944695698774,153.80846119606693,107.56689211731627,136.75820133552807,85.6411056223619,92.10365830169962,Padmasana,frame_0014.jpg
172.9380495848182,161.99922514157225,176.13982922268116,183.41185208164262,175.2056390166838,170.16627724270847,83.7728536118318,99.37241320556524,Tadasana,frame_0000.jpg
166.07399055872878,158.16644651821633,172.6794206273411,180.82415189660884,174.97112393868284,170.60928919744293,81.04947298727852,96.08237269604965,Tadasana,frame_0001.jpg
158.5785005307762,155.01671144716772,176.46998801518936,180.56864215160377,181.48805427124185,175.12742767075775,83.55767257363557,95.95951391207407,Tadasana,frame_0002.jpg
166.14652537356815,153.46788734701195,170.25479524093998,181.7397004762515,178.15706158549287,173.40045953032958,84.48381732199272,97.20183881365882,Tadasana,frame_0003.jpg
163.58351322543007,160.64165292221568,179.9647605263579,178.12731397436914,179.58017994230417,170.26941893656917,79.24709863238479,98.83080273479064,Tadasana,frame_0004.jpg
140.78493902299337,113.42521663137369,178.09642477302603,178.3605674241305,180.78057983296014,181.28942205157867,85.70582096382638,99.06909367368178,Tadasana,frame_0005.jpg
17.145231531897505,34.245285212414345,178.96374027199533,177.53371158033366,179.68571846412462,177.8102226045263,80.70171425322579,100.57543338834527,Tadasana,frame_0006.jpg
64.10305703297868,67.47564340788611,173.8055711188861,177.75581975452084,171.85094531317915,173.69023455501724,77.9246762572614,97.66191480349286,Tadasana,frame_0007.jpg
132.31075689092174,126.05630281124597,176.73524490564077,170.47867268473763,177.50603064344156,173.17172608003426,84.66300391903779,95.8934308487526,Tadasana,frame_0008.jpg
25.18431487231315,35.63497757403143,172.93109283207014,176.0336129551243,177.67959742132373,176.32481948212538,82.25602746592995,95.69762623581543,Tadasana,frame_0009.jpg
136.4176007869134,155.04023778887102,178.6407043759765,174.42512086087766,175.8662830938952,177.8002408809162,95.31892085773752,89.00057326255575,Tadasana,frame_0010.jpg
127.46334042500611,163.78702316431406,178.04138005290773,178.37239165007625,173.28992208874374,173.12222984721984,89.69987597966005,90.23129302468092,Tadasana,frame_0011.jpg
108.59246018279237,130.10452564240006,177.8376062877672,177.92496656548963,180.4722945303285,174.84973159516986,90.44806081303669,91.78790385612587,Tadasana,frame_0012.jpg
107.17480360261452,132.7090952588297,176.6373992852571,177.53831565220955,176.9839581331804,172.16820159793588,89.28838760300678,94.58579467238967,Tadasana,frame_0013.jpg
120.02905614022492,136.42721911288717,179.33361829164852,177.79860208569244,178.9012354779158,175.76942240682624,85.87107193107663,97.06139440161567,Tadasana,frame_0014.jpg
161.11008514225128,157.2580976664473,181.00510133697776,179.65889758875863,178.65819904788853,170.07309244090663,86.23872812695623,96.93323210813904,Trikonasana,frame_0000.jpg
161.87327946676334,162.58427523219504,178.98738957201354,175.6599220571791,176.32274489517533,177.3371086765892,85.08874411019751,94.1330211252775,Trikonasana,frame_0001.jpg
168.49404466643642,157.44013716835536,174.2612891313093,178.17893119268518,173.60958699514546,161.30358096792136,88.56384018748784,94.41666046443893,Trikonasana,frame_0002.jpg
173.2531515899306,157.79517975174505,176.35247177119524,174.7953539081768,168.43531912513987,157.3000747716399,82.28563616771723,93.31428380143055,Trikonasana,frame_0003.jpg
168.5826686646554,167.89443589517634,174.9364980553858,174.5976280756741,160.08191138160882,162.88295106695122,83.11514327150493,96.49831771166434,Trikonasana,frame_0004.jpg
170.0381296078868,174.68041590848958,172.72675630211614,170.0622314116952,153.4015368629772,145.05201378245613,81.61678718770456,98.83005813417768,Trikonasana,frame_0005.jpg
176.60693325241334,174.21511146530918,171.25122628407436,173.82892925098312,150.33544481831208,148.45333965930146,83.36085860521189,94.14051791615819,Trikonasana,frame_0006.jpg
182.9579043919044,167.58297548651498,172.2649346824449,169.7501722943431,148.3721190452067,153.08268781082575,83.31117116736425,91.32928158289587,Trikonasana,frame_0007.jpg
176.60528301248866,180.1442207884123,175.98855152329006,171.09321023777036,151.52260882712315,148.4446241641683,86.44777193998709,94.2046003773877,Trikonasana,frame_0008.jpg
172.7424390043567,168.7670746734534,170.40399830517865,172.73553199919544,143.64826687118963,146.8634916004559,83.30311715789252,89.47280208118126,Trikonasana,frame_0009.jpg
174.75871062299143,168.89694913688194,172.2589894547418,175.01474311859903,138.75918264679296,158.5452243872869,75.5015449347155,96.10736773330841,Trikonasana,frame_0010.jpg
164.1485961405476,169.59487215138273,162.32234552218915,175.49681482653006,118.78831988732145,171.5268252700714,74.232596701194,82.57607885228106,Trikonasana,frame_0011.jpg
163.69977191976582,178.49483301279022,171.0222226911599,177.17358794843076,99.07579959748571,171.86370940752954,67.38287902294962,82.73188250391817,Trikonasana,frame_0012.jpg
168.22633999833175,175.07057887213944,174.5508653136484,169.99742356245326,77.04357361253487,161.56904265502652,67.49139835435506,80.54641746159089,Trikonasana,frame_0013.jpg
177.68579726501628,166.55461543631057,176.17618106821453,180.26648991817854,93.26777364417464,142.2567609003091,140.52977387749021,8.86518470570874,Trikonasana,frame_0014.jpg
164.58332979834947,157.98339873669877,180.84237926179375,183.17091830144471,180.37385764251616,173.05832043057148,82.7273819808227,95.027504693113,Vrikshasana,frame_0000.jpg
161.6030279928523,153.33329963044625,178.334153261995,177.0245034320204,178.12849024121303,177.01087581091554,83.3146840950881,94.96028641792711,Vrikshasana,frame_0001.jpg
162.4819808995298,156.86717124283055,180.64027182397072,177.45034368385728,179.96060787094447,173.0771982212891,84.38764514928157,93.02509954522,Vrikshasana,frame_0002.jpg
154.53281624620675,150.04600547781294,180.06840472004458,177.92651891394223,172.96587788641185,172.35014811812397,84.15227780988455,95.64200274371402,Vrikshasana,frame_0003.jpg
164.08481623644056,158.5731804762458,168.91599395501805,143.39510053972742,178.26872324652635,153.1928816608855,86.86583402729522,95.46675688771685,Vrikshasana,frame_0004.jpg
136.3914670846272,136.99043030807562,92.62422438290076,94.96140524441346,124.06156843228781,153.8188659604457,113.4525298827423,84.67488252996489,Vrikshasana,frame_0005.jpg
173.09409264770582,137.0900031152445,178.52612695986303,137.63261554668404,144.6492616688655,148.67302729657612,80.83591244388596,100.47566873205592,Vrikshasana,frame_0006.jpg
170.1688986345127,149.59504384703308,171.31050009009078,109.54892988497693,162.92690387484913,155.85267515236035,83.75190191653097,98.15951344351417,Vrikshasana,frame_0007.jpg
127.29184243445269,132.52755612978567,160.09164954138197,98.85588063339007,179.3789222495896,143.1328810107922,83.2340287531042,106.06548443960251,Vrikshasana,frame_0008.jpg
157.9125972183121,151.44994154729955,158.59779037813652,100.66223673895536,178.6217624134353,138.03763758266356,88.01039818164612,101.25820210439379,Vrikshasana,frame_0009.jpg
159.26834465802986,148.566089425985,156.81845578112421,91.16933923560923,172.67967772769376,135.5867749756797,84.90898060276855,102.76874417182907,Vrikshasana,frame_0010.jpg
160.51077713123652,159.9845102722125,149.1548181883794,81.7573825628817,168.77570786195625,131.14281827768332,87.89699846542358,101.15462137091066,Vrikshasana,frame_0011.jpg
157.61824393947012,169.80311015567835,156.85354882936556,92.97528098614069,171.67308318103986,140.85084740711798,88.05485516402334,100.97376113734907,Vrikshasana,frame_0012.jpg
155.00992003719983,165.69329478084765,160.05039141684279,95.70446657222635,177.42657750172964,138.79891875011285,92.94945786590907,103.0482255716648,Vrikshasana,frame_0013.jpg
162.08977596475398,170.03312324498532,162.69392918781946,94.4504513039627,173.79188606183567,136.11791637637444,88.09797698192358,99.98813518764752,Vrikshasana,frame_0014.jpg
161.82520915955652,160.7257410325405,139.77115220680375,143.64409922699,105.21439524371925,115.19628955110403,70.74755858064275,121.12607622057698,Shavasana,frame_0000.jpg
162.4186550758882,160.106641212891,166.5566608634501,175.08713437790058,119.75026247780193,129.69407099296507,53.10771736397315,132.92931458914882,Shavasana,frame_0001.jpg
164.78303113836375,164.83718445523994,157.32566408681078,161.2769747298357,120.58157001625244,127.12724361923995,38.64242175399786,136.6771444021844,Shavasana,frame_0002.jpg
159.71455039126667,168.18951593850673,158.214422701914,170.52669544451757,99.5461310136489,111.93241223911141,9.084333926502083,173.07417698739184,Shavasana,frame_0003.jpg
115.5679547748788,173.2821231137371,160.54934391948893,169.72978457067492,101.8021203572085,112.10806077461147,5.575433482895395,166.49999537166204,Shavasana,frame_0004.jpg
115.52785267014445,179.81613236027985,160.2763318911145,167.608069699232,115.62268863592253,122.54819478742633,37.67873834886911,140.05113775103152,Shavasana,frame_0005.jpg
151.62299100339402,176.77255023493063,168.86634200483965,181.50144243594312,143.15426768678176,148.51726944076367,74.96051709092185,115.00115221709882,Shavasana,frame_0006.jpg
164.4879723400904,159.2689295071328,179.5747910582736,171.07684623954506,161.31866758413116,182.30893988624058,25.727035326138854,152.04671439120506,Shavasana,frame_0007.jpg
178.334315653853,155.19619204517102,181.13764054312134,174.62418613869022,177.5790958982777,178.6836602807518,90.32350976130677,86.67005037499486,Shavasana,frame_0008.jpg
166.3964921523111,148.38153961100423,177.37927150958333,178.1532986972014,171.45426849093997,179.44250552375874,107.68883846667546,82.07348027322625,Shavasana,frame_0009.jpg
174.34328462103574,137.5097612952881,174.0679064281487,176.32978429739347,180.5213103602699,176.8697890753496,104.27625600834463,79.54625805314215,Shavasana,frame_0010.jpg
169.9497151541507,147.3501170324734,176.9598355537819,180.52610617024587,176.89767423579934,179.83633093353524,103.91607312327119,77.86742104539582,Shavasana,frame_0011.jpg
175.8453253677278,136.33398911475047,172.57105758483803,172.65340718273302,177.15143274947235,170.835823248748,114.28870419096118,66.71039162841342,Shavasana,frame_0012.jpg
180.65783067098886,116.12414611977057,174.4474238909676,177.33125405573472,167.58651103619744,163.01044809339,109.68397891127012,71.01865804550457,Shavasana,frame_0013.jpg
177.7928597761288,98.40613783618562,175.97580235045382,172.5946504350521,168.6178529787437,167.10954468040035,109.37922889973203,66.37285158687108,Shavasana,frame_0014.jpg
144.74816812680524,130.77699789871855,94.87409574109572,116.46286337883001,154.12621741226835,164.5360983848738,86.41262556734347,89.16676418189856,Bhujangasana,frame_0000.jpg
149.9848489054109,108.36676145092672,92.83735957745189,116.7026686859714,158.01773885343226,172.7222069982729,92.69101480628049,85.52636000194158,Bhujangasana,frame_0001.jpg
153.0913079425678,152.03231349190247,84.49962840104705,99.33900124502578,157.92283067765345,170.80205942620358,69.0098908127963,94.36631359186833,Bhujangasana,frame_0002.jpg
154.92829712811653,29.41547328957203,90.65693618136814,95.34481304185444,168.1229024914761,176.36823372777235,74.69642426425791,89.4888433896837,Bhujangasana,frame_0003.jpg
133.38004810812552,84.09939918842544,85.77230731047898,84.52829997580763,169.94073041179473,164.64723014410933,79.49837884326789,89.94257381940679,Bhujangasana,frame_0004.jpg
137.7330306134814,140.37983672569754,59.825952678112884,71.45192376245902,135.18582167577034,137.61381854119904,131.14025318620764,67.29373423637149,Bhujangasana,frame_0005.jpg
169.91148459011168,154.63814709160127,60.45422660230213,69.88536860867809,107.66836526015175,107.75832369127949,24.513117320353413,103.08197826667104,Bhujangasana,frame_0006.jpg
172.51142657193085,153.56376058926827,86.08913429721535,91.15075739690923,122.77914891413643,121.83271624855747,47.18241826913976,110.31300925373665,Bhujangasana,frame_0007.jpg
155.5954411856388,155.32643494722828,152.11382006766834,149.79793603139103,178.04694124813375,170.27877876190917,63.161964378185225,96.75685228813327,Bhujangasana,frame_0008.jpg
152.16516422918625,154.00923435341684,143.81051997252393,140.84167318497703,171.7571403609081,157.5869648896326,8.638321502143025,121.30320279075762,Bhujangasana,frame_0009.jpg
151.93694361310878,147.06217054908436,149.2218514789061,147.95423703880834,172.32166335276744,165.02336496339336,3.0463386144643074,121.64695817397501,Bhujangasana,frame_0010.jpg
156.28291093519087,161.32931156765818,141.8617914572302,143.45407246713512,180.5625358251891,170.61429173292254,17.445724192871776,151.95985967530765,Bhujangasana,frame_0011.jpg
161.22384336410013,166.1462130812931,145.2558240215515,137.27084601913882,180.3626834248483,168.84947521033243,32.040314645506605,156.1527818843181,Bhujangasana,frame_0012.jpg
169.58241450356374,168.32412156829193,143.18805689047258,137.92125124974288,169.96866122738183,174.5842716663115,40.85043289163623,178.75036134084078,Bhujangasana,frame_0013.jpg
160.25014902047343,165.257155578458,135.6471209322726,138.4725691210265,178.8836038585164,172.91444756685485,7.022272277172007,120.13951822537216,Bhujangasana,frame_0014.jpg
171.68534668207025,130.69262084911358,121.55537708004924,129.75285262657601,77.87653020666485,92.79330759372505,139.34669714898828,34.839462239881684,Padmasana,frame_0000.jpg
153.47000615978172,148.13124903580285,89.30449106566982,110.14011325008384,75.27468571891487,86.89000281212478,123.72925519771393,55.21815650948095,Padmasana,frame_0001.jpg
179.84377862700217,142.1497728215625,48.33312363526055,6.337635794328726,46.43592555429952,12.43351081193399,87.85344568432077,85.332515427335,Padmasana,frame_0002.jpg
147.52373402506828,143.18480803032998,35.80827303439955,27.42751964739422,34.95054608817826,27.99336376508679,84.11981867207977,99.34430401163021,Padmasana,frame_0003.jpg
132.87794866911682,128.16591613641714,33.34257586525105,12.830625669058731,32.14945623118258,10.98915457904993,81.0218876817801,97.07034808088417,Padmasana,frame_0004.jpg
146.08471879284411,111.0472718362299,62.48048011977574,122.12853127522335,65.21655858702023,102.15303895486532,80.05072016572738,99.72494116425946,Padmasana,frame_0005.jpg
144.46198993872008,109.5383943217699,167.5424017146589,156.55071653593066,168.91368938704602,148.351735682617,80.86059321575564,100.2499779726939,Padmasana,frame_0006.jpg
161.43009967255279,77.8004999372041,46.97508629578474,136.24484539035095,70.87396518057609,112.94051405386057,75.19157106430414,97.886185529093,Padmasana,frame_0007.jpg
154.00429882582858,117.12886641210913,11.99678827755348,68.78476977559106,20.10058238289387,66.34896773561074,83.63061269975252,98.95372352528933,Padmasana,frame_0008.jpg
153.7564646951748,116.98162407694969,24.169382774980292,16.48218878966545,18.052819574573306,5.332905386344324,81.58923686181802,99.8742956618542,Padmasana,frame_0009.jpg
115.61131238033951,111.72996572247811,160.35899068672515,157.32648784773335,156.09223597526477,162.8221231862127,78.0433855940314,104.06113770562722,Padmasana,frame_0010.jpg
139.01351136153207,156.56834779349657,78.13088243456347,133.17022547536828,105.77102714936356,167.32523234644853,69.6017298875596,107.94020747043307,Padmasana,frame_0011.jpg
154.0213567570153,165.0357974681236,67.97000579404143,75.59912163408042,99.95827994254923,122.30198309867939,79.77658486770562,103.43598495991421,Padmasana,frame_0012.jpg
138.18902100989115,175.22874046187525,105.6091433951848,171.14227680752262,122.17277751533621,127.73000970862758,79.56420684793241,105.0678823258233,Padmasana,frame_0013.jpg
132.37053841585268,163.1029115426929,143.59059761753232,82.82119813132849,168.2750817838535,126.53592868021518,78.70254953558015,105.78780121804023,Padmasana,frame_0014.jpg
166.3551596961898,164.6507501297246,51.34776171238054,42.39537028606737,51.601523509098165,41.98732581645065,72.90495677240368,88.30902805900497,Shavasana,frame_0000.jpg
120.6088542457297,133.06826603177106,114.74473225635705,119.3374956692874,77.46758181560836,81.5606166532773,82.31527532471547,75.34193648711334,Shavasana,frame_0001.jpg
139.95833765730217,114.49510890362144,99.11058483139723,113.0796155971208,80.35525598413335,87.2308159077451,73.11083195570184,95.45877888919955,Shavasana,frame_0002.jpg
141.56710327835623,109.16228741919709,123.0006298628076,135.42812384919287,106.89123055031568,118.42824385667272,67.21748325423712,99.52694876980745,Shavasana,frame_0003.jpg
135.01128212055335,101.00379895929265,149.70974614856362,155.07589975001767,122.48074550970829,129.59179312270248,60.968883370865996,99.5425984113083,Shavasana,frame_0004.jpg
122.4416469400151,116.16746366199794,152.83919545424808,160.34147018047386,114.95973569496206,120.86012772636415,67.91392960055805,93.68684800662544,Shavasana,frame_0005.jpg
170.639433379436,117.78254800289378,164.77110935520477,168.4892808603134,140.84575217431518,147.8302142632363,59.964920570038856,106.88463608087953,Shavasana,frame_0006.jpg
145.12937125648318,133.86009746731608,177.5982312728384,178.7498835177083,156.85159672944965,153.86683838610327,58.67437333102509,113.949911035675,Shavasana,frame_0007.jpg
144.75231723746717,141.1227611921657,173.74325868975595,179.9675857635553,163.91390459273165,158.09364748035574,69.31536795581329,99.87092152817604,Shavasana,frame_0008.jpg
158.9574441598372,172.1268604536714,168.46741296267467,176.21170050056273,175.6567083243248,163.01009799019732,145.23429773160422,57.10311890309913,Shavasana,frame_0009.jpg
180.37605149034567,160.27084179673685,171.46066356019082,167.08315481006446,170.16661687440674,153.31449013969802,149.77721636079914,34.1417618442603,Shavasana,frame_0010.jpg
170.7580801856782,175.09974372510374,166.3281974247853,172.9337469936275,179.62397763514377,172.3318179635792,140.82651023396338,55.01968044433056,Shavasana,frame_0011.jpg
169.24507954785543,174.30044593055203,177.2324160657986,177.80035556499678,176.52968184074274,160.01716116379805,135.2211406566115,55.038641971424276,Shavasana,frame_0012.jpg
169.62720891331452,170.1259614580092,178.7923183374279,172.9222111624194,172.20014581773896,158.52743104034133,166.55265889812557,30.97489378050453,Shavasana,frame_0013.jpg
178.4366854595085,156.56158967069533,171.83042113426663,164.59610560327042,170.7200777230985,153.60189344988586,162.31433199129603,41.64960972470684,Shavasana,frame_0014.jpg
157.87981196971805,158.05793990071862,173.29055549426226,177.56708875513817,175.00488619119912,176.56137551678972,86.49123626751141,97.61986812830287,Tadasana,frame_0000.jpg
160.50556595350832,161.17663033049615,180.03419686604636,182.8974286017043,176.67716616280958,177.59096363850338,86.31219086192613,92.2441424956204,Tadasana,frame_0001.jpg
157.26533971723643,153.20752178100497,180.29621571580822,179.53525647715043,176.36526572277808,175.1313607313816,89.07995658837103,90.276581267563,Tadasana,frame_0002.jpg
154.20880574214635,153.23776978359967,183.2259946078136,181.2789845098622,177.74617257770876,170.494328578682,89.15723999399044,95.64504384149691,Tadasana,frame_0003.jpg
160.22954416627906,157.56604123290847,174.6034304077892,176.74289810879503,177.47977591380064,172.59939928666017,85.54606141251038,95.014320038382,Tadasana,frame_0004.jpg
156.3140148388437,157.31065170495498,174.91044326682254,172.91579088293332,181.33634476866462,173.95345181654884,84.38331034400589,97.34168983766315,Tadasana,frame_0005.jpg
156.8704651848778,160.5134226477414,179.17852451241754,175.05511724929772,179.05896171939236,175.42704195362052,81.74788521175932,97.29633221955515,Tadasana,frame_0006.jpg
150.92158969222558,158.00331731694604,181.42268567284486,176.27961695804845,177.1573201737838,176.84080732319748,85.61994073359556,93.46288437062212,Tadasana,frame_0007.jpg
147.85787243952535,158.42102967809035,179.24246100196257,174.68278830281372,179.4226052045358,173.97066017098575,88.54372211518239,96.39651989571155,Tadasana,frame_0008.jpg
148.940415789236,153.75756248596963,177.820546344927,176.19695282043088,182.8061509218399,175.0926210554723,82.60186277914688,93.74656889529147,Tadasana,frame_0009.jpg
150.81509795117324,156.4563086621504,179.3901625612632,174.52819718010096,176.01010639805077,173.26251898718587,85.84103867810484,93.01147982228386,Tadasana,frame_0010.jpg
158.1433549313547,157.3052597452267,182.09112150542128,174.4558384404671,174.7283027362081,174.43165760282574,86.24871448126824,94.10395318343139,Tadasana,frame_0011.jpg
157.1165096597748,158.95814752194894,176.74956798629043,172.83821898701834,176.47093909357085,170.75953220542465,87.5551716779638,95.0666776874123,Tadasana,frame_0012.jpg
153.6475952772619,159.66463831716496,177.8249493011783,171.44503904984288,176.0977603929995,173.6159218487155,90.67321015624255,96.31257116622226,Tadasana,frame_0013.jpg
156.1054235266166,157.49663681512894,176.01493899541148,173.11069114792812,179.3463782836621,168.65182328088574,88.83389574243658,90.51273215204142,Tadasana,frame_0014.jpg
169.83341445266268,162.16013604777035,171.54013920025935,174.8473399885268,160.40255225021815,164.51766730823306,90.35565456049807,92.2560154577999,Trikonasana,frame_0000.jpg
170.52381562616952,162.0703294987595,171.9343644183246,175.14442870076442,161.49081197484526,168.02369210639364,83.92877314785176,92.2766261827906,Trikonasana,frame_0001.jpg
165.11025528877354,178.52210902596815,178.51844798182745,179.94869506778815,175.93339393695126,147.46309358188213,84.92291582298618,95.38701910937077,Trikonasana,frame_0002.jpg
153.47258361394844,177.27593724546566,181.32763544218844,174.5713039221781,166.24169052246893,123.57768930734262,92.80601404589258,101.42665032818006,Trikonasana,frame_0003.jpg
169.69666156400407,172.24915110324687,170.24102291708013,171.63321919769703,144.55159988039267,87.99288114843357,78.08401045704605,126.84274642713899,Trikonasana,frame_0004.jpg
149.22540275171113,176.16958217610178,173.26972313909403,181.82459635176798,116.17686371432205,65.43771349994115,69.5699538857309,140.7516663972116,Trikonasana,frame_0005.jpg
125.10128063295407,172.13930861686745,156.6337727528411,176.5597022550263,145.23659959280883,78.05671992169324,67.11752414977968,138.477513881565,Trikonasana,frame_0006.jpg
157.2567570885358,169.06139850382496,180.1255496126595,175.39299314285228,124.09934109981539,66.16076238485955,73.56112856577187,133.26663223058904,Trikonasana,frame_0007.jpg
149.5866313582996,163.71059330269782,173.90034411975324,182.3322328253555,114.68538998227218,62.31619940272653,67.85072762043154,139.95074800177173,Trikonasana,frame_0008.jpg
148.15595578649175,163.2372548911687,176.74819217610212,182.06931275785243,121.6234257557358,61.70170613794533,68.44545834111308,136.58357046620893,Trikonasana,frame_0009.jpg
128.9290384263942,164.3237673370194,174.95745031236982,180.23631960947907,104.13593183586768,58.885898782323906,51.80770104804758,151.8759903671386,Trikonasana,frame_0010.jpg
143.3862191094736,164.49720997882082,173.31548551117953,174.48283872683447,110.4326665181184,60.90624805861988,60.530278111934315,148.9411003636899,Trikonasana,frame_0011.jpg
146.00930907963365,167.90573308242702,173.66650589455801,179.9649224706194,110.02359989929757,57.066742002208,62.2615359679426,151.09574742600446,Trikonasana,frame_0012.jpg
148.25634182118202,167.11548498335168,178.54248153639892,178.693913994908,113.08500052750713,59.648206613329194,62.889551936139135,145.45533809162754,Trikonasana,frame_0013.jpg
171.23891911712315,178.27285139561874,174.1834633559492,181.2502186254518,118.09385229238823,69.0751507819466,70.0622446298287,134.42515727074397,Trikonasana,frame_0014.jpg
153.1994753132879,167.92978444116395,172.63035716192783,180.09086876098237,172.12025378838248,166.35319401374468,85.81628765180186,98.27642839017278,Vrikshasana,frame_0000.jpg
149.65179726561536,164.793071957734,171.33157034260117,175.57288638937345,173.62041566486326,168.35614648507698,79.73246253967017,97.69103937718761,Vrikshasana,frame_0001.jpg
144.76679456306692,159.38001695946042,171.38368885114033,174.32651771551807,176.1172717211497,167.23412217270146,79.22203509358194,100.34827904358811,Vrikshasana,frame_0002.jpg
149.02438041434485,162.46621046937238,175.98005272608341,179.80190530404522,182.09211583523359,164.9697200039744,78.51748628290292,101.0601315434313,Vrikshasana,frame_0003.jpg
153.15382377964173,160.85080977995244,177.8720613611215,180.74949569482806,177.41290627495005,164.43094540406463,76.81713391064194,96.37253604327744,Vrikshasana,frame_0004.jpg
151.13152400054565,167.19263085662806,175.67024972472697,177.53145852219959,176.54586023706358,166.23433736861892,84.67197166823644,95.1166359088599,Vrikshasana,frame_0005.jpg
155.82278014786908,170.248522494244,168.47106086384903,145.8720842991983,176.65625755205406,151.18923317643825,83.09571006272812,100.80983202668702,Vrikshasana,frame_0006.jpg
168.26468511368685,180.65135263199045,164.49363393565386,146.14113854363322,175.52997941680758,160.87844016977408,83.51688986960558,105.38078852330213,Vrikshasana,frame_0007.jpg
164.44961603402152,180.1439741034562,169.2184308442104,154.4272708090268,180.0668640779556,167.08908625684288,81.77368910989681,99.67909450740538,Vrikshasana,frame_0008.jpg
161.60125812562023,181.46101162533955,162.45471145924176,143.03455254060094,173.7863817847479,169.1966745540644,91.32842276513551,96.33611272623564,Vrikshasana,frame_0009.jpg
159.40895409535446,169.83553925003196,178.8988609245727,165.82080528294804,162.40736351645555,176.50364823709924,88.84500639180254,90.38650254541642,Vrikshasana,frame_0010.jpg
154.44846743686588,171.1513563576578,172.5955601130343,160.94732976321703,161.7253776609796,180.32125318907896,91.94091231053868,91.60002445125076,Vrikshasana,frame_0011.jpg
151.07889670596404,160.77573587570964,173.5046995485321,177.94613473661852,157.24754007145512,175.9822509297312,91.53339622897545,92.66972373842411,Vrikshasana,frame_0012.jpg
157.02882394654188,143.24174211416107,175.054662244663,173.63424694736185,159.79572358207977,180.53518625073792,93.25586045404089,85.78092892167496,Vrikshasana,frame_0013.jpg
159.52841463583,142.76149166992874,177.53842315912863,164.8299506825388,166.26190474808052,173.72619508736295,91.91844128329187,87.54181851670452,Vrikshasana,frame_0014.jpg
137.40710350265638,138.07488768523993,137.94249276097915,131.34884196010339,161.96591434493425,165.1164932954149,99.4691049565459,82.35285421644025,Bhujangasana,frame_0000.jpg
164.5473823203961,145.2617647842279,157.32511923577164,141.9873507704908,157.34013133038664,169.46941172774325,89.74179768282376,79.12661177807573,Bhujangasana,frame_0001.jpg
142.35426808672855,148.92860920404246,132.44644045172038,130.67999076056395,146.79789574456132,161.3287720594277,101.16279807539868,76.7936838220979,Bhujangasana,frame_0002.jpg
173.65659070272702,157.53163649241415,94.96410670680606,71.62551704439291,167.63105378429464,155.92143964352746,92.49662108874088,91.41586645126368,Bhujangasana,frame_0003.jpg
161.3903083863965,156.94094029061773,133.51326095093157,130.19965253937931,160.01578699297232,180.19842163877607,97.62386000868987,81.55849487683153,Bhujangasana,frame_0004.jpg
163.38915561638663,155.12360633120173,155.259651927533,144.6888718919999,165.24904114450285,172.33487950902725,90.30815509482119,90.0914698207827,Bhujangasana,frame_0005.jpg
164.86516766085836,136.96407450631006,110.53740275270852,101.27194959881646,175.36797766558956,172.0062775072583,100.30463327912155,82.9972034939515,Bhujangasana,frame_0006.jpg
159.96397484465766,149.36168586561442,172.28879341460748,156.17215117586085,171.4516417080175,171.25128171286408,90.77430653259792,84.6662099418916,Bhujangasana,frame_0007.jpg
31.953352255090543,142.14005658514253,172.34326653510925,159.81899258527122,167.16084189411302,182.606022370628,87.47826438834693,91.45294478853913,Bhujangasana,frame_0008.jpg
175.19896587729963,176.1290350878375,170.26329135415514,157.1468974998582,171.16421290613613,174.3748092467564,91.06086645738434,88.54099958723711,Bhujangasana,frame_0009.jpg
157.9352667290895,150.3044188874937,153.26146159086545,143.28078096017438,164.8418654842542,165.2194865510931,100.98404206648816,76.95845136893679,Bhujangasana,frame_0010.jpg
174.05911548165744,153.29217516857207,155.93369170239632,140.20892607319905,155.70868640406124,172.7682046188306,108.37144517085075,73.18174640305647,Bhujangasana,frame_0011.jpg
153.56694063539814,157.15517856714158,98.36288582321981,98.27541209374645,139.97975334499057,139.59358452104098,38.914799650052174,155.4699935042495,Bhujangasana,frame_0012.jpg
138.20886087967241,141.34436838738443,105.85484872902983,110.76988428936913,137.02421822862374,139.7458470223586,143.66850192286626,52.902203906422784,Bhujangasana,frame_0013.jpg
152.14529871179388,118.41286453801062,137.35510975455898,141.78819875488776,162.4890301403096,160.23525341721702,133.76701376200157,57.74880082636389,Bhujangasana,frame_0014.jpg
117.57932720274437,132.76824524776413,140.19221854184127,144.50229428189058,108.10868954107617,109.40506952584373,79.63154790893584,118.93441637875229,Shavasana,frame_0000.jpg
130.25417391140468,157.26002682908586,144.74762851111166,143.4373620134681,105.82180377376723,107.33838117404196,92.51041849287688,100.08665144498205,Shavasana,frame_0001.jpg
139.83731067319505,146.9142986389931,165.6091673664519,174.26228864411715,121.78400659226833,129.9697312971723,102.46381834302296,102.92146624664502,Shavasana,frame_0002.jpg
126.41245006864457,163.49344372250366,163.36075475375978,160.52579750222745,122.05184283501363,122.81189599474871,104.25672288663569,86.51210580643261,Shavasana,frame_0003.jpg
124.22782039129537,155.4064591644942,154.04590813246938,157.56817628235837,121.60071256381343,116.56230822483387,100.8291795391055,91.86847853916711,Shavasana,frame_0004.jpg
131.7804372076097,164.8177579560926,171.74807933964337,175.8830766631399,125.81925288843112,130.7052407561069,107.8567940973438,92.5602196249497,Shavasana,frame_0005.jpg
143.27890433431173,169.7277063942412,173.53154121980722,175.92426590164715,137.43994800303614,146.4682232570457,89.21437511897064,100.38359235866145,Shavasana,frame_0006.jpg
162.55821088988142,158.96468940747368,170.5788769677478,175.6048863457398,140.42964624051913,152.84847455374017,15.660047455656423,140.43065825900504,Shavasana,frame_0007.jpg
148.80113747273214,137.90225577132892,170.20028625490647,177.26529095262924,154.97113714047885,167.17279983086212,3.781022943420958,141.15034949160597,Shavasana,frame_0008.jpg
117.65422375405227,3.5695725589252896,174.67398697866128,172.85234387002598,177.25610221272814,169.75195800938053,128.08033381366113,56.845414696838915,Bhujangasana,frame_0000.jpg
81.22838189653322,39.57811075703854,163.11935477462933,157.675089754218,167.39636703610333,162.02750341007385,79.54425757861554,92.231749580459,Bhujangasana,frame_0001.jpg
131.84359906064427,20.63261577830376,168.05599489593854,166.2924719598526,174.37910558905034,166.5682192630626,108.06575497637597,70.92031511516927,Bhujangasana,frame_0002.jpg
167.36068762915167,49.82547629116803,166.53916705401585,162.50656310850874,176.78260856304266,168.8992109532712,121.65254554091791,58.555632514582534,Bhujangasana,frame_0003.jpg
125.78458749941161,53.50951847919234,167.22688296964853,164.6385209703642,172.0306111856742,164.64668361949424,127.72060469435692,58.377464092497554,Bhujangasana,frame_0004.jpg
181.02079824812535,66.44700804871236,163.01828595201798,158.34122113162948,182.9161457745904,172.0158931612203,94.6341078368568,79.08988457277668,Bhujangasana,frame_0005.jpg
122.1498712508592,120.42350843489878,160.9460075149014,155.01322845998365,167.06665593425615,171.6718965364141,19.983926686108216,168.1715907602688,Bhujangasana,frame_0006.jpg
173.76484470124242,133.86175214489106,171.17731300520265,157.09570367546934,144.24654512719454,161.07209256167346,33.26981888738402,167.53881500035598,Bhujangasana,frame_0007.jpg
179.5701089445868,145.008359761355,160.74982569939215,150.27704340346193,142.51211237005555,161.87928912774208,47.272739902612074,169.59547109474042,Bhujangasana,frame_0008.jpg
170.84950697525562,166.75657462608314,153.30146847741045,145.41233803238444,149.37221919045507,166.13732352012636,50.21677893135621,170.0028993186632,Bhujangasana,frame_0009.jpg
166.70487983725496,163.0924623311012,153.0203254228536,144.07011796511168,144.51653395130532,163.9560909787912,45.8045656708669,176.93825272378535,Bhujangasana,frame_0010.jpg
171.65830034342312,166.7978479613649,159.32889366765275,147.896331553453,147.7091819938284,165.4422662534868,47.571805406432254,173.59159865699792,Bhujangasana,frame_0011.jpg
172.76607530421802,155.28105149752682,166.05495685182424,153.75016606261832,151.86897239256425,170.5770974239298,39.408008348109256,176.00524856950648,Bhujangasana,frame_0012.jpg
167.278614951308,157.22940933447052,165.14191004134048,152.49121516824246,148.7170720183205,165.55046727879565,43.255449576389935,169.51529059730552,Bhujangasana,frame_0013.jpg
167.7042772103861,159.27957725797714,160.6978221732881,152.48107551781388,152.62701663940663,168.34197358842903,47.59908398303175,178.87231018579226,Bhujangasana,frame_0014.jpg
177.0496399553546,162.2101135676853,117.66449480778999,101.010858108544,172.71635637553084,160.2541861515316,84.94513334497091,97.59099420026023,Padmasana,frame_0000.jpg
178.90043480432905,169.72980610940658,126.8318170926698,45.65597038498603,159.70940034146332,142.6025861454308,88.48163899231653,94.43036894482384,Padmasana,frame_0001.jpg
177.9987027199471,171.19925272370816,113.43883749678609,25.72465035293697,167.41332453766236,137.12643814734074,86.99161847086678,93.64414876572104,Padmasana,frame_0002.jpg
177.9143937078397,172.25666005266015,121.48954962759304,71.72813106918932,172.11550154071642,150.02545495092258,86.63583752728411,92.30220277261589,Padmasana,frame_0003.jpg
176.4699931198113,170.30078110781116,107.75164829681839,59.27493774877887,176.4368933377373,148.18457528196944,90.93362697851252,95.7298173633538,Padmasana,frame_0004.jpg
182.51659732433285,171.22253380889686,105.60331201462861,17.694382292110465,171.90951573900287,148.15852287400702,85.06139847114963,95.48761585085641,Padmasana,frame_0005.jpg
181.41394245323403,173.380645738756,117.0139389101945,41.62480117787716,165.04448665067792,144.93689716069233,88.6417805285517,96.77704132048817,Padmasana,frame_0006.jpg
175.02642090668036,170.66173491731064,116.73074695156305,28.307748471948045,166.95157318470643,134.6937540005418,87.7718040848561,97.12029461600889,Padmasana,frame_0007.jpg
178.4765602592821,176.78275061410957,43.66892501743248,0.7989453561605238,170.3508382502475,136.23010629474322,85.911575267185,94.21078812534603,Padmasana,frame_0008.jpg
175.2453141352454,170.7417560649401,27.659295056976674,6.474173054116881,167.85999426062432,140.57655219317624,88.77800730360462,92.70381824189738,Padmasana,frame_0009.jpg
177.7864935023321,176.63700703404777,38.4081076796475,-1.200796004311325,169.489161151487,137.35254208239604,81.87078973120275,94.81052394536069,Padmasana,frame_0010.jpg
178.8918473093852,170.9649025730136,75.01142132966264,16.99663197315195,169.14036425305207,140.7222567464949,85.74967919958803,95.79014974049922,Padmasana,frame_0011.jpg
181.57670691993908,170.32068990420836,37.15744490740484,3.875917529784493,168.10784302072614,137.464499027506,87.57252851074203,95.5166408578816,Padmasana,frame_0012.jpg
177.0809531675165,174.3860455688853,31.209830785832754,2.429542796967747,167.32704346916034,137.79362312267668,86.9157058492672,96.72884887770189,Padmasana,frame_0013.jpg
180.7347524587549,172.29738244815985,42.05845036269255,13.57557013554506,168.57677275167669,140.2155373618367,87.81337828980674,95.65781165024495,Padmasana,frame_0014.jpg
132.81500634812173,134.8079895010788,177.4341075729816,176.50983655819726,179.41140363920235,174.67997150705799,83.5809821419353,95.22471441440644,Tadasana,frame_0000.jpg
0.6241233486532605,18.641208450332027,176.9269275831675,175.6509270542271,174.41143082705386,173.38096220495112,87.3383651440814,94.88352969224727,Tadasana,frame_0001.jpg
151.42555376215094,138.23936807987494,181.7934527383103,172.93543915562412,176.63091932583555,173.0263155570753,93.41650118091032,94.35540410125608,Tadasana,frame_0002.jpg
161.82620368520753,154.42798815148356,176.73864720917084,171.6101143775732,173.72164731123866,176.24699532715292,86.45209243610643,89.95769100756351,Tadasana,frame_0003.jpg
168.39319830712276,153.42783315111603,180.34053754653468,171.20489961498882,173.81328271337551,174.98627670480522,85.36829804332898,96.29646044139672,Tadasana,frame_0004.jpg
170.965465286344,150.86765600635425,179.12328145863145,177.20311229671884,179.85520635939253,167.4042550525235,83.33627414205671,95.29656533415209,Tadasana,frame_0005.jpg
174.18395795541664,153.3550659404667,179.14196754237517,177.37355628811693,181.4010928772921,172.1062500916885,80.06039008850162,96.02116876020581,Tadasana,frame_0006.jpg
164.9838151155917,154.24999597057536,177.55213699984398,173.90027693285836,177.79083887016515,173.86101421531959,81.6533756396711,98.18230784719317,Tadasana,frame_0007.jpg
166.3799944367687,154.63035492497934,177.74091901725123,169.06073254391313,175.6044491173806,175.03351697502643,81.54624623707566,94.42663882300977,Tadasana,frame_0008.jpg
164.1488554681975,156.58933915779656,178.60358244305897,176.09161846926517,177.751821999456,174.42833761441074,83.92230208252685,96.29735037470705,Tadasana,frame_0009.jpg
167.2260593096805,156.8553458453758,180.11644956909151,169.39394333150042,178.5202373668673,175.29712964451582,84.01170193171846,91.29783899099452,Tadasana,frame_0010.jpg
167.40615548559273,153.05038330951024,177.52372310644813,172.8661782447154,178.14313409173994,169.87933080123594,83.88955133121651,93.46214832339278,Tadasana,frame_0011.jpg
166.1771715617024,152.51178359407626,179.90123337505563,175.13591719426915,176.08901750602018,175.17444073492086,83.87790082766566,94.00744952609175,Tadasana,frame_0012.jpg
168.90897593940576,153.00379037290605,177.2243936901947,171.7326931705209,177.19315937538113,176.0285816664281,84.32759110013296,94.76223163079085,Tadasana,frame_0013.jpg
167.15198628820417,161.06342938923663,178.53653090676494,173.31674235779994,180.13678030243457,171.52863850714894,90.68772986181874,92.984183916644,Tadasana,frame_0014.jpg
174.35623264452127,171.14935587721294,178.05931115585548,174.90132936440864,175.95401165618884,134.89897114897994,91.4813136790166,99.51243378434962,Trikonasana,frame_0000.jpg
169.12526449422214,178.0654579800228,178.79612846346626,180.0791865583762,156.89388721783695,113.94037495442373,96.57146868915116,104.91722827337992,Trikonasana,frame_0001.jpg
170.74516325625717,179.38020727096304,176.25421437295083,177.34216453772012,127.98466020966427,90.30851797889815,48.65969944102288,139.42762434579635,Trikonasana,frame_0002.jpg
166.1035719543782,156.74141655196271,166.96680578640317,173.57559619011613,117.95629173163833,96.60059945154914,19.106184421149536,161.10387728767066,Trikonasana,frame_0003.jpg
139.25715572867892,162.8845043485712,177.69333479765393,179.05486638545574,131.00487893710456,78.10646610199038,68.89010302494908,133.70908213097366,Trikonasana,frame_0004.jpg
172.72792445061808,166.67190573822083,175.45463200363923,169.27802578672868,139.10695800887294,87.80966739587635,89.73089074763723,117.96477484097392,Trikonasana,frame_0005.jpg
168.81885983724882,177.42165696081065,169.29808008036068,175.91716743308226,133.80599439010714,79.75238166228267,80.73977817480224,125.77713092304889,Trikonasana,frame_0006.jpg
163.414496127481,166.94404682055298,168.31612040151757,176.47222048066823,144.01634904649703,90.14178024662996,88.05672683051313,123.06013023148208,Trikonasana,frame_0007.jpg
168.80606198889663,169.47360354947935,170.31215847372738,180.5412458549036,133.8426825345986,91.58189207318745,89.60300942018108,127.16117571701879,Trikonasana,frame_0008.jpg
176.0061730132655,177.2065804948905,170.4477308197829,179.6535268288363,134.65051975954634,87.9730182293184,85.94049117054122,120.15821268593758,Trikonasana,frame_0009.jpg
179.54660415984435,175.81826635133663,177.3612912594383,171.6114362099545,134.38059398678604,81.4125456164934,86.8956497068497,121.16335211174002,Trikonasana,frame_0010.jpg
172.10920622702614,176.11410327822955,174.3442001310369,179.00364079319354,144.41152685406175,90.92441863227569,90.45242302970001,122.6280773051271,Trikonasana,frame_0011.jpg
173.44424841244555,170.90701883949433,170.89653392483777,171.97998930236892,139.40978637304167,92.36969579937278,91.06150016833278,123.92640052058735,Trikonasana,frame_0012.jpg
172.87402126234176,171.0845266158822,171.705144882083,176.32995676509034,128.71126320727683,86.86854720720248,79.76190781327172,130.98478767394843,Trikonasana,frame_0013.jpg
171.99013735865418,171.45168147868145,173.1541800182529,175.33956547745333,136.71275424668423,88.63855538398904,85.44542640003782,123.20193184081542,Trikonasana,frame_0014.jpg
172.65355027150176,160.5375896495281,174.20219843541116,178.57241437718602,178.52872127465386,176.8113974903203,80.52423469832002,93.55449070534863,Vrikshasana,frame_0000.jpg
178.47878570362033,167.10304128208827,176.94792771476827,181.2372245178533,178.76459423965764,175.1767878196678,80.60027279469641,94.81320461145765,Vrikshasana,frame_0001.jpg
181.11467977246485,155.647468630327,174.02516687679253,173.2823334494419,168.8762542837241,174.6348976584197,80.42808618187854,96.16073767245193,Vrikshasana,frame_0002.jpg
29.427749246908743,30.458372115557616,164.9235593987318,181.938359891667,156.52237259177033,173.32288399099937,82.30176481333217,91.290921664667,Vrikshasana,frame_0003.jpg
29.997828970942805,42.978245646149745,167.6633123140566,177.44343710464105,175.56231799808805,176.57732431398793,84.93146274125925,99.78482147545493,Vrikshasana,frame_0004.jpg
28.106129985884007,38.32199325144377,172.28462728743708,178.2890262087058,174.78607929921284,176.41668739848419,80.53397109087848,99.58507007551658,Vrikshasana,frame_0005.jpg
22.568679651399208,39.795048085922275,164.45476981850322,176.31318538115207,175.23259004689024,179.4849278719683,75.65636250246732,99.5200267826824,Vrikshasana,frame_0006.jpg
31.82026874185285,42.233097255836554,173.06602284241376,174.45855127698294,166.8980938927512,174.51148255829122,82.72839608905348,95.35980460101278,Vrikshasana,frame_0007.jpg
29.83704203159047,32.498413706521504,169.16239523271253,176.03707850727503,162.85494249957839,174.0185020394036,83.58126815834589,93.92283450031955,Vrikshasana,frame_0008.jpg
31.573919733810904,41.67409634063111,168.3940401900992,182.5912559272908,169.06403750078454,177.23245523784826,81.59972897328645,95.72779393794958,Vrikshasana,frame_0009.jpg
26.979667923086325,40.46624426481673,172.39313914866827,177.68339430524162,169.79207916232664,180.79671720810254,81.81481839636207,93.92093819036528,Vrikshasana,frame_0010.jpg
25.93654369031066,36.798442039324044,174.56387697924558,172.4124703811446,167.58968463184175,178.13186691534872,82.6314132242865,97.5748450167206,Vrikshasana,frame_0011.jpg
25.288215272252458,35.440131355352136,176.21362620273626,174.00893607914585,177.24779280394893,181.21781830484412,79.76938891765512,96.99952584085315,Vrikshasana,frame_0012.jpg
28.95433762110947,40.39798140620107,165.23329498153223,179.59466253336024,163.25155586037596,181.21939098462923,77.31170210640909,96.90417204208147,Vrikshasana,frame_0013.jpg
29.7800043893701,40.53193724003826,168.62646891989996,179.5610539962114,171.31100531365777,175.1293569979978,79.89328698784664,95.31149087437838,Vrikshasana,frame_0014.jpg
129.76351957317405,97.38855904767013,160.1661270128514,156.82793618889852,178.4307106775559,168.08014172251424,80.6047178977586,96.75783132452501,Bhujangasana,frame_0000.jpg
147.0773812075452,121.87729924350585,156.45949454401932,148.19574873474352,176.2524361874863,172.81200138453363,34.20024159239506,124.56689706240482,Bhujangasana,frame_0001.jpg
148.45505429012562,129.00575934372304,153.76399161084913,150.4360323557501,168.65802019371188,178.14552537213834,20.298482876128073,176.14638482977463,Bhujangasana,frame_0002.jpg
146.67287563116543,125.48634635223254,162.34682145599731,149.39657326829632,152.73442890650463,170.55401306737568,27.007239312197797,176.21762621217115,Bhujangasana,frame_0003.jpg
148.41271967505926,124.9179743808749,162.89675883386477,151.53090735648385,148.38499320266885,175.71971630161826,23.98912723564148,181.41891381122383,Bhujangasana,frame_0004.jpg
158.66077744655504,137.78545390982458,158.76965046460467,148.2132013330291,157.5507054827331,177.8296259002298,29.340238662280854,179.74650125723753,Bhujangasana,frame_0005.jpg
158.40720637172006,130.21865393889348,159.31846300406613,151.9957685778139,159.01858067380815,172.7052887021302,28.5397512298371,178.3482790429508,Bhujangasana,frame_0006.jpg
157.38473211082342,123.82024994466568,158.3811687595316,150.06426855759744,150.0814124977305,171.54335918036523,45.59636259945693,171.04159268012657,Bhujangasana,frame_0007.jpg
160.8153148082809,120.3558847170531,157.0643613307916,147.96898396048962,151.98642478380896,174.2444438233873,30.886915262678514,141.4827921236342,Bhujangasana,frame_0008.jpg
159.3581687277086,133.02674149768052,159.87996250460205,148.55966449050345,163.33137289468436,177.17078136900508,30.115181734703835,129.4117215579514,Bhujangasana,frame_0009.jpg
154.09793198181274,130.54016534216967,162.03088525519638,153.26356919265737,155.61894225479884,170.66715340988623,80.49767756230816,108.0529830294354,Bhujangasana,frame_0010.jpg
154.6827843211137,124.97252527410407,156.09783861235633,147.5715997582802,154.2061047383559,165.54743412138865,115.48441855193501,82.07553012700654,Bhujangasana,frame_0011.jpg
156.42855612027182,128.4281404664061,152.34478309329253,142.15660894701975,155.57113111630045,166.68703296103217,120.02588332427175,79.39499166982371,Bhujangasana,frame_0012.jpg
156.20292628157154,120.66001947032365,151.36920110906624,143.65822851979075,156.29691169490883,166.76424232973847,120.8421491347542,75.82071278074007,Bhujangasana,frame_0013.jpg
154.24160363986263,124.87980368435875,156.72907980095982,147.32909273046172,152.6576140645323,166.3409085817442,121.02706373344988,77.48669093810021,Bhujangasana,frame_0014.jpg
166.68786374564263,118.18508769143568,27.17126944558168,17.8745721908962,67.72634817170942,70.77478586623322,83.58687156205885,95.38578301015256,Padmasana,frame_0000.jpg
170.1884921186717,108.29509619834558,34.50597297692525,32.90166302069363,92.84496140897565,103.52933079431094,83.37786156431262,95.02382033473891,Padmasana,frame_0001.jpg
169.79943305646404,112.36402810467075,30.271409888964314,32.99115282461786,84.19654309026893,89.11252656637227,84.20599834501755,96.51979361273452,Padmasana,frame_0002.jpg
169.2928411499793,134.89279590731712,41.868218836254954,39.832287550949495,75.16522838881836,78.6472319446572,83.98255502924067,93.47417242562773,Padmasana,frame_0003.jpg
163.15827543796647,127.34403733735193,38.414014552193116,40.06101352729242,89.62055636006528,111.04547421429238,83.00695289927326,90.79781843745494,Padmasana,frame_0004.jpg
163.57730814043683,119.91341876995652,51.657214847594176,64.14475170530122,103.35745343647653,125.096758722721,84.2621133675472,92.83833163927545,Padmasana,frame_0005.jpg
164.41960932465102,135.80232678546122,44.81022699024326,45.73466208592532,98.60522991625209,119.30438941765823,84.85844049217866,96.1049049607716,Padmasana,frame_0006.jpg
164.7418495142595,132.54513255039973,62.917209066004396,66.91344856772423,116.0725241523785,145.94218196966523,84.9062209509774,92.6318270401058,Padmasana,frame_0007.jpg
163.62320300312317,135.38501624792073,53.24098497930675,60.31911202811427,97.35433399131702,123.08915169889634,85.35332014141083,92.45637260828816,Padmasana,frame_0008.jpg
165.51805259756728,145.02195744499537,55.91107122938278,49.78800251506112,104.39795013783431,116.46229327914232,85.92984907533943,94.765514407414,Padmasana,frame_0009.jpg
167.89016043487797,138.98529372042128,60.85340952318619,60.3701223525796,107.431401880617,130.38320001030658,85.77571874323941,94.28205559591095,Padmasana,frame_0010.jpg
165.85214771010587,134.10047993761052,81.19921632142218,82.74143805148957,126.5647169827735,143.96645328156143,82.2020540410527,95.03387087099144,Padmasana,frame_0011.jpg
165.7237204703602,134.55696246457052,58.31213554919202,78.3043959899817,115.00729743193854,149.83346108614123,81.07181910667735,97.48671769775686,Padmasana,frame_0012.jpg
160.46096028066714,132.56970878873034,61.45365018941265,67.36884991407095,116.57003714003234,147.07776288430745,87.92995320821146,97.5559513786316,Padmasana,frame_0013.jpg
166.24675545937137,137.7387834100979,54.79037494178912,48.64324297748713,103.24245908382615,107.27176849818544,83.64474359698774,92.01942913205843,Padmasana,frame_0014.jpg
100.69871320833536,78.29772539716454,178.0780573975996,177.89740937422764,175.90647772742562,172.56019849957232,46.3632251718763,114.3934298507993,Shavasana,frame_0000.jpg
96.56976358396224,61.22439412503658,170.75269522285498,175.2292519921376,179.82248658647273,174.7296697695969,13.30222003862645,147.9941017038382,Shavasana,frame_0001.jpg
68.25484839686098,20.715139265906878,167.8987138170977,169.51366560476868,165.55624977636515,176.40630159033773,-0.5468491804864566,159.08829460376373,Shavasana,frame_0002.jpg
129.64072271112653,8.575973241274266,171.59469836079376,170.51561255983202,170.47418803896701,162.0740700360578,2.189638758193343,147.30593714404435,Shavasana,frame_0003.jpg
92.52602506586207,38.974140681671436,171.15113379793857,177.80852538782753,175.8000824760047,171.21717997305242,3.448814657679165,148.64801025827492,Shavasana,frame_0004.jpg
92.24636681568384,74.51211679669187,169.8039259377778,177.1605852049172,178.15743473746008,166.75295250648512,3.6112936130659294,145.81393311004317,Shavasana,frame_0005.jpg
91.88337049724147,70.06420006001663,170.0860800840129,176.06594098227316,181.82924701538607,166.87861900460135,6.907664409980361,140.76914819309934,Shavasana,frame_0006.jpg
96.27603800331312,68.25181109614844,168.04709813637666,176.57438535474515,175.50386381801775,173.29211587263504,7.589741355888646,149.66294340632265,Shavasana,frame_0007.jpg
106.82511980058322,69.73699480383738,162.13465810108676,172.06265852606322,175.84512666202994,172.3548980596791,9.845891123195491,150.45726500694454,Shavasana,frame_0008.jpg
129.1178033182318,59.49102192480105,165.93129322613274,170.3660143626244,170.8316850228997,170.85759349810834,6.055769751385102,152.42781008390665,Shavasana,frame_0009.jpg
150.569498672257,26.468292252029883,157.96455622796046,172.33979014190874,171.24524696601907,178.21529660444043,5.633180851791213,155.08218460902842,Shavasana,frame_0010.jpg
111.89668199026514,59.84608970905327,163.61404361203074,169.84439380081923,173.02282419610086,174.38518263671295,10.431605382877239,145.00031844744726,Shavasana,frame_0011.jpg
94.71470781707508,21.305044411126374,164.73223967588382,168.46633090918485,171.51605055603386,170.96414162648628,1.5794655541183538,158.34664046876114,Shavasana,frame_0012.jpg
109.21635599033388,57.28661274741977,167.61142713050603,174.78571949462665,179.9214135461438,169.82005880924729,16.190997846060387,130.18532434836385,Shavasana,frame_0013.jpg
87.99722910682931,36.27721055547153,160.81398568927418,173.11802017273814,169.5861666093723,174.08224227634744,2.6999855013817693,150.56576424988884,Shavasana,frame_0014.jpg
110.88743837668895,111.72893044270091,175.6944453604176,176.83909389010714,179.06130571028373,176.54049274849768,83.69085176057358,95.04052977255519,Tadasana,frame_0000.jpg
130.4814506685961,127.57107705039797,178.78887375899848,178.59917516356137,175.6707510151995,174.76958341883383,82.88348956609521,95.51409674761712,Tadasana,frame_0001.jpg
158.67856119984145,154.69446189639152,178.08574562210345,176.52653131500972,174.42851355922363,170.01085467495588,86.94627316922839,90.37040527050301,Tadasana,frame_0002.jpg
155.17347419342596,159.36297313222335,173.9397372866912,179.99377880250904,177.5919022329261,172.92270028980488,93.08119222934991,93.34776420966098,Tadasana,frame_0003.jpg
154.67048850835295,156.45889513130288,181.14376837483053,176.67603287387226,179.9132157740692,171.88880383978318,89.35067290793538,92.91109734194949,Tadasana,frame_0004.jpg
148.5006692959448,166.29209152593114,176.20556798226733,175.42916743294018,175.65771059235638,171.35914325423275,85.9561412190215,93.36142736409487,Tadasana,frame_0005.jpg
147.35554714489777,165.1847675970483,177.4413346536536,177.265239152228,179.79110847470272,172.71157579647235,87.74671384763377,92.65655967551979,Tadasana,frame_0006.jpg
148.24931995051486,166.3309268588963,177.22263371234962,177.23653503591638,177.49361828765296,170.32735825872308,90.54798345877602,90.78795954899509,Tadasana,frame_0007.jpg
148.7118829381283,157.02821115542235,181.8727375278668,176.0548535880366,183.11320424384607,176.22229793145837,83.87019440159784,94.95971352830419,Tadasana,frame_0008.jpg
146.65296109858227,155.43693178936934,178.76858710239753,177.33967625420897,178.6287849729318,171.95767215509872,89.36902744504191,97.24680570196018,Tadasana,frame_0009.jpg
150.9812906047886,147.906932543741,174.40030979018366,182.09965233482234,178.67856554472587,170.2696223337352,82.84658194869573,95.80695641767574,Tadasana,frame_0010.jpg
150.797542926989,149.16283576410996,177.0864258833871,178.62778743901546,182.15613676165168,173.3332458017966,84.00841371873936,94.78972456241158,Tadasana,frame_0011.jpg
147.66096257368605,148.4552280758991,175.89250038371134,175.00597814107144,180.57004250910234,169.41964257920804,84.2933505037899,94.50053168477733,Tadasana,frame_0012.jpg
147.50824998936542,155.96477093130355,180.40295745989306,176.68652883565395,174.26307599192174,172.9053825934539,88.5990191470302,94.84729785996093,Tadasana,frame_0013.jpg
148.32657023233426,156.52013970240623,177.32690667018494,178.80557993757583,175.62987444960828,172.63262395671998,86.05340009975626,95.09053858919889,Tadasana,frame_0014.jpg
61.373018389094604,43.79968924508577,95.33478206526617,155.4669353647823,149.07860681269324,174.92743421462822,86.17292919291535,89.57238476273677,Vrikshasana,frame_0000.jpg
67.86093447001008,51.98061046656487,117.70752619952677,160.12480632048835,159.96542805397334,177.08746914061638,79.19515221370635,95.45608853286642,Vrikshasana,frame_0001.jpg
57.10222587382238,44.9658322212313,102.31148098897656,156.45513690235063,155.37731327309146,180.55345841521935,86.1816374558861,94.77079349400513,Vrikshasana,frame_0002.jpg
64.46675914033582,37.121863157746546,97.87356384381364,150.6364858899856,147.26965731081725,179.77033498955782,79.30357594079234,92.99139599288424,Vrikshasana,frame_0003.jpg
61.284606097203266,34.26709234795428,104.46349412843524,154.78668821827296,153.2532063860862,177.91682314260183,84.72692847169593,91.79794039668286,Vrikshasana,frame_0004.jpg
60.16574644455156,44.274606973843355,91.94115268318421,151.11268663977083,146.32498248841299,180.17724012052278,82.35308259760559,95.83757513008305,Vrikshasana,frame_0005.jpg
64.44983754231187,54.41255320721343,148.87033566203678,160.1620091747406,165.9335332220305,178.5639444789774,78.4793255387248,96.59741702183511,Vrikshasana,frame_0006.jpg
52.637277418872664,63.01461994799026,173.50147509047318,179.2720034340314,169.37722848683683,169.97133851443894,88.09864029755558,93.8938418060741,Vrikshasana,frame_0007.jpg
41.263685675596065,59.51135634468608,175.9561877437021,176.85067523202497,165.9262152044277,182.55178944612854,77.64523665340266,94.0191719454548,Vrikshasana,frame_0008.jpg
39.74784424561045,63.945401710229504,176.89882842632358,180.13692165142592,174.28725337739684,170.48202555551882,85.32520010053783,95.53373016433655,Vrikshasana,frame_0009.jpg
42.217577384943,55.829229747388794,177.80066643344597,168.3086722153496,174.1166025970846,176.37844524926885,80.50565070676186,93.58048924648318,Vrikshasana,frame_0010.jpg
48.04054176464562,63.31842101508109,174.00801978203143,165.91648298498959,179.60148559039627,173.25836901316677,86.29732869076676,100.4993869735989,Vrikshasana,frame_0011.jpg
59.13027286592909,68.8201398511483,166.0855007897008,142.40764249972452,170.35856981278084,160.4421762907114,83.77516344298282,102.30756574113404,Vrikshasana,frame_0012.jpg
60.19663074532101,63.42348953422214,150.75253612349937,115.14882156287557,163.93741666449057,142.22732031410837,81.12219155518747,108.16171723301801,Vrikshasana,frame_0013.jpg
63.1304131089787,67.07557222863103,163.2113167378472,143.687914237144,171.87627048658285,161.72436596899627,76.45581596866445,109.92526717734218,Vrikshasana,frame_0014.jpg
52.21378875879441,124.21627137413218,20.545775262065685,30.266703814868468,19.16417999899395,19.971777339029703,80.4961995775065,99.02739128081303,Padmasana,frame_0000.jpg
106.37208143613607,82.2362617238022,20.146010687810843,-0.0529086704456839,48.420429051318855,26.970889714138508,78.93580079310185,97.15485279321926,Padmasana,frame_0001.jpg
130.0454790451705,95.23720801307375,16.31745752834265,5.266206373102648,14.446661516589675,4.493986583345617,80.46665835555879,94.7584647162514,Padmasana,frame_0002.jpg
123.66338256760542,91.09433543118145,43.37682706907483,39.8765118772057,111.27036289200525,116.54278692853033,92.49539338723524,91.09967067889133,Padmasana,frame_0003.jpg
135.1847408794215,106.57750006482885,90.48020785788418,77.08270347557503,162.65695096999693,150.3742987803904,80.67927242316406,99.95419114666466,Padmasana,frame_0004.jpg
145.4430977455768,145.5302812177702,58.76751305696643,54.23773190334655,144.88036446183597,129.9033279194651,65.39866699165712,106.7912203705205,Padmasana,frame_0005.jpg
129.7517065964204,166.05576658200897,69.44947127982101,56.81040596566137,148.87409530922972,131.3033121962984,70.84744686342054,105.78349491320343,Padmasana,frame_0006.jpg
159.9677491405188,143.57503509016755,155.2630447251054,88.12495288910246,143.8651380010733,146.98216359037153,80.01553124321642,99.49125942370388,Padmasana,frame_0007.jpg
150.7375847245626,171.6802441916474,128.44937636429592,99.1408019584838,165.9049894104263,155.5061692880808,83.17682394673784,100.0406880928007,Padmasana,frame_0008.jpg
133.89591038047988,174.474394275934,112.74233703642706,125.32807984726719,169.15569333508665,164.56091820071646,83.2264062731825,94.66020289865439,Padmasana,frame_0009.jpg
143.1053579649691,172.70871130096685,97.47914409481737,49.940754992323406,180.3857630095423,137.22235896662474,74.92214621921386,103.60364167220416,Padmasana,frame_0010.jpg
144.44354069465766,170.3662733774689,53.82511482573876,52.00920948296253,137.4780365787809,122.90256530492742,68.74926785213265,107.916482865967,Padmasana,frame_0011.jpg
125.70796554999946,175.32049864257735,104.24439899064244,84.88171509161887,156.15294939874056,133.71701322502767,72.46289340199449,110.62598272739899,Padmasana,frame_0012.jpg
96.61861778626825,116.47233919637382,117.39413060604942,83.18374372111342,165.4908875070964,143.81363833424624,75.1397984599517,107.0178815320154,Padmasana,frame_0013.jpg
107.29452770919082,135.53040696456725,77.63435817353873,105.84086583690508,172.17587851033628,171.81264035856935,81.94959927814318,99.5860283984095,Padmasana,frame_0014.jpg
150.86231472727866,154.01257063016573,171.9439195812285,171.59395928031665,170.7097866204313,170.70025065149522,86.51913371393893,90.41858798753044,Tadasana,frame_0000.jpg
150.5656241111288,154.12389466625254,173.99391526554817,174.7109830842063,175.09778968814476,173.91743353983148,84.70472627150825,92.88868771049374,Tadasana,frame_0001.jpg
148.00591515143347,155.00954988771412,177.07506436725237,170.51072483374494,174.51040973357286,170.61087886405986,85.28595235504355,94.6643349808736,Tadasana,frame_0002.jpg
152.30250620744172,154.73156983213593,180.6538049900142,173.0446357245028,173.1285765054986,174.22928264891377,88.32301526798128,91.26502563062463,Tadasana,frame_0003.jpg
147.0341561661367,150.90549983807622,175.17869223813364,173.64692371170347,172.53624887907807,174.98587923366603,87.28993815086747,95.13232498828873,Tadasana,frame_0004.jpg
146.31755222376765,147.26174389356285,178.0196195313968,173.00739071868065,171.5572332830744,172.2325815118346,88.56441110866174,91.81898415547543,Tadasana,frame_0005.jpg
112.16193872222152,116.09765926668659,174.4271334143169,172.8443594001778,172.74655355357768,173.6881713883853,86.21431947171483,94.22866057971835,Tadasana,frame_0006.jpg
52.096893055175315,15.371741534520055,172.24007642020325,179.21763579510375,172.49764377053174,177.43026986888765,87.00832571997222,93.74602451001836,Tadasana,frame_0007.jpg
104.12379248998232,94.95785549397031,173.95627070364523,180.86533658873435,173.91851807120523,175.14850768199332,85.18790495256677,93.7783437183764,Tadasana,frame_0008.jpg
149.15144816984755,129.0983755560206,177.38949547846912,178.40685761491406,174.1083150233239,171.8101057091927,85.14003860361584,91.73051753890634,Tadasana,frame_0009.jpg
146.29781904402634,141.39837789484656,179.80045886479974,173.1165472092628,175.1538066870156,176.63180958294356,82.7637240941422,93.1334660806466,Tadasana,frame_0010.jpg
140.91759698264747,57.57058513911005,179.4239284833497,174.63564116008618,174.8556983639309,172.81502494539,102.52244075907211,87.2885500318813,Tadasana,frame_0011.jpg
3.301606750458296,145.80189879912268,174.55233702058933,177.66931839897546,177.8725470727517,174.34071414867222,99.0662248142559,89.82273994160487,Tadasana,frame_0012.jpg
139.04780462521418,147.32036833430178,178.57538042665863,179.10742687825638,171.88490600327341,172.71378240886767,102.14370212221024,89.64008576409282,Tadasana,frame_0013.jpg
153.79678029787718,144.24767168156654,179.86106004796275,172.62140817475918,176.50178299105457,174.18144368925525,97.51679825162785,83.82657465603245,Tadasana,frame_0014.jpg
165.81729449173022,155.77791882637874,173.6398492591482,159.60689243723468,181.0408264848506,169.21809155179105,89.06334021181034,94.75297092249642,Vrikshasana,frame_0000.jpg
160.79190035737724,155.19972420236124,173.00884830966706,161.5798440337443,180.4132772569004,176.40009236404896,88.94148612970419,94.07865415655846,Vrikshasana,frame_0001.jpg
167.57850254309872,150.97879759201624,168.9506622703381,163.01242445667125,174.73521228562686,164.45638931460164,87.40688885710689,98.74125650001126,Vrikshasana,frame_0002.jpg
169.17327211214246,153.2216535721281,169.51946699018336,162.87152962303054,172.60155515487835,166.11786139849065,84.84004964922265,99.13031130464051,Vrikshasana,frame_0003.jpg
168.18639389159762,156.7848858881764,168.62042528141185,157.83661195947045,173.42805149564373,165.09129590197716,83.12608089640153,102.67058890955028,Vrikshasana,frame_0004.jpg
167.19226884640008,152.80336706480497,172.32047309778505,160.29989835157988,174.81761619687327,169.1845905915427,86.7373674212764,96.42560853298849,Vrikshasana,frame_0005.jpg
169.07794046183224,149.45536384321153,172.50270077327397,168.36445739161195,175.39489691676255,166.71753178181825,86.17536982966325,97.49946315294841,Vrikshasana,frame_0006.jpg
172.97944036573926,150.94144762526793,167.5724820673527,163.4972787195615,167.50972749280456,165.75094495485743,82.8853619762273,96.49073948080253,Vrikshasana,frame_0007.jpg
165.19597324643638,145.7152994727885,168.0438098936511,159.5579802159534,174.58011494883158,169.33557650457877,85.06286479631775,101.04203227552553,Vrikshasana,frame_0008.jpg
165.83473544236747,146.9037540338078,166.1958496879714,155.4776786541519,173.8687772137954,165.0716177754693,81.87367801774916,99.68866097016492,Vrikshasana,frame_0009.jpg
164.50303993031784,147.06981714332912,170.86477975356678,168.4393824036315,173.35622514950526,170.4491779177388,76.11867204473054,99.08235175022934,Vrikshasana,frame_0010.jpg
163.61383824882833,146.57369940407239,168.79954459754305,167.57238262870587,177.13773716223167,169.80757237245157,82.47801860046476,98.51082851403153,Vrikshasana,frame_0011.jpg
166.1954950933381,146.38626516859767,173.8331913406913,168.4549100612272,176.76035174927688,170.32644947308629,77.85759625275281,100.95070320056465,Vrikshasana,frame_0012.jpg
163.84654035930154,147.06085509009424,173.03199185518991,170.1583691574086,178.0191705479045,165.71749448563793,81.25974822266771,102.73025695163074,Vrikshasana,frame_0013.jpg
167.62012025684382,143.63665791619854,170.03378728907532,164.66757090929298,174.86182062362275,164.11956246302069,79.49130018041129,100.65018906758893,Vrikshasana,frame_0014.jpg
